datetime,location_name,day_of_week,event_day
2024-07-01 00:00:00,Sydney,0,0
2024-07-01 01:00:00,Sydney,0,0
2024-07-01 02:00:00,Sydney,0,0
2024-07-01 03:00:00,Sydney,0,0
2024-07-01 04:00:00,Sydney,0,0
2024-07-01 05:00:00,Sydney,0,0
2024-07-01 06:00:00,Sydney,0,0
2024-07-01 07:00:00,Sydney,0,0
2024-07-01 08:00:00,Sydney,0,0
2024-07-01 09:00:00,Sydney,0,0
2024-07-01 10:00:00,Sydney,0,0
2024-07-01 11:00:00,Sydney,0,0
2024-07-01 12:00:00,Sydney,0,0
2024-07-01 13:00:00,Sydney,0,0
2024-07-01 14:00:00,Sydney,0,0
2024-07-01 15:00:00,Sydney,0,0
2024-07-01 16:00:00,Sydney,0,0
2024-07-01 17:00:00,Sydney,0,0
2024-07-01 18:00:00,Sydney,0,0
2024-07-01 19:00:00,Sydney,0,0
2024-07-01 20:00:00,Sydney,0,0
2024-07-01 21:00:00,Sydney,0,0
2024-07-01 22:00:00,Sydney,0,0
2024-07-01 23:00:00,Sydney,0,0
2024-07-02 00:00:00,Sydney,1,0
2024-07-02 01:00:00,Sydney,1,0
2024-07-02 02:00:00,Sydney,1,0
2024-07-02 03:00:00,Sydney,1,0
2024-07-02 04:00:00,Sydney,1,0
2024-07-02 05:00:00,Sydney,1,0
2024-07-02 06:00:00,Sydney,1,0
2024-07-02 07:00:00,Sydney,1,0
2024-07-02 08:00:00,Sydney,1,0
2024-07-02 09:00:00,Sydney,1,0
2024-07-02 10:00:00,Sydney,1,0
2024-07-02 11:00:00,Sydney,1,0
2024-07-02 12:00:00,Sydney,1,0
2024-07-02 13:00:00,Sydney,1,0
2024-07-02 14:00:00,Sydney,1,0
2024-07-02 15:00:00,Sydney,1,0
2024-07-02 16:00:00,Sydney,1,0
2024-07-02 17:00:00,Sydney,1,0
2024-07-02 18:00:00,Sydney,1,0
2024-07-02 19:00:00,Sydney,1,0
2024-07-02 20:00:00,Sydney,1,0
2024-07-02 21:00:00,Sydney,1,0
2024-07-02 22:00:00,Sydney,1,0
2024-07-02 23:00:00,Sydney,1,0
2024-07-03 00:00:00,Sydney,2,1
2024-07-03 01:00:00,Sydney,2,1
2024-07-03 02:00:00,Sydney,2,1
2024-07-03 03:00:00,Sydney,2,1
2024-07-03 04:00:00,Sydney,2,1
2024-07-03 05:00:00,Sydney,2,1
2024-07-03 06:00:00,Sydney,2,1
2024-07-03 07:00:00,Sydney,2,1
2024-07-03 08:00:00,Sydney,2,1
2024-07-03 09:00:00,Sydney,2,1
2024-07-03 10:00:00,Sydney,2,1
2024-07-03 11:00:00,Sydney,2,1
2024-07-03 12:00:00,Sydney,2,1
2024-07-03 13:00:00,Sydney,2,1
2024-07-03 14:00:00,Sydney,2,1
2024-07-03 15:00:00,Sydney,2,1
2024-07-03 16:00:00,Sydney,2,1
2024-07-03 17:00:00,Sydney,2,1
2024-07-03 18:00:00,Sydney,2,1
2024-07-03 19:00:00,Sydney,2,1
2024-07-03 20:00:00,Sydney,2,1
2024-07-03 21:00:00,Sydney,2,1
2024-07-03 22:00:00,Sydney,2,1
2024-07-03 23:00:00,Sydney,2,1
2024-07-04 00:00:00,Sydney,3,1
2024-07-04 01:00:00,Sydney,3,1
2024-07-04 02:00:00,Sydney,3,1
2024-07-04 03:00:00,Sydney,3,1
2024-07-04 04:00:00,Sydney,3,1
2024-07-04 05:00:00,Sydney,3,1
2024-07-04 06:00:00,Sydney,3,1
2024-07-04 07:00:00,Sydney,3,1
2024-07-04 08:00:00,Sydney,3,1
2024-07-04 09:00:00,Sydney,3,1
2024-07-04 10:00:00,Sydney,3,1
2024-07-04 11:00:00,Sydney,3,1
2024-07-04 12:00:00,Sydney,3,1
2024-07-04 13:00:00,Sydney,3,1
2024-07-04 14:00:00,Sydney,3,1
2024-07-04 15:00:00,Sydney,3,1
2024-07-04 16:00:00,Sydney,3,1
2024-07-04 17:00:00,Sydney,3,1
2024-07-04 18:00:00,Sydney,3,1
2024-07-04 19:00:00,Sydney,3,1
2024-07-04 20:00:00,Sydney,3,1
2024-07-04 21:00:00,Sydney,3,1
2024-07-04 22:00:00,Sydney,3,1
2024-07-04 23:00:00,Sydney,3,1
2024-07-05 00:00:00,Sydney,4,1
2024-07-05 01:00:00,Sydney,4,1
2024-07-05 02:00:00,Sydney,4,1
2024-07-05 03:00:00,Sydney,4,1
2024-07-05 04:00:00,Sydney,4,1
2024-07-05 05:00:00,Sydney,4,1
2024-07-05 06:00:00,Sydney,4,1
2024-07-05 07:00:00,Sydney,4,1
2024-07-05 08:00:00,Sydney,4,1
2024-07-05 09:00:00,Sydney,4,1
2024-07-05 10:00:00,Sydney,4,1
2024-07-05 11:00:00,Sydney,4,1
2024-07-05 12:00:00,Sydney,4,1
2024-07-05 13:00:00,Sydney,4,1
2024-07-05 14:00:00,Sydney,4,1
2024-07-05 15:00:00,Sydney,4,1
2024-07-05 16:00:00,Sydney,4,1
2024-07-05 17:00:00,Sydney,4,1
2024-07-05 18:00:00,Sydney,4,1
2024-07-05 19:00:00,Sydney,4,1
2024-07-05 20:00:00,Sydney,4,1
2024-07-05 21:00:00,Sydney,4,1
2024-07-05 22:00:00,Sydney,4,1
2024-07-05 23:00:00,Sydney,4,1
2024-07-06 00:00:00,Sydney,5,1
2024-07-06 01:00:00,Sydney,5,1
2024-07-06 02:00:00,Sydney,5,1
2024-07-06 03:00:00,Sydney,5,1
2024-07-06 04:00:00,Sydney,5,1
2024-07-06 05:00:00,Sydney,5,1
2024-07-06 06:00:00,Sydney,5,1
2024-07-06 07:00:00,Sydney,5,1
2024-07-06 08:00:00,Sydney,5,1
2024-07-06 09:00:00,Sydney,5,1
2024-07-06 10:00:00,Sydney,5,1
2024-07-06 11:00:00,Sydney,5,1
2024-07-06 12:00:00,Sydney,5,1
2024-07-06 13:00:00,Sydney,5,1
2024-07-06 14:00:00,Sydney,5,1
2024-07-06 15:00:00,Sydney,5,1
2024-07-06 16:00:00,Sydney,5,1
2024-07-06 17:00:00,Sydney,5,1
2024-07-06 18:00:00,Sydney,5,1
2024-07-06 19:00:00,Sydney,5,1
2024-07-06 20:00:00,Sydney,5,1
2024-07-06 21:00:00,Sydney,5,1
2024-07-06 22:00:00,Sydney,5,1
2024-07-06 23:00:00,Sydney,5,1
2024-07-07 00:00:00,Sydney,6,0
2024-07-07 01:00:00,Sydney,6,0
2024-07-07 02:00:00,Sydney,6,0
2024-07-07 03:00:00,Sydney,6,0
2024-07-07 04:00:00,Sydney,6,0
2024-07-07 05:00:00,Sydney,6,0
2024-07-07 06:00:00,Sydney,6,0
2024-07-07 07:00:00,Sydney,6,0
2024-07-07 08:00:00,Sydney,6,0
2024-07-07 09:00:00,Sydney,6,0
2024-07-07 10:00:00,Sydney,6,0
2024-07-07 11:00:00,Sydney,6,0
2024-07-07 12:00:00,Sydney,6,0
2024-07-07 13:00:00,Sydney,6,0
2024-07-07 14:00:00,Sydney,6,0
2024-07-07 15:00:00,Sydney,6,0
2024-07-07 16:00:00,Sydney,6,0
2024-07-07 17:00:00,Sydney,6,0
2024-07-07 18:00:00,Sydney,6,0
2024-07-07 19:00:00,Sydney,6,0
2024-07-07 20:00:00,Sydney,6,0
2024-07-07 21:00:00,Sydney,6,0
2024-07-07 22:00:00,Sydney,6,0
2024-07-07 23:00:00,Sydney,6,0
2024-07-08 00:00:00,Sydney,0,0
2024-07-08 01:00:00,Sydney,0,0
2024-07-08 02:00:00,Sydney,0,0
2024-07-08 03:00:00,Sydney,0,0
2024-07-08 04:00:00,Sydney,0,0
2024-07-08 05:00:00,Sydney,0,0
2024-07-08 06:00:00,Sydney,0,0
2024-07-08 07:00:00,Sydney,0,0
2024-07-08 08:00:00,Sydney,0,0
2024-07-08 09:00:00,Sydney,0,0
2024-07-08 10:00:00,Sydney,0,0
2024-07-08 11:00:00,Sydney,0,0
2024-07-08 12:00:00,Sydney,0,0
2024-07-08 13:00:00,Sydney,0,0
2024-07-08 14:00:00,Sydney,0,0
2024-07-08 15:00:00,Sydney,0,0
2024-07-08 16:00:00,Sydney,0,0
2024-07-08 17:00:00,Sydney,0,0
2024-07-08 18:00:00,Sydney,0,0
2024-07-08 19:00:00,Sydney,0,0
2024-07-08 20:00:00,Sydney,0,0
2024-07-08 21:00:00,Sydney,0,0
2024-07-08 22:00:00,Sydney,0,0
2024-07-08 23:00:00,Sydney,0,0
2024-07-09 00:00:00,Sydney,1,0
2024-07-09 01:00:00,Sydney,1,0
2024-07-09 02:00:00,Sydney,1,0
2024-07-09 03:00:00,Sydney,1,0
2024-07-09 04:00:00,Sydney,1,0
2024-07-09 05:00:00,Sydney,1,0
2024-07-09 06:00:00,Sydney,1,0
2024-07-09 07:00:00,Sydney,1,0
2024-07-09 08:00:00,Sydney,1,0
2024-07-09 09:00:00,Sydney,1,0
2024-07-09 10:00:00,Sydney,1,0
2024-07-09 11:00:00,Sydney,1,0
2024-07-09 12:00:00,Sydney,1,0
2024-07-09 13:00:00,Sydney,1,0
2024-07-09 14:00:00,Sydney,1,0
2024-07-09 15:00:00,Sydney,1,0
2024-07-09 16:00:00,Sydney,1,0
2024-07-09 17:00:00,Sydney,1,0
2024-07-09 18:00:00,Sydney,1,0
2024-07-09 19:00:00,Sydney,1,0
2024-07-09 20:00:00,Sydney,1,0
2024-07-09 21:00:00,Sydney,1,0
2024-07-09 22:00:00,Sydney,1,0
2024-07-09 23:00:00,Sydney,1,0
2024-07-01 00:00:00,Melbourne,0,0
2024-07-01 01:00:00,Melbourne,0,0
2024-07-01 02:00:00,Melbourne,0,0
2024-07-01 03:00:00,Melbourne,0,0
2024-07-01 04:00:00,Melbourne,0,0
2024-07-01 05:00:00,Melbourne,0,0
2024-07-01 06:00:00,Melbourne,0,0
2024-07-01 07:00:00,Melbourne,0,0
2024-07-01 08:00:00,Melbourne,0,0
2024-07-01 09:00:00,Melbourne,0,0
2024-07-01 10:00:00,Melbourne,0,0
2024-07-01 11:00:00,Melbourne,0,0
2024-07-01 12:00:00,Melbourne,0,0
2024-07-01 13:00:00,Melbourne,0,0
2024-07-01 14:00:00,Melbourne,0,0
2024-07-01 15:00:00,Melbourne,0,0
2024-07-01 16:00:00,Melbourne,0,0
2024-07-01 17:00:00,Melbourne,0,0
2024-07-01 18:00:00,Melbourne,0,0
2024-07-01 19:00:00,Melbourne,0,0
2024-07-01 20:00:00,Melbourne,0,0
2024-07-01 21:00:00,Melbourne,0,0
2024-07-01 22:00:00,Melbourne,0,0
2024-07-01 23:00:00,Melbourne,0,0
2024-07-02 00:00:00,Melbourne,1,0
2024-07-02 01:00:00,Melbourne,1,0
2024-07-02 02:00:00,Melbourne,1,0
2024-07-02 03:00:00,Melbourne,1,0
2024-07-02 04:00:00,Melbourne,1,0
2024-07-02 05:00:00,Melbourne,1,0
2024-07-02 06:00:00,Melbourne,1,0
2024-07-02 07:00:00,Melbourne,1,0
2024-07-02 08:00:00,Melbourne,1,0
2024-07-02 09:00:00,Melbourne,1,0
2024-07-02 10:00:00,Melbourne,1,0
2024-07-02 11:00:00,Melbourne,1,0
2024-07-02 12:00:00,Melbourne,1,0
2024-07-02 13:00:00,Melbourne,1,0
2024-07-02 14:00:00,Melbourne,1,0
2024-07-02 15:00:00,Melbourne,1,0
2024-07-02 16:00:00,Melbourne,1,0
2024-07-02 17:00:00,Melbourne,1,0
2024-07-02 18:00:00,Melbourne,1,0
2024-07-02 19:00:00,Melbourne,1,0
2024-07-02 20:00:00,Melbourne,1,0
2024-07-02 21:00:00,Melbourne,1,0
2024-07-02 22:00:00,Melbourne,1,0
2024-07-02 23:00:00,Melbourne,1,0
2024-07-03 00:00:00,Melbourne,2,1
2024-07-03 01:00:00,Melbourne,2,1
2024-07-03 02:00:00,Melbourne,2,1
2024-07-03 03:00:00,Melbourne,2,1
2024-07-03 04:00:00,Melbourne,2,1
2024-07-03 05:00:00,Melbourne,2,1
2024-07-03 06:00:00,Melbourne,2,1
2024-07-03 07:00:00,Melbourne,2,1
2024-07-03 08:00:00,Melbourne,2,1
2024-07-03 09:00:00,Melbourne,2,1
2024-07-03 10:00:00,Melbourne,2,1
2024-07-03 11:00:00,Melbourne,2,1
2024-07-03 12:00:00,Melbourne,2,1
2024-07-03 13:00:00,Melbourne,2,1
2024-07-03 14:00:00,Melbourne,2,1
2024-07-03 15:00:00,Melbourne,2,1
2024-07-03 16:00:00,Melbourne,2,1
2024-07-03 17:00:00,Melbourne,2,1
2024-07-03 18:00:00,Melbourne,2,1
2024-07-03 19:00:00,Melbourne,2,1
2024-07-03 20:00:00,Melbourne,2,1
2024-07-03 21:00:00,Melbourne,2,1
2024-07-03 22:00:00,Melbourne,2,1
2024-07-03 23:00:00,Melbourne,2,1
2024-07-04 00:00:00,Melbourne,3,0
2024-07-04 01:00:00,Melbourne,3,0
2024-07-04 02:00:00,Melbourne,3,0
2024-07-04 03:00:00,Melbourne,3,0
2024-07-04 04:00:00,Melbourne,3,0
2024-07-04 05:00:00,Melbourne,3,0
2024-07-04 06:00:00,Melbourne,3,0
2024-07-04 07:00:00,Melbourne,3,0
2024-07-04 08:00:00,Melbourne,3,0
2024-07-04 09:00:00,Melbourne,3,0
2024-07-04 10:00:00,Melbourne,3,0
2024-07-04 11:00:00,Melbourne,3,0
2024-07-04 12:00:00,Melbourne,3,0
2024-07-04 13:00:00,Melbourne,3,0
2024-07-04 14:00:00,Melbourne,3,0
2024-07-04 15:00:00,Melbourne,3,0
2024-07-04 16:00:00,Melbourne,3,0
2024-07-04 17:00:00,Melbourne,3,0
2024-07-04 18:00:00,Melbourne,3,0
2024-07-04 19:00:00,Melbourne,3,0
2024-07-04 20:00:00,Melbourne,3,0
2024-07-04 21:00:00,Melbourne,3,0
2024-07-04 22:00:00,Melbourne,3,0
2024-07-04 23:00:00,Melbourne,3,0
2024-07-05 00:00:00,Melbourne,4,0
2024-07-05 01:00:00,Melbourne,4,0
2024-07-05 02:00:00,Melbourne,4,0
2024-07-05 03:00:00,Melbourne,4,0
2024-07-05 04:00:00,Melbourne,4,0
2024-07-05 05:00:00,Melbourne,4,0
2024-07-05 06:00:00,Melbourne,4,0
2024-07-05 07:00:00,Melbourne,4,0
2024-07-05 08:00:00,Melbourne,4,0
2024-07-05 09:00:00,Melbourne,4,0
2024-07-05 10:00:00,Melbourne,4,0
2024-07-05 11:00:00,Melbourne,4,0
2024-07-05 12:00:00,Melbourne,4,0
2024-07-05 13:00:00,Melbourne,4,0
2024-07-05 14:00:00,Melbourne,4,0
2024-07-05 15:00:00,Melbourne,4,0
2024-07-05 16:00:00,Melbourne,4,0
2024-07-05 17:00:00,Melbourne,4,0
2024-07-05 18:00:00,Melbourne,4,0
2024-07-05 19:00:00,Melbourne,4,0
2024-07-05 20:00:00,Melbourne,4,0
2024-07-05 21:00:00,Melbourne,4,0
2024-07-05 22:00:00,Melbourne,4,0
2024-07-05 23:00:00,Melbourne,4,0
2024-07-06 00:00:00,Melbourne,5,1
2024-07-06 01:00:00,Melbourne,5,1
2024-07-06 02:00:00,Melbourne,5,1
2024-07-06 03:00:00,Melbourne,5,1
2024-07-06 04:00:00,Melbourne,5,1
2024-07-06 05:00:00,Melbourne,5,1
2024-07-06 06:00:00,Melbourne,5,1
2024-07-06 07:00:00,Melbourne,5,1
2024-07-06 08:00:00,Melbourne,5,1
2024-07-06 09:00:00,Melbourne,5,1
2024-07-06 10:00:00,Melbourne,5,1
2024-07-06 11:00:00,Melbourne,5,1
2024-07-06 12:00:00,Melbourne,5,1
2024-07-06 13:00:00,Melbourne,5,1
2024-07-06 14:00:00,Melbourne,5,1
2024-07-06 15:00:00,Melbourne,5,1
2024-07-06 16:00:00,Melbourne,5,1
2024-07-06 17:00:00,Melbourne,5,1
2024-07-06 18:00:00,Melbourne,5,1
2024-07-06 19:00:00,Melbourne,5,1
2024-07-06 20:00:00,Melbourne,5,1
2024-07-06 21:00:00,Melbourne,5,1
2024-07-06 22:00:00,Melbourne,5,1
2024-07-06 23:00:00,Melbourne,5,1
2024-07-07 00:00:00,Melbourne,6,1
2024-07-07 01:00:00,Melbourne,6,1
2024-07-07 02:00:00,Melbourne,6,1
2024-07-07 03:00:00,Melbourne,6,1
2024-07-07 04:00:00,Melbourne,6,1
2024-07-07 05:00:00,Melbourne,6,1
2024-07-07 06:00:00,Melbourne,6,1
2024-07-07 07:00:00,Melbourne,6,1
2024-07-07 08:00:00,Melbourne,6,1
2024-07-07 09:00:00,Melbourne,6,1
2024-07-07 10:00:00,Melbourne,6,1
2024-07-07 11:00:00,Melbourne,6,1
2024-07-07 12:00:00,Melbourne,6,1
2024-07-07 13:00:00,Melbourne,6,1
2024-07-07 14:00:00,Melbourne,6,1
2024-07-07 15:00:00,Melbourne,6,1
2024-07-07 16:00:00,Melbourne,6,1
2024-07-07 17:00:00,Melbourne,6,1
2024-07-07 18:00:00,Melbourne,6,1
2024-07-07 19:00:00,Melbourne,6,1
2024-07-07 20:00:00,Melbourne,6,1
2024-07-07 21:00:00,Melbourne,6,1
2024-07-07 22:00:00,Melbourne,6,1
2024-07-07 23:00:00,Melbourne,6,1
2024-07-08 00:00:00,Melbourne,0,0
2024-07-08 01:00:00,Melbourne,0,0
2024-07-08 02:00:00,Melbourne,0,0
2024-07-08 03:00:00,Melbourne,0,0
2024-07-08 04:00:00,Melbourne,0,0
2024-07-08 05:00:00,Melbourne,0,0
2024-07-08 06:00:00,Melbourne,0,0
2024-07-08 07:00:00,Melbourne,0,0
2024-07-08 08:00:00,Melbourne,0,0
2024-07-08 09:00:00,Melbourne,0,0
2024-07-08 10:00:00,Melbourne,0,0
2024-07-08 11:00:00,Melbourne,0,0
2024-07-08 12:00:00,Melbourne,0,0
2024-07-08 13:00:00,Melbourne,0,0
2024-07-08 14:00:00,Melbourne,0,0
2024-07-08 15:00:00,Melbourne,0,0
2024-07-08 16:00:00,Melbourne,0,0
2024-07-08 17:00:00,Melbourne,0,0
2024-07-08 18:00:00,Melbourne,0,0
2024-07-08 19:00:00,Melbourne,0,0
2024-07-08 20:00:00,Melbourne,0,0
2024-07-08 21:00:00,Melbourne,0,0
2024-07-08 22:00:00,Melbourne,0,0
2024-07-08 23:00:00,Melbourne,0,0
2024-07-09 00:00:00,Melbourne,1,0
2024-07-09 01:00:00,Melbourne,1,0
2024-07-09 02:00:00,Melbourne,1,0
2024-07-09 03:00:00,Melbourne,1,0
2024-07-09 04:00:00,Melbourne,1,0
2024-07-09 05:00:00,Melbourne,1,0
2024-07-09 06:00:00,Melbourne,1,0
2024-07-09 07:00:00,Melbourne,1,0
2024-07-09 08:00:00,Melbourne,1,0
2024-07-09 09:00:00,Melbourne,1,0
2024-07-09 10:00:00,Melbourne,1,0
2024-07-09 11:00:00,Melbourne,1,0
2024-07-09 12:00:00,Melbourne,1,0
2024-07-09 13:00:00,Melbourne,1,0
2024-07-09 14:00:00,Melbourne,1,0
2024-07-09 15:00:00,Melbourne,1,0
2024-07-09 16:00:00,Melbourne,1,0
2024-07-09 17:00:00,Melbourne,1,0
2024-07-09 18:00:00,Melbourne,1,0
2024-07-09 19:00:00,Melbourne,1,0
2024-07-09 20:00:00,Melbourne,1,0
2024-07-09 21:00:00,Melbourne,1,0
2024-07-09 22:00:00,Melbourne,1,0
2024-07-09 23:00:00,Melbourne,1,0
2024-07-01 00:00:00,Brisbane,0,0
2024-07-01 01:00:00,Brisbane,0,0
2024-07-01 02:00:00,Brisbane,0,0
2024-07-01 03:00:00,Brisbane,0,0
2024-07-01 04:00:00,Brisbane,0,0
2024-07-01 05:00:00,Brisbane,0,0
2024-07-01 06:00:00,Brisbane,0,0
2024-07-01 07:00:00,Brisbane,0,0
2024-07-01 08:00:00,Brisbane,0,0
2024-07-01 09:00:00,Brisbane,0,0
2024-07-01 10:00:00,Brisbane,0,0
2024-07-01 11:00:00,Brisbane,0,0
2024-07-01 12:00:00,Brisbane,0,0
2024-07-01 13:00:00,Brisbane,0,0
2024-07-01 14:00:00,Brisbane,0,0
2024-07-01 15:00:00,Brisbane,0,0
2024-07-01 16:00:00,Brisbane,0,0
2024-07-01 17:00:00,Brisbane,0,0
2024-07-01 18:00:00,Brisbane,0,0
2024-07-01 19:00:00,Brisbane,0,0
2024-07-01 20:00:00,Brisbane,0,0
2024-07-01 21:00:00,Brisbane,0,0
2024-07-01 22:00:00,Brisbane,0,0
2024-07-01 23:00:00,Brisbane,0,0
2024-07-02 00:00:00,Brisbane,1,1
2024-07-02 01:00:00,Brisbane,1,1
2024-07-02 02:00:00,Brisbane,1,1
2024-07-02 03:00:00,Brisbane,1,1
2024-07-02 04:00:00,Brisbane,1,1
2024-07-02 05:00:00,Brisbane,1,1
2024-07-02 06:00:00,Brisbane,1,1
2024-07-02 07:00:00,Brisbane,1,1
2024-07-02 08:00:00,Brisbane,1,1
2024-07-02 09:00:00,Brisbane,1,1
2024-07-02 10:00:00,Brisbane,1,1
2024-07-02 11:00:00,Brisbane,1,1
2024-07-02 12:00:00,Brisbane,1,1
2024-07-02 13:00:00,Brisbane,1,1
2024-07-02 14:00:00,Brisbane,1,1
2024-07-02 15:00:00,Brisbane,1,1
2024-07-02 16:00:00,Brisbane,1,1
2024-07-02 17:00:00,Brisbane,1,1
2024-07-02 18:00:00,Brisbane,1,1
2024-07-02 19:00:00,Brisbane,1,1
2024-07-02 20:00:00,Brisbane,1,1
2024-07-02 21:00:00,Brisbane,1,1
2024-07-02 22:00:00,Brisbane,1,1
2024-07-02 23:00:00,Brisbane,1,1
2024-07-03 00:00:00,Brisbane,2,0
2024-07-03 01:00:00,Brisbane,2,0
2024-07-03 02:00:00,Brisbane,2,0
2024-07-03 03:00:00,Brisbane,2,0
2024-07-03 04:00:00,Brisbane,2,0
2024-07-03 05:00:00,Brisbane,2,0
2024-07-03 06:00:00,Brisbane,2,0
2024-07-03 07:00:00,Brisbane,2,0
2024-07-03 08:00:00,Brisbane,2,0
2024-07-03 09:00:00,Brisbane,2,0
2024-07-03 10:00:00,Brisbane,2,0
2024-07-03 11:00:00,Brisbane,2,0
2024-07-03 12:00:00,Brisbane,2,0
2024-07-03 13:00:00,Brisbane,2,0
2024-07-03 14:00:00,Brisbane,2,0
2024-07-03 15:00:00,Brisbane,2,0
2024-07-03 16:00:00,Brisbane,2,0
2024-07-03 17:00:00,Brisbane,2,0
2024-07-03 18:00:00,Brisbane,2,0
2024-07-03 19:00:00,Brisbane,2,0
2024-07-03 20:00:00,Brisbane,2,0
2024-07-03 21:00:00,Brisbane,2,0
2024-07-03 22:00:00,Brisbane,2,0
2024-07-03 23:00:00,Brisbane,2,0
2024-07-04 00:00:00,Brisbane,3,0
2024-07-04 01:00:00,Brisbane,3,0
2024-07-04 02:00:00,Brisbane,3,0
2024-07-04 03:00:00,Brisbane,3,0
2024-07-04 04:00:00,Brisbane,3,0
2024-07-04 05:00:00,Brisbane,3,0
2024-07-04 06:00:00,Brisbane,3,0
2024-07-04 07:00:00,Brisbane,3,0
2024-07-04 08:00:00,Brisbane,3,0
2024-07-04 09:00:00,Brisbane,3,0
2024-07-04 10:00:00,Brisbane,3,0
2024-07-04 11:00:00,Brisbane,3,0
2024-07-04 12:00:00,Brisbane,3,0
2024-07-04 13:00:00,Brisbane,3,0
2024-07-04 14:00:00,Brisbane,3,0
2024-07-04 15:00:00,Brisbane,3,0
2024-07-04 16:00:00,Brisbane,3,0
2024-07-04 17:00:00,Brisbane,3,0
2024-07-04 18:00:00,Brisbane,3,0
2024-07-04 19:00:00,Brisbane,3,0
2024-07-04 20:00:00,Brisbane,3,0
2024-07-04 21:00:00,Brisbane,3,0
2024-07-04 22:00:00,Brisbane,3,0
2024-07-04 23:00:00,Brisbane,3,0
2024-07-05 00:00:00,Brisbane,4,0
2024-07-05 01:00:00,Brisbane,4,0
2024-07-05 02:00:00,Brisbane,4,0
2024-07-05 03:00:00,Brisbane,4,0
2024-07-05 04:00:00,Brisbane,4,0
2024-07-05 05:00:00,Brisbane,4,0
2024-07-05 06:00:00,Brisbane,4,0
2024-07-05 07:00:00,Brisbane,4,0
2024-07-05 08:00:00,Brisbane,4,0
2024-07-05 09:00:00,Brisbane,4,0
2024-07-05 10:00:00,Brisbane,4,0
2024-07-05 11:00:00,Brisbane,4,0
2024-07-05 12:00:00,Brisbane,4,0
2024-07-05 13:00:00,Brisbane,4,0
2024-07-05 14:00:00,Brisbane,4,0
2024-07-05 15:00:00,Brisbane,4,0
2024-07-05 16:00:00,Brisbane,4,0
2024-07-05 17:00:00,Brisbane,4,0
2024-07-05 18:00:00,Brisbane,4,0
2024-07-05 19:00:00,Brisbane,4,0
2024-07-05 20:00:00,Brisbane,4,0
2024-07-05 21:00:00,Brisbane,4,0
2024-07-05 22:00:00,Brisbane,4,0
2024-07-05 23:00:00,Brisbane,4,0
2024-07-06 00:00:00,Brisbane,5,0
2024-07-06 01:00:00,Brisbane,5,0
2024-07-06 02:00:00,Brisbane,5,0
2024-07-06 03:00:00,Brisbane,5,0
2024-07-06 04:00:00,Brisbane,5,0
2024-07-06 05:00:00,Brisbane,5,0
2024-07-06 06:00:00,Brisbane,5,0
2024-07-06 07:00:00,Brisbane,5,0
2024-07-06 08:00:00,Brisbane,5,0
2024-07-06 09:00:00,Brisbane,5,0
2024-07-06 10:00:00,Brisbane,5,0
2024-07-06 11:00:00,Brisbane,5,0
2024-07-06 12:00:00,Brisbane,5,0
2024-07-06 13:00:00,Brisbane,5,0
2024-07-06 14:00:00,Brisbane,5,0
2024-07-06 15:00:00,Brisbane,5,0
2024-07-06 16:00:00,Brisbane,5,0
2024-07-06 17:00:00,Brisbane,5,0
2024-07-06 18:00:00,Brisbane,5,0
2024-07-06 19:00:00,Brisbane,5,0
2024-07-06 20:00:00,Brisbane,5,0
2024-07-06 21:00:00,Brisbane,5,0
2024-07-06 22:00:00,Brisbane,5,0
2024-07-06 23:00:00,Brisbane,5,0
2024-07-07 00:00:00,Brisbane,6,1
2024-07-07 01:00:00,Brisbane,6,1
2024-07-07 02:00:00,Brisbane,6,1
2024-07-07 03:00:00,Brisbane,6,1
2024-07-07 04:00:00,Brisbane,6,1
2024-07-07 05:00:00,Brisbane,6,1
2024-07-07 06:00:00,Brisbane,6,1
2024-07-07 07:00:00,Brisbane,6,1
2024-07-07 08:00:00,Brisbane,6,1
2024-07-07 09:00:00,Brisbane,6,1
2024-07-07 10:00:00,Brisbane,6,1
2024-07-07 11:00:00,Brisbane,6,1
2024-07-07 12:00:00,Brisbane,6,1
2024-07-07 13:00:00,Brisbane,6,1
2024-07-07 14:00:00,Brisbane,6,1
2024-07-07 15:00:00,Brisbane,6,1
2024-07-07 16:00:00,Brisbane,6,1
2024-07-07 17:00:00,Brisbane,6,1
2024-07-07 18:00:00,Brisbane,6,1
2024-07-07 19:00:00,Brisbane,6,1
2024-07-07 20:00:00,Brisbane,6,1
2024-07-07 21:00:00,Brisbane,6,1
2024-07-07 22:00:00,Brisbane,6,1
2024-07-07 23:00:00,Brisbane,6,1
2024-07-08 00:00:00,Brisbane,0,1
2024-07-08 01:00:00,Brisbane,0,1
2024-07-08 02:00:00,Brisbane,0,1
2024-07-08 03:00:00,Brisbane,0,1
2024-07-08 04:00:00,Brisbane,0,1
2024-07-08 05:00:00,Brisbane,0,1
2024-07-08 06:00:00,Brisbane,0,1
2024-07-08 07:00:00,Brisbane,0,1
2024-07-08 08:00:00,Brisbane,0,1
2024-07-08 09:00:00,Brisbane,0,1
2024-07-08 10:00:00,Brisbane,0,1
2024-07-08 11:00:00,Brisbane,0,1
2024-07-08 12:00:00,Brisbane,0,1
2024-07-08 13:00:00,Brisbane,0,1
2024-07-08 14:00:00,Brisbane,0,1
2024-07-08 15:00:00,Brisbane,0,1
2024-07-08 16:00:00,Brisbane,0,1
2024-07-08 17:00:00,Brisbane,0,1
2024-07-08 18:00:00,Brisbane,0,1
2024-07-08 19:00:00,Brisbane,0,1
2024-07-08 20:00:00,Brisbane,0,1
2024-07-08 21:00:00,Brisbane,0,1
2024-07-08 22:00:00,Brisbane,0,1
2024-07-08 23:00:00,Brisbane,0,1
2024-07-09 00:00:00,Brisbane,1,1
2024-07-09 01:00:00,Brisbane,1,1
2024-07-09 02:00:00,Brisbane,1,1
2024-07-09 03:00:00,Brisbane,1,1
2024-07-09 04:00:00,Brisbane,1,1
2024-07-09 05:00:00,Brisbane,1,1
2024-07-09 06:00:00,Brisbane,1,1
2024-07-09 07:00:00,Brisbane,1,1
2024-07-09 08:00:00,Brisbane,1,1
2024-07-09 09:00:00,Brisbane,1,1
2024-07-09 10:00:00,Brisbane,1,1
2024-07-09 11:00:00,Brisbane,1,1
2024-07-09 12:00:00,Brisbane,1,1
2024-07-09 13:00:00,Brisbane,1,1
2024-07-09 14:00:00,Brisbane,1,1
2024-07-09 15:00:00,Brisbane,1,1
2024-07-09 16:00:00,Brisbane,1,1
2024-07-09 17:00:00,Brisbane,1,1
2024-07-09 18:00:00,Brisbane,1,1
2024-07-09 19:00:00,Brisbane,1,1
2024-07-09 20:00:00,Brisbane,1,1
2024-07-09 21:00:00,Brisbane,1,1
2024-07-09 22:00:00,Brisbane,1,1
2024-07-09 23:00:00,Brisbane,1,1
