date,revenue,discount_rate,coupon_rate
1/1/2018,"6,270,839",34.27%,1.09%
2/1/2018,"8,922,076",30.87%,1.08%
3/1/2018,"8,446,101",28.11%,1.01%
4/1/2018,"7,785,798",27.32%,0.96%
5/1/2018,"6,375,303",25.70%,0.90%
6/1/2018,"6,095,418",25.02%,0.87%
7/1/2018,"7,661,844",25.33%,1.06%
8/1/2018,"7,036,112",24.83%,1.03%
9/1/2018,"7,100,900",25.11%,1.00%
10/1/2018,"7,148,865",25.16%,0.91%
11/1/2018,"7,013,113",26.55%,0.90%
12/1/2018,"6,094,297",25.81%,0.94%
13/1/2018,"5,647,838",23.46%,0.93%
14/1/2018,"7,377,005",23.76%,1.11%
15/1/2018,"6,736,977",24.39%,0.99%
16/1/2018,"7,194,062",26.07%,0.98%
17/1/2018,"7,124,206",24.64%,0.93%
18/1/2018,"6,670,106",24.99%,0.93%
19/1/2018,"5,805,801",25.60%,0.98%
20/1/2018,"5,792,547",24.79%,0.95%
21/1/2018,"7,430,284",23.32%,1.07%
22/1/2018,"6,538,657",23.36%,1.02%
23/1/2018,"6,973,820",27.27%,1.05%
24/1/2018,"6,555,452",25.33%,0.93%
25/1/2018,"6,199,426",25.37%,0.92%
26/1/2018,"7,464,262",29.88%,7.90%
27/1/2018,"6,570,872",26.94%,6.65%
28/1/2018,"9,382,441",26.40%,7.30%
29/1/2018,"5,902,767",20.10%,0.95%
30/1/2018,"6,047,600",20.12%,0.89%
31/1/2018,"6,460,824",20.34%,0.91%
1/2/2018,"6,108,498",20.17%,0.83%
2/2/2018,"5,203,061",19.23%,0.85%
3/2/2018,"5,445,384",18.19%,0.85%
4/2/2018,"6,537,030",14.86%,1.01%
5/2/2018,"6,024,455",19.39%,0.98%
6/2/2018,"6,430,525",19.23%,0.91%
7/2/2018,"5,934,381",18.51%,0.86%
8/2/2018,"5,890,259",22.04%,0.90%
9/2/2018,"5,648,454",24.59%,0.93%
10/2/2018,"5,153,653",21.47%,0.92%
11/2/2018,"6,477,649",18.89%,1.08%
12/2/2018,"5,914,438",19.79%,1.11%
13/2/2018,"5,975,411",23.59%,0.97%
14/2/2018,"5,918,666",20.16%,0.93%
15/2/2018,"6,468,033",23.48%,0.87%
16/2/2018,"5,431,671",23.00%,0.86%
17/2/2018,"5,788,163",21.08%,0.89%
18/2/2018,"6,766,567",17.84%,1.01%
19/2/2018,"6,225,450",19.65%,1.01%
20/2/2018,"6,278,211",18.91%,0.92%
21/2/2018,"6,497,016",22.81%,0.95%
22/2/2018,"6,260,193",21.31%,0.91%
23/2/2018,"5,233,502",20.64%,0.90%
24/2/2018,"5,751,533",24.10%,1.02%
25/2/2018,"7,286,600",18.36%,1.35%
26/2/2018,"6,221,031",15.40%,1.03%
27/2/2018,"6,777,082",18.72%,1.00%
28/2/2018,"6,875,978",17.32%,1.18%
1/3/2018,"6,941,968",18.01%,1.36%
2/3/2018,"6,042,518",17.33%,1.44%
3/3/2018,"6,368,153",15.67%,1.48%
4/3/2018,"8,294,406",14.38%,1.67%
5/3/2018,"7,119,386",14.25%,1.56%
6/3/2018,"7,426,038",15.54%,1.41%
7/3/2018,"8,068,561",16.55%,1.28%
8/3/2018,"6,930,138",15.15%,1.22%
9/3/2018,"7,086,706",12.43%,4.89%
10/3/2018,"7,827,741",11.79%,5.48%
11/3/2018,"11,719,496",8.89%,7.06%
12/3/2018,"7,291,120",10.41%,1.38%
13/3/2018,"7,390,332",13.57%,1.18%
14/3/2018,"7,750,793",13.64%,1.19%
15/3/2018,"7,071,170",14.00%,1.09%
16/3/2018,"6,524,949",14.28%,1.06%
17/3/2018,"6,954,426",13.95%,0.88%
18/3/2018,"8,688,810",11.03%,1.11%
19/3/2018,"7,237,749",12.26%,1.03%
20/3/2018,"6,869,713",11.53%,0.97%
21/3/2018,"7,146,951",12.30%,0.98%
22/3/2018,"7,262,396",14.31%,0.95%
23/3/2018,"6,723,698",16.34%,0.90%
24/3/2018,"6,832,878",15.61%,0.89%
25/3/2018,"9,126,037",13.48%,1.16%
26/3/2018,"8,267,878",12.86%,1.15%
27/3/2018,"7,604,677",13.32%,1.03%
28/3/2018,"6,923,463",13.54%,0.94%
29/3/2018,"6,030,032",13.69%,0.89%
30/3/2018,"6,012,156",12.97%,0.98%
31/3/2018,"5,674,855",12.11%,1.12%
1/4/2018,"5,917,714",11.39%,1.06%
2/4/2018,"7,403,582",10.32%,0.90%
3/4/2018,"7,886,915",11.33%,0.70%
4/4/2018,"7,717,320",9.33%,0.63%
5/4/2018,"7,682,788",11.11%,0.66%
6/4/2018,"6,567,255",11.04%,0.66%
7/4/2018,"6,201,919",11.11%,0.63%
8/4/2018,"10,544,111",12.47%,0.92%
9/4/2018,"9,937,207",12.15%,0.98%
10/4/2018,"9,492,506",12.24%,0.90%
11/4/2018,"9,672,925",13.55%,0.79%
12/4/2018,"8,795,241",13.09%,0.81%
13/4/2018,"7,480,508",13.18%,0.79%
14/4/2018,"7,287,952",13.59%,0.78%
15/4/2018,"10,944,709",13.43%,1.06%
16/4/2018,"9,885,508",13.64%,1.03%
17/4/2018,"9,208,247",12.44%,0.91%
18/4/2018,"9,587,954",15.56%,0.82%
19/4/2018,"9,063,184",13.44%,0.86%
20/4/2018,"7,441,788",12.93%,0.97%
21/4/2018,"7,163,238",11.94%,1.02%
22/4/2018,"10,860,304",11.33%,1.33%
23/4/2018,"10,253,246",13.00%,1.13%
24/4/2018,"9,130,832",12.08%,1.07%
25/4/2018,"8,136,607",9.72%,0.95%
26/4/2018,"7,372,851",10.56%,0.90%
27/4/2018,"6,614,114",21.57%,1.21%
28/4/2018,"6,023,684",15.75%,1.01%
29/4/2018,"7,693,851",9.28%,1.22%
30/4/2018,"7,240,527",11.07%,1.15%
1/5/2018,"8,794,546",10.88%,0.82%
2/5/2018,"7,629,467",9.81%,0.73%
3/5/2018,"7,651,845",10.25%,0.76%
4/5/2018,"6,521,916",10.88%,0.74%
5/5/2018,"6,113,709",9.53%,0.69%
6/5/2018,"8,523,340",9.28%,0.97%
7/5/2018,"8,238,335",11.09%,0.95%
8/5/2018,"8,058,452",12.05%,0.91%
9/5/2018,"7,064,272",13.81%,0.75%
10/5/2018,"7,985,805",12.62%,0.72%
11/5/2018,"6,227,741",10.94%,0.72%
12/5/2018,"5,539,695",11.11%,0.67%
13/5/2018,"7,932,697",11.29%,0.92%
14/5/2018,"7,632,371",9.80%,0.89%
15/5/2018,"8,269,616",12.88%,0.85%
16/5/2018,"8,445,220",14.77%,0.75%
17/5/2018,"7,513,102",14.95%,0.76%
18/5/2018,"5,711,627",13.89%,0.71%
19/5/2018,"5,282,308",13.74%,0.67%
20/5/2018,"6,136,823",13.91%,0.77%
21/5/2018,"7,478,776",12.18%,0.83%
22/5/2018,"7,419,569",11.46%,0.79%
23/5/2018,"7,670,434",11.30%,0.79%
24/5/2018,"7,116,036",10.60%,0.80%
25/5/2018,"6,002,974",10.11%,0.82%
26/5/2018,"5,765,979",9.38%,0.70%
27/5/2018,"8,139,172",9.14%,0.91%
28/5/2018,"7,877,985",7.93%,0.86%
29/5/2018,"7,827,662",9.85%,0.81%
30/5/2018,"7,488,099",10.08%,0.72%
31/5/2018,"8,015,333",10.77%,0.74%
1/6/2018,"6,372,930",10.63%,0.68%
2/6/2018,"6,147,303",12.17%,0.71%
3/6/2018,"8,839,785",12.74%,0.79%
4/6/2018,"8,558,057",11.40%,0.77%
5/6/2018,"8,021,249",10.16%,0.71%
6/6/2018,"8,245,644",11.52%,0.66%
7/6/2018,"7,438,362",10.84%,0.64%
8/6/2018,"6,448,148",12.42%,0.63%
9/6/2018,"6,298,184",12.93%,0.61%
10/6/2018,"8,393,132",12.18%,0.80%
11/6/2018,"8,109,952",13.18%,0.80%
12/6/2018,"7,591,195",12.64%,0.72%
13/6/2018,"7,625,840",13.64%,0.67%
14/6/2018,"7,070,696",13.67%,0.63%
15/6/2018,"5,950,723",14.98%,0.67%
16/6/2018,"5,707,027",13.88%,0.62%
17/6/2018,"9,274,344",19.30%,0.81%
18/6/2018,"9,237,462",20.03%,0.79%
19/6/2018,"8,593,103",18.83%,0.78%
20/6/2018,"8,429,281",19.27%,0.72%
21/6/2018,"7,731,664",20.40%,0.72%
22/6/2018,"6,536,234",22.18%,0.73%
23/6/2018,"6,130,059",22.30%,0.65%
24/6/2018,"9,358,415",23.69%,0.75%
25/6/2018,"8,183,974",21.57%,0.73%
26/6/2018,"8,455,154",23.96%,0.69%
27/6/2018,"7,481,255",24.17%,0.66%
28/6/2018,"7,913,485",24.16%,0.66%
29/6/2018,"6,866,470",25.22%,0.65%
30/6/2018,"6,106,833",24.21%,0.68%
1/7/2018,"9,577,675",28.34%,0.70%
2/7/2018,"8,143,965",25.50%,0.69%
3/7/2018,"8,103,394",25.58%,0.64%
4/7/2018,"7,671,032",24.71%,0.60%
5/7/2018,"7,042,201",24.66%,0.60%
6/7/2018,"6,596,966",27.55%,0.64%
7/7/2018,"6,308,487",28.29%,2.11%
8/7/2018,"7,834,902",26.60%,2.27%
9/7/2018,"7,023,471",23.38%,0.70%
10/7/2018,"7,087,763",23.40%,0.63%
11/7/2018,"7,295,787",24.93%,0.63%
12/7/2018,"6,306,814",25.43%,0.64%
13/7/2018,"5,504,644",26.50%,0.63%
14/7/2018,"5,250,792",26.23%,0.64%
15/7/2018,"6,737,027",26.89%,0.68%
16/7/2018,"6,652,427",26.05%,0.68%
17/7/2018,"6,796,722",25.33%,0.63%
18/7/2018,"6,521,253",25.67%,0.61%
19/7/2018,"6,013,975",26.00%,0.63%
20/7/2018,"7,635,159",32.19%,7.94%
21/7/2018,"6,671,817",30.63%,7.34%
22/7/2018,"8,449,433",29.13%,7.49%
23/7/2018,"8,376,110",28.44%,7.44%
24/7/2018,"5,651,261",19.32%,0.63%
25/7/2018,"5,684,674",19.34%,0.60%
26/7/2018,"5,382,941",18.55%,0.58%
27/7/2018,"4,774,553",19.51%,1.50%
28/7/2018,"4,692,742",18.29%,1.63%
29/7/2018,"5,613,808",16.41%,1.65%
30/7/2018,"6,481,855",22.08%,1.77%
31/7/2018,"6,064,041",18.75%,0.72%
1/8/2018,"6,081,130",16.85%,0.64%
2/8/2018,"5,736,095",16.42%,0.58%
3/8/2018,"5,026,581",15.68%,0.58%
4/8/2018,"4,619,744",15.04%,0.57%
5/8/2018,"5,762,281",14.23%,0.66%
6/8/2018,"6,175,471",19.32%,0.81%
7/8/2018,"6,078,646",17.92%,0.80%
8/8/2018,"6,154,560",16.44%,0.64%
9/8/2018,"5,785,771",14.93%,0.62%
10/8/2018,"4,892,373",14.86%,0.65%
11/8/2018,"4,495,767",14.74%,0.58%
12/8/2018,"5,642,127",13.51%,0.84%
13/8/2018,"6,537,048",21.64%,1.00%
14/8/2018,"6,392,855",16.77%,0.85%
15/8/2018,"6,332,997",14.50%,0.70%
16/8/2018,"5,775,637",13.93%,0.72%
17/8/2018,"5,144,563",15.90%,0.69%
18/8/2018,"4,744,768",14.12%,0.66%
19/8/2018,"5,984,190",12.81%,0.85%
20/8/2018,"6,794,374",18.58%,0.87%
21/8/2018,"6,532,273",15.79%,0.83%
22/8/2018,"6,642,804",15.79%,0.69%
23/8/2018,"6,071,856",14.01%,0.75%
24/8/2018,"5,958,170",13.98%,0.78%
25/8/2018,"6,307,055",13.22%,0.75%
26/8/2018,"8,194,730",13.10%,1.00%
27/8/2018,"8,184,778",11.94%,0.85%
28/8/2018,"7,873,791",12.89%,0.78%
29/8/2018,"7,552,850",13.92%,0.67%
30/8/2018,"7,611,925",11.95%,0.68%
31/8/2018,"7,017,581",12.41%,0.67%
1/9/2018,"7,239,444",11.95%,0.59%
2/9/2018,"10,073,928",10.41%,0.83%
3/9/2018,"8,796,536",9.58%,0.81%
4/9/2018,"8,150,398",10.21%,0.73%
5/9/2018,"7,841,439",11.68%,0.71%
6/9/2018,"7,456,183",10.89%,0.71%
7/9/2018,"6,960,619",11.64%,0.73%
8/9/2018,"6,517,722",12.42%,0.69%
9/9/2018,"8,283,434",9.93%,0.91%
10/9/2018,"8,047,335",9.97%,0.88%
11/9/2018,"7,630,119",11.06%,0.84%
12/9/2018,"7,862,190",12.47%,0.72%
13/9/2018,"7,526,288",11.36%,0.72%
14/9/2018,"6,595,618",12.47%,0.72%
15/9/2018,"6,470,954",10.99%,0.71%
16/9/2018,"8,384,182",10.65%,0.91%
17/9/2018,"9,579,817",9.85%,5.82%
18/9/2018,"9,008,039",9.67%,5.86%
19/9/2018,"9,419,465",8.68%,6.08%
20/9/2018,"6,571,965",11.59%,0.67%
21/9/2018,"6,279,206",12.45%,0.65%
22/9/2018,"6,712,996",10.58%,0.58%
23/9/2018,"10,382,323",12.33%,0.77%
24/9/2018,"9,492,332",10.06%,0.73%
25/9/2018,"9,693,629",10.48%,0.64%
26/9/2018,"9,363,958",11.49%,0.58%
27/9/2018,"7,917,453",10.66%,0.63%
28/9/2018,"6,787,801",11.08%,0.76%
29/9/2018,"7,164,543",11.75%,0.88%
30/9/2018,"9,534,457",11.04%,1.16%
1/10/2018,"9,193,182",9.31%,0.77%
2/10/2018,"8,439,861",9.46%,0.65%
3/10/2018,"9,475,520",10.36%,0.65%
4/10/2018,"7,645,116",9.25%,0.57%
5/10/2018,"6,514,270",10.75%,0.63%
6/10/2018,"6,752,664",10.74%,0.50%
7/10/2018,"10,287,071",13.72%,0.89%
8/10/2018,"8,851,582",13.22%,0.86%
9/10/2018,"8,639,644",14.34%,0.88%
10/10/2018,"9,310,715",16.38%,0.90%
11/10/2018,"7,939,734",16.01%,0.62%
12/10/2018,"7,004,861",17.99%,0.74%
13/10/2018,"6,598,971",16.77%,0.74%
14/10/2018,"9,383,330",18.39%,0.80%
15/10/2018,"8,703,573",17.61%,0.79%
16/10/2018,"9,139,126",18.85%,0.71%
17/10/2018,"8,878,548",17.57%,0.58%
18/10/2018,"8,575,747",17.32%,0.58%
19/10/2018,"8,008,263",18.66%,0.61%
20/10/2018,"8,678,830",17.61%,0.60%
21/10/2018,"9,874,397",13.20%,0.65%
22/10/2018,"9,375,559",12.78%,0.60%
23/10/2018,"9,451,719",11.40%,0.58%
24/10/2018,"9,323,433",11.41%,0.54%
25/10/2018,"8,095,689",11.41%,0.55%
26/10/2018,"8,733,179",27.92%,0.72%
27/10/2018,"8,414,146",18.29%,0.48%
28/10/2018,"12,330,068",11.16%,0.58%
29/10/2018,"9,833,084",11.87%,0.61%
30/10/2018,"11,157,049",14.25%,4.16%
31/10/2018,"10,209,544",15.57%,4.47%
1/11/2018,"8,802,364",12.73%,0.53%
2/11/2018,"7,598,568",14.46%,0.47%
3/11/2018,"7,740,097",13.88%,0.45%
4/11/2018,"10,602,097",13.62%,0.55%
5/11/2018,"8,870,897",12.81%,0.58%
6/11/2018,"8,580,684",12.51%,0.56%
7/11/2018,"9,094,478",14.35%,0.49%
8/11/2018,"8,165,153",13.78%,0.48%
9/11/2018,"7,114,316",14.73%,0.47%
10/11/2018,"7,476,237",13.62%,0.44%
11/11/2018,"9,945,862",13.56%,0.51%
12/11/2018,"8,535,688",12.14%,0.54%
13/11/2018,"9,055,436",12.70%,0.49%
14/11/2018,"9,110,600",13.09%,0.44%
15/11/2018,"8,406,671",12.98%,0.45%
16/11/2018,"6,905,732",11.97%,0.44%
17/11/2018,"7,710,108",14.97%,0.44%
18/11/2018,"19,236,497",25.19%,0.63%
19/11/2018,"13,672,100",21.19%,0.59%
20/11/2018,"11,656,443",18.58%,0.63%
21/11/2018,"15,648,325",22.55%,0.65%
22/11/2018,"16,064,367",24.08%,0.63%
23/11/2018,"43,322,462",26.90%,0.60%
24/11/2018,"7,355,426",14.69%,0.51%
25/11/2018,"8,076,770",11.24%,0.53%
26/11/2018,"7,579,144",14.07%,0.79%
27/11/2018,"7,160,000",9.58%,0.79%
28/11/2018,"8,326,380",9.90%,0.82%
29/11/2018,"8,009,811",11.58%,0.94%
30/11/2018,"7,440,062",13.94%,0.95%
1/12/2018,"7,210,144",14.46%,0.59%
2/12/2018,"10,037,021",13.47%,0.58%
3/12/2018,"9,247,995",13.77%,0.54%
4/12/2018,"9,188,212",13.05%,0.51%
5/12/2018,"9,315,597",12.62%,0.49%
6/12/2018,"9,130,390",13.55%,0.51%
7/12/2018,"8,178,017",14.79%,0.48%
8/12/2018,"8,720,689",15.63%,0.43%
9/12/2018,"12,305,119",16.43%,0.42%
10/12/2018,"11,161,010",15.85%,0.43%
11/12/2018,"11,067,212",16.07%,0.45%
12/12/2018,"11,109,197",16.30%,0.46%
13/12/2018,"12,123,543",17.88%,4.02%
14/12/2018,"10,735,321",18.19%,4.04%
15/12/2018,"11,150,924",18.14%,4.63%
16/12/2018,"11,686,441",15.93%,0.53%
17/12/2018,"10,535,581",14.38%,0.54%
18/12/2018,"9,391,066",15.56%,0.53%
19/12/2018,"7,303,107",14.50%,0.50%
20/12/2018,"7,057,056",19.61%,0.63%
21/12/2018,"6,104,204",22.48%,0.60%
22/12/2018,"5,022,648",22.38%,0.54%
23/12/2018,"5,242,684",23.89%,0.69%
24/12/2018,"3,937,352",24.60%,0.70%
25/12/2018,"5,193,312",22.82%,0.53%
26/12/2018,"6,879,416",23.99%,0.65%
27/12/2018,"7,621,809",21.46%,0.62%
28/12/2018,"7,579,481",22.70%,0.63%
29/12/2018,"6,731,238",23.47%,0.61%
30/12/2018,"6,378,796",22.87%,0.90%
31/12/2018,"3,820,099",22.24%,1.44%
1/1/2019,"4,856,951",22.05%,0.70%
2/1/2019,"8,174,124",19.90%,0.63%
3/1/2019,"8,857,483",22.20%,0.61%
4/1/2019,"8,490,935",24.81%,0.63%
5/1/2019,"8,267,303",23.00%,0.54%
6/1/2019,"9,487,286",25.01%,0.69%
7/1/2019,"7,925,868",23.49%,0.65%
8/1/2019,"8,725,633",23.82%,0.62%
9/1/2019,"9,025,294",23.00%,0.63%
10/1/2019,"8,048,216",23.03%,0.60%
11/1/2019,"7,069,142",24.27%,0.62%
12/1/2019,"7,260,437",24.03%,0.55%
13/1/2019,"9,052,711",22.96%,0.70%
14/1/2019,"7,600,004",22.48%,0.71%
15/1/2019,"7,516,222",22.33%,0.65%
16/1/2019,"7,786,886",23.92%,0.58%
17/1/2019,"7,313,409",23.07%,0.58%
18/1/2019,"6,498,805",24.00%,0.58%
19/1/2019,"6,320,154",22.62%,0.56%
20/1/2019,"9,463,178",27.26%,0.74%
21/1/2019,"8,062,936",25.60%,0.70%
22/1/2019,"7,777,008",25.25%,0.69%
23/1/2019,"8,246,301",25.74%,0.56%
24/1/2019,"7,539,495",25.68%,0.56%
25/1/2019,"6,484,550",24.80%,0.57%
26/1/2019,"6,631,237",23.61%,0.53%
27/1/2019,"9,006,813",22.83%,1.63%
28/1/2019,"7,991,038",23.74%,1.70%
29/1/2019,"8,391,159",24.46%,1.86%
30/1/2019,"8,321,424",32.54%,0.64%
31/1/2019,"7,054,069",25.86%,0.64%
1/2/2019,"6,043,692",23.25%,0.51%
2/2/2019,"6,819,535",23.59%,0.46%
3/2/2019,"11,658,576",26.61%,8.09%
4/2/2019,"8,368,641",25.31%,7.42%
5/2/2019,"9,996,729",25.50%,7.85%
6/2/2019,"6,983,281",26.84%,0.55%
7/2/2019,"6,672,720",22.30%,0.54%
8/2/2019,"5,899,236",19.90%,0.51%
9/2/2019,"6,347,221",18.23%,0.45%
10/2/2019,"7,963,157",14.90%,0.62%
11/2/2019,"6,996,242",15.65%,0.62%
12/2/2019,"7,122,741",16.95%,0.55%
13/2/2019,"7,307,746",23.01%,0.55%
14/2/2019,"6,094,500",18.15%,0.52%
15/2/2019,"5,792,363",15.58%,0.54%
16/2/2019,"5,836,749",13.32%,0.50%
17/2/2019,"7,858,126",10.88%,0.61%
18/2/2019,"7,337,839",11.54%,0.57%
19/2/2019,"7,657,600",11.47%,0.51%
20/2/2019,"8,784,946",22.92%,0.57%
21/2/2019,"7,438,811",16.78%,0.53%
22/2/2019,"6,563,702",14.15%,0.50%
23/2/2019,"6,691,814",12.83%,0.47%
24/2/2019,"8,735,450",11.43%,0.61%
25/2/2019,"7,771,403",11.25%,0.61%
26/2/2019,"8,118,824",12.45%,0.59%
27/2/2019,"8,445,541",13.57%,0.49%
28/2/2019,"7,697,566",12.58%,0.52%
1/3/2019,"6,860,638",12.26%,0.47%
2/3/2019,"7,299,570",12.36%,0.45%
3/3/2019,"9,086,877",10.69%,0.59%
4/3/2019,"8,407,092",11.57%,0.61%
5/3/2019,"8,028,531",11.02%,0.57%
6/3/2019,"8,631,890",12.13%,0.49%
7/3/2019,"8,322,759",12.44%,0.46%
8/3/2019,"7,092,124",11.73%,0.47%
9/3/2019,"7,902,854",11.21%,0.42%
10/3/2019,"10,330,575",10.55%,0.60%
11/3/2019,"8,447,809",12.07%,0.69%
12/3/2019,"8,060,750",10.72%,0.60%
13/3/2019,"8,522,003",11.47%,0.49%
14/3/2019,"8,841,560",12.62%,0.50%
15/3/2019,"7,308,298",13.11%,0.50%
16/3/2019,"7,604,784",13.29%,0.48%
17/3/2019,"10,117,375",11.53%,0.60%
18/3/2019,"8,531,857",12.46%,0.58%
19/3/2019,"8,692,324",12.49%,0.56%
20/3/2019,"9,862,487",15.04%,0.53%
21/3/2019,"8,625,492",14.77%,0.50%
22/3/2019,"7,786,792",15.18%,0.53%
23/3/2019,"7,907,747",14.03%,0.57%
24/3/2019,"15,647,046",18.61%,4.92%
25/3/2019,"12,501,617",18.80%,4.48%
26/3/2019,"12,863,638",18.88%,4.78%
27/3/2019,"10,213,181",16.43%,0.61%
28/3/2019,"9,415,417",20.19%,0.61%
29/3/2019,"8,031,734",17.24%,0.70%
30/3/2019,"7,920,614",15.22%,0.59%
31/3/2019,"11,349,142",15.53%,0.80%
1/4/2019,"10,500,089",15.33%,0.60%
2/4/2019,"10,630,536",16.79%,0.56%
3/4/2019,"10,606,028",17.60%,0.52%
4/4/2019,"10,211,386",18.62%,0.52%
5/4/2019,"8,627,591",18.03%,0.49%
6/4/2019,"8,623,723",17.10%,0.45%
7/4/2019,"11,720,757",16.65%,0.58%
8/4/2019,"10,495,911",15.88%,0.66%
9/4/2019,"12,183,043",17.49%,2.79%
10/4/2019,"9,180,564",14.81%,0.48%
11/4/2019,"8,387,461",13.29%,0.49%
12/4/2019,"7,409,969",14.10%,0.48%
13/4/2019,"7,818,034",14.77%,0.42%
14/4/2019,"10,499,467",12.40%,0.54%
15/4/2019,"8,520,117",12.95%,0.55%
16/4/2019,"8,120,247",12.34%,0.52%
17/4/2019,"7,415,052",11.38%,0.47%
18/4/2019,"6,283,315",11.06%,0.46%
19/4/2019,"6,701,691",12.67%,0.42%
20/4/2019,"6,083,269",12.28%,0.44%
21/4/2019,"6,502,393",10.85%,0.78%
22/4/2019,"8,851,197",9.15%,0.79%
23/4/2019,"9,181,743",8.56%,0.47%
24/4/2019,"9,649,986",9.92%,0.43%
25/4/2019,"9,061,825",10.03%,0.42%
26/4/2019,"8,368,558",11.44%,0.41%
27/4/2019,"8,413,452",10.60%,0.40%
28/4/2019,"10,441,828",10.82%,0.52%
29/4/2019,"8,625,136",11.66%,0.54%
30/4/2019,"7,789,218",13.55%,0.53%
1/5/2019,"8,751,130",13.25%,0.45%
2/5/2019,"8,327,155",12.96%,0.47%
3/5/2019,"8,432,771",23.62%,0.58%
4/5/2019,"8,773,322",15.46%,0.60%
5/5/2019,"10,564,157",12.75%,0.66%
6/5/2019,"8,974,423",11.22%,0.54%
7/5/2019,"9,026,923",12.11%,0.45%
8/5/2019,"9,532,726",14.14%,0.42%
9/5/2019,"8,691,148",11.94%,0.44%
10/5/2019,"7,681,298",13.53%,0.44%
11/5/2019,"8,645,802",13.21%,0.72%
12/5/2019,"10,642,018",12.22%,0.87%
13/5/2019,"9,269,270",12.01%,0.55%
14/5/2019,"9,235,811",12.55%,0.49%
15/5/2019,"9,674,692",13.40%,0.44%
16/5/2019,"9,746,867",15.18%,0.45%
17/5/2019,"7,812,157",15.26%,0.44%
18/5/2019,"8,303,684",15.92%,0.41%
19/5/2019,"10,919,144",14.70%,0.51%
20/5/2019,"10,018,022",14.42%,0.50%
21/5/2019,"10,075,549",14.53%,0.50%
22/5/2019,"9,779,749",15.19%,0.46%
23/5/2019,"9,024,315",15.13%,0.45%
24/5/2019,"8,386,504",15.51%,0.43%
25/5/2019,"8,489,108",14.91%,0.42%
26/5/2019,"10,764,851",14.90%,0.64%
27/5/2019,"10,151,734",14.62%,0.65%
28/5/2019,"9,331,294",13.85%,0.59%
29/5/2019,"8,223,913",14.60%,0.47%
30/5/2019,"9,006,153",15.27%,0.51%
31/5/2019,"8,230,518",14.15%,0.53%
1/6/2019,"8,192,826",14.04%,0.77%
2/6/2019,"11,780,474",12.24%,0.67%
3/6/2019,"11,732,536",11.96%,0.55%
4/6/2019,"11,391,410",12.76%,0.48%
5/6/2019,"10,925,495",12.90%,0.44%
6/6/2019,"9,610,712",13.93%,0.46%
7/6/2019,"7,538,141",13.21%,0.44%
8/6/2019,"7,115,685",13.59%,0.40%
9/6/2019,"8,816,841",16.04%,0.55%
10/6/2019,"10,737,794",14.97%,0.62%
11/6/2019,"8,660,661",14.04%,0.51%
12/6/2019,"8,912,505",14.95%,0.45%
13/6/2019,"8,216,043",14.54%,0.44%
14/6/2019,"7,251,377",15.17%,0.43%
15/6/2019,"7,457,473",16.80%,0.40%
16/6/2019,"14,280,396",20.78%,5.21%
17/6/2019,"12,633,583",21.43%,4.95%
18/6/2019,"11,510,969",20.76%,4.77%
19/6/2019,"8,515,110",20.25%,0.57%
20/6/2019,"8,909,811",20.33%,0.48%
21/6/2019,"7,722,435",18.76%,0.45%
22/6/2019,"8,579,168",21.59%,0.49%
23/6/2019,"10,359,877",20.13%,0.54%
24/6/2019,"11,367,415",21.42%,0.52%
25/6/2019,"10,527,014",20.92%,0.48%
26/6/2019,"9,941,434",20.99%,0.41%
27/6/2019,"8,903,759",20.01%,0.65%
28/6/2019,"7,666,447",22.07%,0.73%
29/6/2019,"7,342,412",22.07%,0.72%
30/6/2019,"10,749,819",25.47%,0.72%
1/7/2019,"9,484,576",23.47%,0.53%
2/7/2019,"9,267,014",22.76%,0.41%
3/7/2019,"8,997,740",23.87%,0.40%
4/7/2019,"8,131,500",23.87%,0.42%
5/7/2019,"7,153,429",23.93%,0.39%
6/7/2019,"7,135,758",24.28%,0.39%
7/7/2019,"9,263,979",23.84%,0.41%
8/7/2019,"8,812,812",23.00%,0.40%
9/7/2019,"8,085,462",22.93%,0.36%
10/7/2019,"8,285,003",24.33%,0.38%
11/7/2019,"7,780,385",24.20%,0.37%
12/7/2019,"6,718,150",24.87%,0.37%
13/7/2019,"6,605,786",23.84%,0.35%
14/7/2019,"9,126,022",26.87%,1.40%
15/7/2019,"8,648,209",25.04%,1.45%
16/7/2019,"8,167,133",25.07%,1.75%
17/7/2019,"7,307,006",23.25%,0.39%
18/7/2019,"6,774,004",22.88%,0.37%
19/7/2019,"5,996,774",23.95%,0.39%
20/7/2019,"5,857,688",23.13%,0.38%
21/7/2019,"9,711,906",25.83%,6.84%
22/7/2019,"9,406,814",23.17%,6.33%
23/7/2019,"9,382,745",23.43%,6.86%
24/7/2019,"6,643,760",18.87%,0.53%
25/7/2019,"6,378,231",20.48%,0.38%
26/7/2019,"5,810,560",21.96%,0.38%
27/7/2019,"5,952,988",21.98%,0.36%
28/7/2019,"7,509,167",18.55%,0.42%
29/7/2019,"6,976,801",18.67%,0.42%
30/7/2019,"6,767,027",18.74%,0.39%
31/7/2019,"7,244,724",20.41%,0.44%
1/8/2019,"6,380,867",19.74%,0.40%
2/8/2019,"6,274,951",20.81%,0.38%
3/8/2019,"6,169,170",20.64%,0.36%
4/8/2019,"6,950,060",16.84%,0.43%
5/8/2019,"7,623,914",17.56%,0.39%
6/8/2019,"7,910,551",18.20%,0.37%
7/8/2019,"8,966,438",28.47%,0.49%
8/8/2019,"7,455,852",23.49%,0.46%
9/8/2019,"6,403,890",20.08%,0.38%
10/8/2019,"6,368,664",18.88%,0.35%
11/8/2019,"7,385,128",16.31%,0.43%
12/8/2019,"7,944,905",16.04%,0.40%
13/8/2019,"8,091,707",17.39%,0.39%
14/8/2019,"8,066,902",23.84%,0.51%
15/8/2019,"7,959,092",18.48%,0.46%
16/8/2019,"6,679,888",15.09%,0.34%
17/8/2019,"6,702,334",14.63%,0.35%
18/8/2019,"8,221,946",13.08%,0.41%
19/8/2019,"8,076,018",13.19%,0.39%
20/8/2019,"8,603,626",13.96%,0.38%
21/8/2019,"9,033,448",25.06%,0.48%
22/8/2019,"7,891,112",19.01%,0.43%
23/8/2019,"6,670,712",16.57%,0.37%
24/8/2019,"6,075,016",15.40%,0.36%
25/8/2019,"10,568,687",14.12%,6.41%
26/8/2019,"10,185,680",15.50%,6.64%
27/8/2019,"10,914,344",15.12%,7.62%
28/8/2019,"8,562,783",23.52%,0.60%
29/8/2019,"7,801,622",18.11%,0.41%
30/8/2019,"6,789,101",16.98%,0.38%
31/8/2019,"6,682,131",17.35%,0.36%
1/9/2019,"9,925,473",14.38%,0.39%
2/9/2019,"9,415,393",14.09%,0.36%
3/9/2019,"9,460,497",13.96%,0.38%
4/9/2019,"9,580,422",15.20%,0.35%
5/9/2019,"9,688,951",13.34%,0.32%
6/9/2019,"8,745,534",13.54%,0.33%
7/9/2019,"9,047,003",14.07%,0.34%
8/9/2019,"13,015,754",12.73%,0.36%
9/9/2019,"11,418,586",11.86%,0.36%
10/9/2019,"10,236,482",12.35%,0.34%
11/9/2019,"10,312,696",12.76%,0.33%
12/9/2019,"8,775,233",12.60%,0.36%
13/9/2019,"7,971,786",14.08%,0.38%
14/9/2019,"7,621,210",14.16%,0.35%
15/9/2019,"10,180,036",15.42%,0.45%
16/9/2019,"9,506,759",12.87%,0.41%
17/9/2019,"9,756,414",13.37%,0.39%
18/9/2019,"10,924,390",13.77%,0.39%
19/9/2019,"9,420,428",11.79%,0.40%
20/9/2019,"8,312,519",16.92%,0.45%
21/9/2019,"8,074,423",15.51%,0.41%
22/9/2019,"10,548,721",12.50%,0.47%
23/9/2019,"10,025,451",10.58%,0.43%
24/9/2019,"10,235,557",11.30%,0.42%
25/9/2019,"10,872,298",11.91%,0.45%
26/9/2019,"10,104,486",12.16%,0.78%
27/9/2019,"9,092,437",13.75%,0.68%
28/9/2019,"9,090,269",12.59%,0.44%
29/9/2019,"11,197,659",11.58%,0.54%
30/9/2019,"9,825,676",11.65%,0.48%
1/10/2019,"9,458,305",11.60%,0.43%
2/10/2019,"9,291,879",12.85%,0.39%
3/10/2019,"9,967,101",12.66%,0.43%
4/10/2019,"8,849,303",11.72%,0.42%
5/10/2019,"8,928,127",11.77%,0.38%
6/10/2019,"11,718,805",10.51%,0.50%
7/10/2019,"10,112,635",10.56%,0.47%
8/10/2019,"10,313,138",11.42%,0.71%
9/10/2019,"10,648,370",11.60%,0.69%
10/10/2019,"9,167,259",12.22%,0.44%
11/10/2019,"7,745,866",12.92%,0.45%
12/10/2019,"7,540,961",13.10%,0.40%
13/10/2019,"15,563,730",19.56%,5.39%
14/10/2019,"12,431,305",18.16%,5.08%
15/10/2019,"14,578,086",19.68%,5.69%
16/10/2019,"10,205,787",17.66%,0.54%
17/10/2019,"9,250,539",17.03%,0.43%
18/10/2019,"8,404,215",17.67%,0.41%
19/10/2019,"8,868,181",17.36%,0.38%
20/10/2019,"12,155,802",19.01%,0.70%
21/10/2019,"10,389,565",18.09%,0.39%
22/10/2019,"10,303,936",18.57%,0.36%
23/10/2019,"10,469,695",18.39%,0.37%
24/10/2019,"9,861,669",19.66%,0.49%
25/10/2019,"8,962,360",24.85%,0.57%
26/10/2019,"8,447,715",20.48%,0.49%
27/10/2019,"14,263,486",20.59%,3.14%
28/10/2019,"12,279,514",18.74%,2.86%
29/10/2019,"13,734,756",19.33%,3.17%
30/10/2019,"10,190,064",14.37%,0.50%
31/10/2019,"8,988,104",13.46%,0.50%
1/11/2019,"9,394,157",12.93%,0.42%
2/11/2019,"9,771,254",14.05%,0.41%
3/11/2019,"13,119,494",13.68%,0.45%
4/11/2019,"10,607,902",13.18%,0.39%
5/11/2019,"10,454,016",12.69%,0.38%
6/11/2019,"11,175,823",13.72%,0.35%
7/11/2019,"10,120,963",12.69%,0.34%
8/11/2019,"9,263,249",15.13%,0.43%
9/11/2019,"9,835,507",15.04%,0.46%
10/11/2019,"12,672,072",13.13%,0.39%
11/11/2019,"11,257,194",12.37%,0.36%
12/11/2019,"10,310,460",13.51%,0.34%
13/11/2019,"12,432,954",14.42%,0.30%
14/11/2019,"10,451,379",14.36%,0.31%
15/11/2019,"9,126,718",14.78%,0.31%
16/11/2019,"10,073,952",16.09%,0.29%
17/11/2019,"13,449,138",15.95%,0.38%
18/11/2019,"11,135,842",15.00%,0.38%
19/11/2019,"11,170,793",17.35%,0.37%
20/11/2019,"10,809,529",15.58%,0.35%
21/11/2019,"13,464,320",21.39%,0.80%
22/11/2019,"13,194,815",24.21%,1.10%
23/11/2019,"11,394,575",22.82%,0.79%
24/11/2019,"18,369,979",23.51%,0.74%
25/11/2019,"19,451,675",27.64%,0.89%
26/11/2019,"16,369,623",27.52%,0.84%
27/11/2019,"18,780,605",28.41%,0.79%
28/11/2019,"18,924,653",28.54%,0.96%
29/11/2019,"55,845,299",33.56%,0.95%
30/11/2019,"10,168,830",24.04%,0.76%
1/12/2019,"13,180,423",22.50%,0.65%
2/12/2019,"14,467,309",21.65%,0.62%
3/12/2019,"9,471,649",14.34%,0.76%
4/12/2019,"9,336,184",12.95%,0.77%
5/12/2019,"9,305,747",14.39%,0.82%
6/12/2019,"10,918,223",19.82%,0.88%
7/12/2019,"9,724,310",17.95%,0.73%
8/12/2019,"13,327,254",19.63%,0.64%
9/12/2019,"12,355,081",18.67%,0.58%
10/12/2019,"12,014,019",18.56%,0.55%
11/12/2019,"12,253,189",17.04%,0.53%
12/12/2019,"11,634,390",16.62%,0.46%
13/12/2019,"10,566,462",18.24%,0.63%
14/12/2019,"10,457,991",18.70%,0.51%
15/12/2019,"12,957,232",18.01%,0.56%
16/12/2019,"12,524,985",20.07%,0.41%
17/12/2019,"11,121,635",17.04%,0.37%
18/12/2019,"10,408,452",18.08%,0.39%
19/12/2019,"8,408,970",18.97%,0.39%
20/12/2019,"7,550,796",22.00%,0.43%
21/12/2019,"6,385,590",22.13%,0.38%
22/12/2019,"6,614,485",21.50%,0.42%
23/12/2019,"5,806,398",21.58%,0.43%
24/12/2019,"4,828,230",24.88%,0.45%
25/12/2019,"6,345,249",24.25%,0.40%
26/12/2019,"8,349,394",24.83%,0.41%
27/12/2019,"8,328,472",22.93%,0.39%
28/12/2019,"7,782,235",23.37%,0.37%
29/12/2019,"8,154,162",24.54%,0.61%
30/12/2019,"7,141,564",22.28%,0.61%
31/12/2019,"5,177,334",24.61%,1.00%
1/1/2020,"6,132,088",24.10%,0.45%
2/1/2020,"8,873,931",23.39%,0.45%
3/1/2020,"9,241,192",23.59%,0.43%
4/1/2020,"9,164,339",23.32%,0.39%
5/1/2020,"9,964,575",26.71%,0.41%
6/1/2020,"9,025,212",25.40%,0.41%
7/1/2020,"11,184,867",29.60%,0.41%
8/1/2020,"10,661,562",29.25%,0.39%
9/1/2020,"9,880,642",29.59%,0.39%
10/1/2020,"8,999,233",29.58%,0.35%
11/1/2020,"9,146,991",28.98%,0.37%
12/1/2020,"11,056,435",29.91%,0.51%
13/1/2020,"9,281,375",28.45%,0.52%
14/1/2020,"9,345,828",27.40%,0.46%
15/1/2020,"9,287,764",26.33%,0.41%
16/1/2020,"7,896,119",26.71%,0.38%
17/1/2020,"8,152,540",29.10%,0.45%
18/1/2020,"8,199,998",26.98%,0.40%
19/1/2020,"10,044,392",24.92%,0.50%
20/1/2020,"8,583,138",24.68%,0.51%
21/1/2020,"9,144,522",26.36%,0.47%
22/1/2020,"9,417,989",25.90%,0.45%
23/1/2020,"9,118,287",27.42%,0.48%
24/1/2020,"8,519,708",29.15%,0.52%
25/1/2020,"8,107,755",25.76%,0.51%
26/1/2020,"14,361,086",27.28%,8.85%
27/1/2020,"11,764,865",25.71%,8.20%
28/1/2020,"13,579,846",26.97%,9.09%
29/1/2020,"8,814,434",23.61%,0.60%
30/1/2020,"7,918,341",25.78%,0.48%
31/1/2020,"7,837,195",24.36%,0.48%
1/2/2020,"8,053,703",21.06%,0.38%
2/2/2020,"9,622,921",18.42%,0.36%
3/2/2020,"8,349,223",18.82%,0.35%
4/2/2020,"8,697,318",19.26%,0.33%
5/2/2020,"8,739,794",20.26%,0.36%
6/2/2020,"8,039,115",22.18%,0.38%
7/2/2020,"7,003,209",21.82%,0.49%
8/2/2020,"7,356,612",19.42%,0.39%
9/2/2020,"8,840,248",15.58%,0.46%
10/2/2020,"9,021,374",15.91%,0.79%
11/2/2020,"9,492,522",17.11%,0.76%
12/2/2020,"9,765,512",21.52%,0.75%
13/2/2020,"8,409,753",20.73%,0.85%
14/2/2020,"7,838,368",19.54%,0.64%
15/2/2020,"7,277,227",17.02%,0.29%
16/2/2020,"9,150,937",14.59%,0.31%
17/2/2020,"8,402,623",14.90%,0.30%
18/2/2020,"8,471,884",15.21%,0.32%
19/2/2020,"9,251,125",19.12%,0.31%
20/2/2020,"7,920,228",20.06%,0.45%
21/2/2020,"7,182,036",17.88%,0.41%
22/2/2020,"7,406,150",16.12%,0.29%
23/2/2020,"9,239,084",14.53%,0.31%
24/2/2020,"8,324,616",15.18%,0.30%
25/2/2020,"8,978,459",15.35%,0.30%
26/2/2020,"9,111,578",15.67%,0.28%
27/2/2020,"8,670,134",16.21%,0.31%
28/2/2020,"7,531,061",16.13%,0.30%
29/2/2020,"8,432,927",15.46%,0.29%
1/3/2020,"12,255,149",15.24%,3.65%
2/3/2020,"9,715,966",14.12%,3.31%
3/3/2020,"10,520,096",12.75%,4.47%
4/3/2020,"9,723,537",13.62%,0.32%
5/3/2020,"8,783,248",13.20%,0.26%
6/3/2020,"8,432,308",15.53%,0.28%
7/3/2020,"8,705,161",14.78%,0.24%
8/3/2020,"10,989,028",14.17%,0.43%
9/3/2020,"9,517,514",14.49%,0.62%
10/3/2020,"9,293,987",13.37%,0.53%
11/3/2020,"9,447,835",12.19%,0.46%
12/3/2020,"8,286,728",13.95%,0.30%
13/3/2020,"6,032,948",13.54%,0.33%
14/3/2020,"6,877,707",15.15%,0.27%
15/3/2020,"7,704,831",13.07%,0.28%
16/3/2020,"6,765,826",16.08%,0.29%
17/3/2020,"7,150,056",16.34%,0.30%
18/3/2020,"9,505,771",18.33%,1.91%
19/3/2020,"9,180,622",18.68%,2.19%
20/3/2020,"8,849,723",18.99%,2.69%
21/3/2020,"9,364,469",20.75%,0.28%
22/3/2020,"10,483,983",20.31%,0.28%
23/3/2020,"8,672,006",20.93%,0.27%
24/3/2020,"9,695,268",22.62%,0.27%
25/3/2020,"10,774,999",22.17%,0.28%
26/3/2020,"10,753,256",21.56%,0.27%
27/3/2020,"11,672,917",21.18%,1.97%
28/3/2020,"11,794,301",22.28%,1.46%
29/3/2020,"14,714,630",21.47%,1.68%
30/3/2020,"10,965,620",20.28%,0.35%
31/3/2020,"11,163,501",19.92%,0.33%
1/4/2020,"13,293,305",21.23%,1.38%
2/4/2020,"12,534,917",20.35%,1.14%
3/4/2020,"14,110,365",21.59%,1.51%
4/4/2020,"12,493,648",21.66%,0.29%
5/4/2020,"14,402,206",20.63%,0.35%
6/4/2020,"14,862,770",19.52%,0.60%
7/4/2020,"13,321,658",14.94%,0.31%
8/4/2020,"12,748,460",15.80%,0.28%
9/4/2020,"10,710,977",11.85%,0.25%
10/4/2020,"11,102,519",11.07%,0.25%
11/4/2020,"10,084,582",14.33%,0.28%
12/4/2020,"10,238,983",13.64%,0.38%
13/4/2020,"12,930,675",11.32%,0.38%
14/4/2020,"12,809,802",13.83%,0.32%
15/4/2020,"12,492,782",11.67%,0.27%
16/4/2020,"12,421,909",11.67%,0.26%
17/4/2020,"12,323,222",13.81%,0.28%
18/4/2020,"12,560,398",11.84%,0.27%
19/4/2020,"13,017,062",11.21%,0.36%
20/4/2020,"12,557,829",12.46%,0.36%
21/4/2020,"11,952,997",11.42%,0.32%
22/4/2020,"11,989,068",10.29%,0.30%
23/4/2020,"12,126,283",11.88%,0.34%
24/4/2020,"12,452,381",15.45%,0.33%
25/4/2020,"12,281,330",14.71%,0.30%
26/4/2020,"13,706,232",13.91%,0.36%
27/4/2020,"12,108,391",12.20%,0.35%
28/4/2020,"13,094,622",12.95%,0.34%
29/4/2020,"13,692,561",15.85%,0.37%
30/4/2020,"11,895,262",16.29%,0.34%
1/5/2020,"13,494,886",18.13%,0.34%
2/5/2020,"12,489,796",17.21%,0.30%
3/5/2020,"13,463,675",17.73%,0.97%
4/5/2020,"12,898,005",17.72%,0.85%
5/5/2020,"12,572,087",16.60%,0.82%
6/5/2020,"12,440,685",16.78%,0.32%
7/5/2020,"11,039,178",20.68%,0.39%
8/5/2020,"10,408,363",17.53%,0.47%
9/5/2020,"10,515,296",15.75%,0.42%
10/5/2020,"14,409,229",16.23%,0.34%
11/5/2020,"13,081,245",15.36%,0.33%
12/5/2020,"12,433,663",15.04%,0.35%
13/5/2020,"12,136,307",13.17%,0.34%
14/5/2020,"11,014,933",13.88%,0.33%
15/5/2020,"10,344,545",14.78%,0.32%
16/5/2020,"10,128,046",15.29%,0.33%
17/5/2020,"12,194,699",15.07%,0.37%
18/5/2020,"11,419,154",12.66%,0.36%
19/5/2020,"11,575,528",13.36%,0.32%
20/5/2020,"9,860,127",14.54%,0.34%
21/5/2020,"10,766,819",14.75%,0.31%
22/5/2020,"10,686,628",14.06%,0.32%
23/5/2020,"11,343,395",14.58%,0.29%
24/5/2020,"12,491,958",13.83%,0.35%
25/5/2020,"11,328,141",12.65%,0.36%
26/5/2020,"11,415,537",12.29%,0.33%
27/5/2020,"11,523,420",12.90%,0.33%
28/5/2020,"10,887,964",12.58%,0.31%
29/5/2020,"10,443,231",16.38%,0.37%
30/5/2020,"9,918,243",16.80%,0.32%
31/5/2020,"11,003,596",16.95%,0.36%
1/6/2020,"12,223,796",14.71%,0.33%
2/6/2020,"11,073,284",12.87%,0.30%
3/6/2020,"11,946,823",15.47%,0.29%
4/6/2020,"11,881,042",15.52%,0.35%
5/6/2020,"11,117,841",17.58%,0.39%
6/6/2020,"11,570,307",17.24%,0.34%
7/6/2020,"15,503,711",19.98%,0.63%
8/6/2020,"11,626,495",18.24%,0.62%
9/6/2020,"12,174,925",19.02%,0.63%
10/6/2020,"11,321,067",18.77%,0.33%
11/6/2020,"11,860,656",19.62%,0.32%
12/6/2020,"9,673,717",17.99%,0.32%
13/6/2020,"9,992,504",18.22%,0.27%
14/6/2020,"14,887,966",20.37%,0.30%
15/6/2020,"12,093,874",18.92%,0.33%
16/6/2020,"12,238,342",19.06%,0.31%
17/6/2020,"12,883,263",21.20%,0.29%
18/6/2020,"11,661,588",20.10%,0.29%
19/6/2020,"10,416,209",20.78%,0.29%
20/6/2020,"10,411,156",20.26%,0.28%
21/6/2020,"13,239,366",19.75%,0.31%
22/6/2020,"11,731,895",18.79%,0.32%
23/6/2020,"12,262,953",18.43%,0.28%
24/6/2020,"12,134,062",18.31%,0.27%
25/6/2020,"11,473,998",20.53%,0.27%
26/6/2020,"10,184,225",20.03%,0.25%
27/6/2020,"10,037,914",21.02%,0.25%
28/6/2020,"13,590,532",23.26%,0.30%
29/6/2020,"11,690,367",21.46%,0.31%
30/6/2020,"11,348,099",20.31%,0.27%
1/7/2020,"12,692,450",21.81%,0.32%
2/7/2020,"11,194,447",20.86%,0.28%
3/7/2020,"9,786,713",21.49%,0.29%
4/7/2020,"9,795,060",22.08%,0.28%
5/7/2020,"12,467,141",22.87%,0.32%
6/7/2020,"12,007,225",21.54%,0.31%
7/7/2020,"11,386,524",20.91%,0.29%
8/7/2020,"11,738,232",23.05%,0.28%
9/7/2020,"10,617,708",22.90%,0.30%
10/7/2020,"9,670,525",23.53%,0.30%
11/7/2020,"9,546,536",23.33%,0.27%
12/7/2020,"14,643,820",25.14%,3.91%
13/7/2020,"13,161,156",23.12%,3.51%
14/7/2020,"14,600,214",24.04%,3.42%
15/7/2020,"9,969,327",20.34%,0.31%
16/7/2020,"9,479,914",18.61%,0.29%
17/7/2020,"9,576,457",23.77%,0.34%
18/7/2020,"8,070,853",20.53%,0.27%
19/7/2020,"9,470,049",17.34%,0.31%
20/7/2020,"9,558,011",16.50%,0.32%
21/7/2020,"9,508,150",16.61%,0.29%
22/7/2020,"9,885,278",16.20%,0.29%
23/7/2020,"9,502,768",17.89%,0.30%
24/7/2020,"8,690,161",18.33%,0.29%
25/7/2020,"8,204,360",21.24%,0.38%
26/7/2020,"10,287,089",17.77%,0.38%
27/7/2020,"9,631,227",16.50%,0.39%
28/7/2020,"9,562,298",16.72%,0.31%
29/7/2020,"9,541,738",16.62%,0.29%
30/7/2020,"9,146,495",17.68%,0.27%
31/7/2020,"7,724,315",18.89%,0.29%
1/8/2020,"7,564,108",18.83%,0.23%
2/8/2020,"10,294,643",15.89%,0.26%
3/8/2020,"10,120,532",15.30%,0.27%
4/8/2020,"10,158,229",15.66%,0.26%
5/8/2020,"9,550,800",15.18%,0.25%
6/8/2020,"8,869,413",19.47%,0.29%
7/8/2020,"7,919,750",18.31%,0.31%
8/8/2020,"7,338,259",17.22%,0.29%
9/8/2020,"9,987,294",18.66%,0.84%
10/8/2020,"9,982,246",16.39%,0.77%
11/8/2020,"9,953,648",16.35%,0.79%
12/8/2020,"9,654,946",15.81%,0.34%
13/8/2020,"9,165,281",20.28%,0.39%
14/8/2020,"8,137,214",18.99%,0.43%
15/8/2020,"8,347,498",20.65%,0.40%
16/8/2020,"10,058,824",19.10%,0.36%
17/8/2020,"9,622,429",16.53%,0.36%
18/8/2020,"9,875,665",16.66%,0.33%
19/8/2020,"9,733,389",19.58%,0.35%
20/8/2020,"8,414,488",20.12%,0.34%
21/8/2020,"8,145,589",20.69%,0.41%
22/8/2020,"8,797,824",19.79%,0.35%
23/8/2020,"13,661,408",17.06%,4.69%
24/8/2020,"13,170,485",15.32%,5.92%
25/8/2020,"10,568,288",16.89%,0.42%
26/8/2020,"11,286,206",17.24%,0.34%
27/8/2020,"10,253,279",18.06%,0.37%
28/8/2020,"9,707,959",17.10%,0.43%
29/8/2020,"10,582,209",17.25%,0.40%
30/8/2020,"15,729,602",14.77%,1.18%
31/8/2020,"13,489,909",16.95%,1.19%
1/9/2020,"12,925,610",13.91%,1.09%
2/9/2020,"12,971,061",15.50%,0.31%
3/9/2020,"12,537,509",15.91%,0.29%
4/9/2020,"10,022,090",16.71%,0.31%
5/9/2020,"10,758,519",16.84%,0.28%
6/9/2020,"15,886,636",13.88%,1.51%
7/9/2020,"13,070,654",13.30%,1.31%
8/9/2020,"14,007,266",14.94%,1.45%
9/9/2020,"12,410,910",15.81%,0.31%
10/9/2020,"11,340,761",14.19%,0.31%
11/9/2020,"9,828,914",16.22%,0.32%
12/9/2020,"9,658,135",16.54%,0.28%
13/9/2020,"11,875,333",16.41%,0.36%
14/9/2020,"10,979,720",16.54%,0.37%
15/9/2020,"10,919,316",15.52%,0.34%
16/9/2020,"12,515,312",16.72%,2.44%
17/9/2020,"11,127,654",15.37%,2.14%
18/9/2020,"10,314,540",15.73%,2.10%
19/9/2020,"10,186,651",15.81%,0.25%
20/9/2020,"13,084,009",14.40%,0.38%
21/9/2020,"11,674,942",12.28%,0.39%
22/9/2020,"11,998,132",13.79%,0.38%
23/9/2020,"13,191,917",14.93%,0.29%
24/9/2020,"12,327,062",14.04%,0.33%
25/9/2020,"12,960,860",13.70%,0.66%
26/9/2020,"15,406,178",12.20%,0.59%
27/9/2020,"18,334,443",11.96%,0.62%
28/9/2020,"15,108,516",12.45%,0.35%
29/9/2020,"15,074,028",12.84%,0.31%
30/9/2020,"14,374,461",14.06%,0.32%
1/10/2020,"14,629,613",12.81%,1.68%
2/10/2020,"11,619,068",12.66%,0.26%
3/10/2020,"13,075,037",13.32%,0.23%
4/10/2020,"15,348,412",12.72%,0.28%
5/10/2020,"13,183,032",9.59%,0.29%
6/10/2020,"13,509,539",11.19%,0.29%
7/10/2020,"13,848,886",10.60%,0.27%
8/10/2020,"12,710,685",12.32%,0.26%
9/10/2020,"11,002,418",13.35%,0.27%
10/10/2020,"12,242,148",12.17%,0.24%
11/10/2020,"20,610,294",15.58%,2.23%
12/10/2020,"17,381,888",15.43%,1.97%
13/10/2020,"16,866,823",15.08%,2.17%
14/10/2020,"14,551,109",14.95%,0.29%
15/10/2020,"14,280,563",14.48%,0.23%
16/10/2020,"13,658,158",17.08%,0.27%
17/10/2020,"13,921,162",16.24%,0.24%
18/10/2020,"16,636,302",15.90%,0.30%
19/10/2020,"14,348,093",16.93%,0.31%
20/10/2020,"14,033,252",15.70%,0.28%
21/10/2020,"13,975,292",15.70%,0.26%
22/10/2020,"13,727,361",20.28%,0.28%
23/10/2020,"12,475,393",17.48%,0.25%
24/10/2020,"12,552,234",17.60%,0.24%
25/10/2020,"16,187,030",16.84%,0.47%
26/10/2020,"14,583,493",16.61%,0.45%
27/10/2020,"15,138,820",16.43%,0.47%
28/10/2020,"12,470,762",12.45%,0.24%
29/10/2020,"12,799,416",14.03%,0.24%
30/10/2020,"11,338,885",13.47%,0.27%
31/10/2020,"10,863,755",12.77%,0.24%
1/11/2020,"14,581,278",12.80%,0.28%
2/11/2020,"11,744,993",12.10%,0.30%
3/11/2020,"12,307,494",12.38%,0.31%
4/11/2020,"13,116,140",13.18%,0.28%
5/11/2020,"13,456,791",14.08%,0.30%
6/11/2020,"12,506,666",16.37%,0.29%
7/11/2020,"13,242,165",18.99%,0.28%
8/11/2020,"15,836,972",16.06%,0.33%
9/11/2020,"13,113,957",14.06%,0.32%
10/11/2020,"13,032,972",14.15%,0.30%
11/11/2020,"16,819,804",14.14%,3.50%
12/11/2020,"12,066,702",15.21%,0.33%
13/11/2020,"11,178,079",15.25%,0.32%
14/11/2020,"11,677,509",15.09%,0.30%
15/11/2020,"14,273,841",15.26%,0.42%
16/11/2020,"12,161,317",15.25%,0.37%
17/11/2020,"12,549,789",14.55%,0.32%
18/11/2020,"12,438,290",15.64%,0.30%
19/11/2020,"16,603,583",21.04%,0.75%
20/11/2020,"22,063,442",26.44%,1.03%
21/11/2020,"19,526,282",25.23%,0.85%
22/11/2020,"23,541,272",23.97%,0.85%
23/11/2020,"20,377,729",24.44%,0.92%
24/11/2020,"23,205,623",26.89%,1.02%
25/11/2020,"23,384,570",27.52%,0.91%
26/11/2020,"37,402,028",30.93%,1.03%
27/11/2020,"69,357,915",30.40%,0.93%
28/11/2020,"16,549,271",24.22%,0.48%
29/11/2020,"17,108,263",20.54%,0.41%
30/11/2020,"24,367,452",24.39%,8.02%
1/12/2020,"13,374,584",17.53%,0.29%
2/12/2020,"13,849,476",17.46%,0.23%
3/12/2020,"12,946,310",16.48%,0.24%
4/12/2020,"12,915,115",18.91%,0.28%
5/12/2020,"13,583,783",19.03%,0.26%
6/12/2020,"14,574,046",18.10%,0.26%
7/12/2020,"13,132,483",16.20%,0.27%
8/12/2020,"14,463,735",16.67%,0.27%
9/12/2020,"14,883,989",15.52%,0.26%
10/12/2020,"14,736,781",16.78%,0.26%
11/12/2020,"14,131,835",17.43%,0.30%
12/12/2020,"15,532,685",17.87%,0.27%
13/12/2020,"18,876,184",18.28%,0.77%
14/12/2020,"15,862,965",17.75%,0.86%
15/12/2020,"16,669,885",19.39%,1.31%
16/12/2020,"16,566,652",19.41%,1.16%
17/12/2020,"15,603,573",20.35%,0.99%
18/12/2020,"12,944,411",20.54%,0.31%
19/12/2020,"12,553,358",21.84%,0.35%
20/12/2020,"13,334,322",22.68%,0.35%
21/12/2020,"10,706,303",22.13%,0.32%
22/12/2020,"9,569,871",22.83%,0.33%
23/12/2020,"8,704,642",23.90%,0.33%
24/12/2020,"6,910,601",25.16%,0.31%
25/12/2020,"9,415,565",25.00%,0.26%
26/12/2020,"12,823,843",28.17%,0.29%
27/12/2020,"14,254,985",26.56%,0.30%
28/12/2020,"15,101,297",24.85%,0.31%
29/12/2020,"14,819,362",24.47%,0.32%
30/12/2020,"13,462,184",23.96%,0.34%
31/12/2020,"8,985,773",25.52%,0.65%
1/1/2021,"9,494,420",24.59%,0.36%
2/1/2021,"12,189,922",24.39%,0.29%
3/1/2021,"15,336,992",25.52%,2.78%
4/1/2021,"14,166,409",24.76%,2.37%
5/1/2021,"14,233,622",23.84%,2.32%
6/1/2021,"13,425,628",23.09%,0.34%
7/1/2021,"13,291,525",23.89%,0.31%
8/1/2021,"12,936,815",26.38%,0.34%
9/1/2021,"12,720,980",25.70%,0.31%
10/1/2021,"15,263,962",29.78%,0.83%
11/1/2021,"13,779,829",29.18%,0.78%
12/1/2021,"14,969,432",28.37%,0.75%
13/1/2021,"13,941,209",27.15%,0.29%
14/1/2021,"13,919,279",27.33%,0.30%
15/1/2021,"15,958,610",32.56%,0.32%
16/1/2021,"15,203,208",32.47%,0.28%
17/1/2021,"16,696,868",31.72%,0.35%
18/1/2021,"13,669,636",30.68%,0.33%
19/1/2021,"14,709,284",30.42%,0.33%
20/1/2021,"14,397,057",30.01%,0.29%
21/1/2021,"15,157,248",33.56%,0.35%
22/1/2021,"13,453,706",31.08%,0.32%
23/1/2021,"14,627,689",30.87%,0.31%
24/1/2021,"19,567,020",31.91%,3.96%
25/1/2021,"16,217,856",30.78%,3.56%
26/1/2021,"18,702,303",31.53%,3.78%
27/1/2021,"13,368,292",23.43%,0.29%
28/1/2021,"13,518,629",23.70%,0.30%
29/1/2021,"12,671,973",23.30%,0.28%
30/1/2021,"14,362,512",23.16%,0.28%
31/1/2021,"15,242,012",21.76%,0.34%
1/2/2021,"13,804,336",22.34%,0.32%
2/2/2021,"14,407,497",22.17%,0.30%
3/2/2021,"15,145,481",22.87%,0.30%
4/2/2021,"13,982,016",24.01%,0.31%
5/2/2021,"12,853,585",23.32%,0.33%
6/2/2021,"14,391,113",23.96%,0.28%
7/2/2021,"17,268,131",19.94%,2.04%
8/2/2021,"13,808,653",19.89%,1.78%
9/2/2021,"13,793,209",20.29%,1.61%
10/2/2021,"13,664,385",20.90%,1.42%
11/2/2021,"13,015,284",24.89%,1.40%
12/2/2021,"12,388,070",22.52%,1.52%
13/2/2021,"13,269,121",20.75%,1.63%
14/2/2021,"15,712,429",18.97%,2.02%
15/2/2021,"12,520,494",18.66%,0.35%
16/2/2021,"13,274,322",19.85%,0.33%
17/2/2021,"14,559,787",19.75%,0.31%
18/2/2021,"13,994,950",22.40%,0.34%
19/2/2021,"13,025,995",19.80%,0.32%
20/2/2021,"14,134,654",18.14%,0.28%
21/2/2021,"17,687,591",15.08%,0.31%
22/2/2021,"16,297,754",13.99%,0.33%
23/2/2021,"16,026,842",13.27%,0.31%
24/2/2021,"16,434,651",12.78%,0.28%
25/2/2021,"16,085,599",14.50%,0.28%
26/2/2021,"15,555,301",14.78%,0.29%
27/2/2021,"15,990,484",15.11%,0.28%
28/2/2021,"17,683,768",13.78%,0.34%
1/3/2021,"15,185,644",13.72%,0.31%
2/3/2021,"15,237,411",13.82%,0.28%
3/3/2021,"15,983,888",13.98%,0.28%
4/3/2021,"14,767,093",13.76%,0.27%
5/3/2021,"13,615,902",16.06%,0.29%
6/3/2021,"14,226,419",15.91%,0.26%
7/3/2021,"16,794,996",14.75%,0.33%
8/3/2021,"13,513,670",15.46%,0.42%
9/3/2021,"14,005,504",16.07%,0.39%
10/3/2021,"13,965,188",15.91%,0.34%
11/3/2021,"13,269,490",14.66%,0.26%
12/3/2021,"12,200,733",14.76%,0.27%
13/3/2021,"13,476,128",14.96%,0.24%
14/3/2021,"16,618,458",14.05%,0.30%
15/3/2021,"12,999,433",13.10%,0.32%
16/3/2021,"13,538,674",15.00%,0.30%
17/3/2021,"13,906,786",14.58%,0.28%
18/3/2021,"12,842,143",14.81%,0.28%
19/3/2021,"12,547,255",19.48%,0.29%
20/3/2021,"13,586,785",17.53%,0.26%
21/3/2021,"16,545,129",15.84%,0.44%
22/3/2021,"13,183,427",13.94%,0.38%
23/3/2021,"14,414,690",15.35%,0.40%
24/3/2021,"14,899,072",14.61%,0.24%
25/3/2021,"14,608,608",14.89%,0.23%
26/3/2021,"13,299,696",14.90%,0.24%
27/3/2021,"15,082,946",14.71%,0.22%
28/3/2021,"16,777,260",13.66%,0.21%
29/3/2021,"15,957,324",13.18%,0.21%
30/3/2021,"15,554,854",11.93%,0.22%
31/3/2021,"16,242,740",15.18%,0.28%
1/4/2021,"14,220,806",19.09%,0.37%
2/4/2021,"15,530,110",17.65%,0.40%
3/4/2021,"12,789,743",15.44%,0.34%
4/4/2021,"12,226,395",15.73%,0.20%
5/4/2021,"16,381,421",14.27%,0.18%
6/4/2021,"14,518,249",13.92%,0.22%
7/4/2021,"15,975,044",18.37%,0.25%
8/4/2021,"15,058,768",16.96%,0.24%
9/4/2021,"13,275,294",16.93%,0.22%
10/4/2021,"13,717,291",18.04%,0.21%
11/4/2021,"22,157,252",18.19%,0.87%
12/4/2021,"16,331,144",17.17%,0.65%
13/4/2021,"16,042,036",16.93%,0.65%
14/4/2021,"16,886,451",19.41%,0.37%
15/4/2021,"15,625,440",18.50%,0.32%
16/4/2021,"15,560,745",19.87%,0.35%
17/4/2021,"15,161,391",19.47%,0.21%
18/4/2021,"19,710,129",19.26%,0.24%
19/4/2021,"16,230,334",17.42%,0.51%
20/4/2021,"15,883,190",17.74%,0.24%
21/4/2021,"17,316,499",18.47%,0.32%
22/4/2021,"17,026,256",19.38%,0.30%
23/4/2021,"14,737,764",20.07%,0.29%
24/4/2021,"15,222,805",20.60%,0.28%
25/4/2021,"23,266,256",20.11%,2.86%
26/4/2021,"19,721,520",18.79%,2.67%
27/4/2021,"21,094,618",19.03%,2.70%
28/4/2021,"16,215,628",15.89%,0.29%
29/4/2021,"16,899,753",16.99%,0.26%
30/4/2021,"14,566,775",16.06%,0.32%
1/5/2021,"16,617,741",16.15%,0.27%
2/5/2021,"21,098,892",14.60%,0.30%
3/5/2021,"16,069,671",13.22%,0.22%
4/5/2021,"17,330,040",13.81%,0.22%
5/5/2021,"18,284,072",15.31%,0.93%
6/5/2021,"19,035,423",14.26%,2.58%
7/5/2021,"15,236,158",14.52%,0.75%
8/5/2021,"14,333,892",14.18%,0.69%
9/5/2021,"17,797,115",12.96%,0.80%
10/5/2021,"17,151,841",12.24%,0.39%
11/5/2021,"17,697,059",14.49%,0.38%
12/5/2021,"15,395,812",17.21%,0.51%
13/5/2021,"18,802,323",17.43%,0.54%
14/5/2021,"16,285,205",22.51%,0.46%
15/5/2021,"15,574,729",17.42%,0.31%
16/5/2021,"19,632,701",16.03%,0.26%
17/5/2021,"16,128,451",14.19%,0.24%
18/5/2021,"16,076,904",14.48%,0.23%
19/5/2021,"17,174,600",16.00%,0.29%
20/5/2021,"14,603,298",14.32%,0.28%
21/5/2021,"13,532,293",15.92%,0.26%
22/5/2021,"13,912,174",16.46%,0.23%
23/5/2021,"14,403,054",15.93%,0.21%
24/5/2021,"18,568,259",14.97%,1.30%
25/5/2021,"15,891,811",13.98%,1.01%
26/5/2021,"16,597,500",14.53%,1.10%
27/5/2021,"15,578,236",15.13%,0.28%
28/5/2021,"14,133,127",15.37%,0.30%
29/5/2021,"13,682,253",15.39%,0.28%
30/5/2021,"19,561,093",17.82%,0.40%
31/5/2021,"18,289,842",15.72%,0.28%
1/6/2021,"17,960,067",15.91%,0.25%
2/6/2021,"16,948,379",16.01%,0.28%
3/6/2021,"18,183,456",16.83%,0.26%
4/6/2021,"15,887,848",15.76%,0.29%
5/6/2021,"16,044,748",16.10%,0.26%
6/6/2021,"24,336,696",20.65%,1.08%
7/6/2021,"18,885,233",18.75%,0.89%
8/6/2021,"18,459,576",19.34%,0.89%
9/6/2021,"18,783,259",19.79%,0.31%
10/6/2021,"16,951,334",19.24%,0.28%
11/6/2021,"15,681,703",20.75%,0.40%
12/6/2021,"15,113,700",19.86%,0.36%
13/6/2021,"24,116,734",23.98%,2.05%
14/6/2021,"21,349,775",21.86%,1.59%
15/6/2021,"19,945,255",21.59%,1.54%
16/6/2021,"19,079,910",21.14%,0.42%
17/6/2021,"17,842,345",21.13%,0.32%
18/6/2021,"15,415,997",21.54%,0.27%
19/6/2021,"15,544,971",23.56%,0.68%
20/6/2021,"18,968,315",22.71%,0.58%
21/6/2021,"17,033,063",23.59%,0.54%
22/6/2021,"15,909,768",22.74%,0.43%
23/6/2021,"16,497,922",24.10%,0.76%
24/6/2021,"15,177,485",26.38%,0.55%
25/6/2021,"13,897,868",25.70%,0.49%
26/6/2021,"13,782,991",25.62%,0.46%
27/6/2021,"19,628,272",27.69%,1.47%
28/6/2021,"16,940,163",26.45%,1.30%
29/6/2021,"16,811,586",27.11%,1.76%
30/6/2021,"16,262,199",27.65%,0.32%
1/7/2021,"15,101,173",26.68%,0.26%
2/7/2021,"12,704,389",27.82%,0.34%
3/7/2021,"12,296,083",25.28%,0.22%
4/7/2021,"16,920,904",25.85%,0.23%
5/7/2021,"14,970,228",24.52%,0.23%
6/7/2021,"15,057,959",25.51%,0.22%
7/7/2021,"14,316,790",25.57%,0.27%
8/7/2021,"13,975,819",27.95%,0.36%
9/7/2021,"11,846,889",28.00%,0.35%
10/7/2021,"11,124,963",27.53%,0.31%
11/7/2021,"18,782,983",29.20%,3.29%
12/7/2021,"14,890,345",26.64%,2.91%
13/7/2021,"17,429,443",27.52%,3.15%
14/7/2021,"11,826,544",19.07%,0.30%
15/7/2021,"10,919,192",20.15%,0.36%
16/7/2021,"9,551,739",19.39%,0.42%
17/7/2021,"9,910,554",21.37%,0.41%
18/7/2021,"11,654,567",17.41%,0.35%
19/7/2021,"10,903,070",15.86%,0.24%
20/7/2021,"10,503,162",15.18%,0.24%
21/7/2021,"10,680,366",16.57%,0.27%
22/7/2021,"9,572,224",17.23%,0.26%
23/7/2021,"8,781,396",17.92%,0.33%
24/7/2021,"10,269,412",19.44%,3.23%
25/7/2021,"12,432,444",19.02%,2.80%
26/7/2021,"12,193,999",17.72%,2.74%
27/7/2021,"11,148,473",17.64%,0.53%
28/7/2021,"11,824,954",20.24%,0.68%
29/7/2021,"10,894,805",21.13%,0.77%
30/7/2021,"10,041,365",18.51%,2.67%
31/7/2021,"9,963,274",19.69%,2.60%
1/8/2021,"14,321,653",16.04%,3.75%
2/8/2021,"11,335,007",17.84%,0.38%
3/8/2021,"11,419,816",17.48%,0.33%
4/8/2021,"12,163,637",18.99%,0.44%
5/8/2021,"11,201,396",19.66%,0.32%
6/8/2021,"10,095,138",19.84%,0.31%
7/8/2021,"9,774,136",18.92%,0.27%
8/8/2021,"12,765,777",17.70%,1.60%
9/8/2021,"11,998,164",16.34%,1.59%
10/8/2021,"11,607,931",15.74%,1.68%
11/8/2021,"11,168,192",18.07%,0.37%
12/8/2021,"10,891,379",19.62%,0.34%
13/8/2021,"9,131,299",20.59%,0.30%
14/8/2021,"8,354,505",19.95%,0.28%
15/8/2021,"10,545,497",18.43%,0.27%
16/8/2021,"12,004,613",18.35%,0.27%
17/8/2021,"12,585,639",18.80%,0.47%
18/8/2021,"12,455,658",18.36%,0.65%
19/8/2021,"11,585,026",20.23%,0.75%
20/8/2021,"10,102,721",20.53%,0.72%
21/8/2021,"8,978,421",19.19%,0.64%
22/8/2021,"13,443,803",16.77%,0.35%
23/8/2021,"12,848,980",18.24%,0.29%
24/8/2021,"13,702,394",25.23%,0.34%
25/8/2021,"13,745,003",20.48%,0.52%
26/8/2021,"13,219,034",19.73%,0.77%
27/8/2021,"12,676,165",18.62%,0.60%
28/8/2021,"13,020,071",16.98%,0.46%
29/8/2021,"17,568,983",14.31%,0.58%
30/8/2021,"15,153,615",12.91%,0.44%
31/8/2021,"15,188,754",18.48%,0.60%
1/9/2021,"14,550,783",19.02%,0.48%
2/9/2021,"12,190,058",14.70%,0.38%
3/9/2021,"10,229,087",15.15%,0.33%
4/9/2021,"10,170,703",15.56%,0.31%
5/9/2021,"12,759,802",14.48%,0.30%
6/9/2021,"13,284,253",14.70%,0.30%
7/9/2021,"13,431,312",14.84%,0.31%
8/9/2021,"12,866,402",15.27%,0.40%
9/9/2021,"11,251,820",13.97%,0.39%
10/9/2021,"10,369,677",16.53%,0.36%
11/9/2021,"11,042,778",14.95%,0.32%
12/9/2021,"15,092,288",15.85%,0.29%
13/9/2021,"13,439,817",15.65%,0.29%
14/9/2021,"13,557,881",15.12%,0.27%
15/9/2021,"14,023,332",14.24%,0.35%
16/9/2021,"13,438,674",15.43%,0.29%
17/9/2021,"11,341,324",14.04%,0.29%
18/9/2021,"11,194,654",14.09%,0.26%
19/9/2021,"19,644,099",14.18%,3.11%
20/9/2021,"16,970,518",13.53%,2.61%
21/9/2021,"17,434,647",12.67%,2.96%
22/9/2021,"14,689,533",13.48%,0.40%
23/9/2021,"13,678,774",14.00%,0.37%
24/9/2021,"11,844,097",15.62%,0.40%
25/9/2021,"11,446,958",15.95%,0.27%
26/9/2021,"14,618,100",14.44%,0.27%
27/9/2021,"14,222,337",14.96%,0.29%
28/9/2021,"21,454,256",15.74%,7.73%
29/9/2021,"18,381,311",15.19%,4.43%
30/9/2021,"15,692,942",15.74%,1.23%
1/10/2021,"13,178,425",16.61%,0.26%
2/10/2021,"13,252,288",15.68%,0.22%
3/10/2021,"18,361,302",15.41%,0.22%
4/10/2021,"16,259,770",14.84%,0.22%
5/10/2021,"16,713,073",15.42%,0.23%
6/10/2021,"17,223,952",16.15%,0.27%
7/10/2021,"16,125,123",16.86%,0.30%
8/10/2021,"13,887,452",17.36%,0.27%
9/10/2021,"14,366,299",18.51%,0.24%
10/10/2021,"21,537,716",19.71%,0.94%
11/10/2021,"19,138,467",18.19%,0.84%
12/10/2021,"19,528,792",19.17%,0.91%
13/10/2021,"18,630,581",19.50%,0.30%
14/10/2021,"20,080,499",17.78%,2.93%
15/10/2021,"14,503,162",19.71%,0.30%
16/10/2021,"14,212,249",18.88%,0.32%
17/10/2021,"18,481,867",19.44%,0.32%
18/10/2021,"17,396,398",19.00%,1.01%
19/10/2021,"18,376,634",19.49%,1.10%
20/10/2021,"16,180,406",18.55%,0.28%
21/10/2021,"16,552,511",19.91%,0.25%
22/10/2021,"14,637,424",19.51%,0.34%
23/10/2021,"15,160,629",19.37%,0.33%
24/10/2021,"18,197,606",19.48%,0.23%
25/10/2021,"21,820,436",20.29%,3.28%
26/10/2021,"22,878,721",21.45%,3.82%
27/10/2021,"16,343,699",19.41%,0.59%
28/10/2021,"13,910,502",18.10%,0.54%
29/10/2021,"13,775,894",19.13%,1.80%
30/10/2021,"14,051,319",19.33%,1.75%
31/10/2021,"15,733,237",20.80%,2.00%
1/11/2021,"16,313,007",16.66%,0.27%
2/11/2021,"15,274,383",14.94%,0.23%
3/11/2021,"17,045,999",15.02%,0.24%
4/11/2021,"16,324,398",14.42%,0.33%
5/11/2021,"14,198,343",16.90%,0.33%
6/11/2021,"14,549,863",16.25%,0.34%
7/11/2021,"18,899,577",15.89%,0.33%
8/11/2021,"16,081,456",15.07%,0.33%
9/11/2021,"16,279,094",13.67%,0.30%
10/11/2021,"16,689,815",15.24%,0.32%
11/11/2021,"29,361,190",20.27%,11.25%
12/11/2021,"12,116,114",15.28%,0.52%
13/11/2021,"13,219,019",16.78%,0.32%
14/11/2021,"17,206,640",15.71%,0.31%
15/11/2021,"14,982,346",14.10%,0.30%
16/11/2021,"14,522,708",14.23%,0.29%
17/11/2021,"15,957,805",17.24%,0.29%
18/11/2021,"26,363,634",28.39%,1.22%
19/11/2021,"22,607,379",26.02%,0.96%
20/11/2021,"21,102,777",25.48%,0.91%
21/11/2021,"28,009,675",26.50%,0.95%
22/11/2021,"22,946,012",24.19%,0.79%
23/11/2021,"24,337,794",25.11%,0.84%
24/11/2021,"24,515,988",26.90%,0.84%
25/11/2021,"41,818,355",32.62%,1.40%
26/11/2021,"77,562,782",32.02%,1.26%
27/11/2021,"19,650,764",24.12%,1.16%
28/11/2021,"23,268,957",22.29%,1.12%
29/11/2021,"33,193,145",24.46%,10.32%
30/11/2021,"14,021,744",13.78%,0.51%
1/12/2021,"13,526,425",16.12%,0.36%
2/12/2021,"16,592,762",16.25%,0.38%
3/12/2021,"14,928,804",16.36%,0.33%
4/12/2021,"15,696,804",14.93%,0.40%
5/12/2021,"18,117,228",14.41%,0.31%
6/12/2021,"17,057,420",14.82%,0.81%
7/12/2021,"17,619,287",14.13%,0.83%
8/12/2021,"19,361,601",15.31%,0.84%
9/12/2021,"18,009,127",15.24%,0.29%
10/12/2021,"16,035,146",15.47%,0.32%
11/12/2021,"17,072,638",17.73%,0.35%
12/12/2021,"20,582,370",17.65%,0.33%
13/12/2021,"20,324,253",16.85%,1.89%
14/12/2021,"20,768,618",16.37%,3.00%
15/12/2021,"20,729,205",17.05%,3.13%
16/12/2021,"19,692,512",19.87%,3.01%
17/12/2021,"17,026,548",18.97%,2.77%
18/12/2021,"16,959,098",19.49%,2.93%
19/12/2021,"18,769,590",19.90%,3.01%
20/12/2021,"14,877,454",17.99%,0.32%
21/12/2021,"12,286,404",17.73%,0.32%
22/12/2021,"10,720,180",19.14%,0.36%
23/12/2021,"8,415,628",20.86%,0.45%
24/12/2021,"7,180,298",21.48%,0.45%
25/12/2021,"9,906,509",22.13%,0.42%
26/12/2021,"15,626,924",24.69%,2.55%
27/12/2021,"16,550,509",23.92%,2.34%
28/12/2021,"17,378,266",24.08%,2.40%
29/12/2021,"15,457,846",23.85%,0.43%
30/12/2021,"12,926,063",23.19%,0.49%
31/12/2021,"7,973,697",24.53%,0.83%
1/1/2022,"9,206,392",23.79%,0.26%
2/1/2022,"13,863,833",24.17%,0.23%
3/1/2022,"13,712,053",23.24%,0.26%
4/1/2022,"14,407,945",22.63%,0.25%
5/1/2022,"14,064,111",22.12%,0.26%
6/1/2022,"13,438,413",22.96%,0.26%
7/1/2022,"12,416,864",22.97%,0.26%
8/1/2022,"12,173,075",22.57%,0.22%
9/1/2022,"16,066,737",26.83%,1.03%
10/1/2022,"14,493,474",28.11%,0.95%
11/1/2022,"14,705,238",26.95%,1.00%
12/1/2022,"14,846,481",27.31%,0.28%
13/1/2022,"13,578,784",27.89%,0.28%
14/1/2022,"14,241,544",31.08%,1.40%
15/1/2022,"13,892,738",30.06%,1.29%
16/1/2022,"16,460,531",27.85%,1.23%
17/1/2022,"13,491,627",27.96%,0.27%
18/1/2022,"13,602,350",27.97%,0.25%
19/1/2022,"14,393,397",28.84%,0.28%
20/1/2022,"13,395,215",28.47%,0.27%
21/1/2022,"12,243,616",28.95%,0.28%
22/1/2022,"12,702,616",27.95%,0.26%
23/1/2022,"21,292,779",31.60%,7.16%
24/1/2022,"17,227,782",30.52%,6.50%
25/1/2022,"19,917,328",30.99%,7.01%
26/1/2022,"12,053,865",22.36%,0.49%
27/1/2022,"11,822,190",21.75%,0.40%
28/1/2022,"10,613,054",22.21%,0.74%
29/1/2022,"11,787,297",22.67%,0.77%
30/1/2022,"13,510,553",20.37%,0.68%
31/1/2022,"12,199,624",20.69%,0.78%
1/2/2022,"12,894,741",20.66%,0.38%
2/2/2022,"13,534,368",21.41%,0.47%
3/2/2022,"12,120,638",21.96%,0.66%
4/2/2022,"11,098,486",20.65%,0.55%
5/2/2022,"11,004,250",19.07%,0.52%
6/2/2022,"16,242,532",17.94%,3.54%
7/2/2022,"13,433,325",18.77%,2.92%
8/2/2022,"13,707,685",20.61%,2.89%
9/2/2022,"14,238,227",22.64%,2.90%
10/2/2022,"13,625,786",24.02%,3.12%
11/2/2022,"12,213,573",21.86%,3.13%
12/2/2022,"12,287,373",21.79%,3.04%
13/2/2022,"15,007,198",19.41%,3.11%
14/2/2022,"13,904,430",19.16%,3.41%
15/2/2022,"12,283,631",18.98%,0.46%
16/2/2022,"13,168,169",19.37%,0.48%
17/2/2022,"11,971,682",18.25%,0.44%
18/2/2022,"10,919,671",20.61%,0.49%
19/2/2022,"11,401,168",21.57%,0.47%
20/2/2022,"14,571,356",18.13%,0.42%
21/2/2022,"12,341,156",17.56%,0.43%
22/2/2022,"12,399,390",17.36%,0.45%
23/2/2022,"12,478,465",17.44%,0.63%
24/2/2022,"11,328,220",20.33%,0.62%
25/2/2022,"10,627,292",20.17%,0.57%
26/2/2022,"11,360,464",21.04%,0.56%
27/2/2022,"13,849,813",20.33%,0.54%
28/2/2022,"12,908,923",18.58%,0.55%
1/3/2022,"13,102,444",18.00%,0.39%
2/3/2022,"13,406,080",17.49%,0.50%
3/3/2022,"12,097,756",17.07%,0.52%
4/3/2022,"11,352,471",18.89%,0.49%
5/3/2022,"12,323,540",18.93%,0.49%
6/3/2022,"15,613,501",17.54%,0.42%
7/3/2022,"13,066,728",16.98%,0.41%
8/3/2022,"13,353,141",17.23%,0.41%
9/3/2022,"14,104,735",17.98%,0.46%
10/3/2022,"12,779,979",16.72%,0.48%
11/3/2022,"12,913,002",18.31%,2.25%
12/3/2022,"13,250,605",16.00%,2.36%
13/3/2022,"16,880,906",15.31%,2.47%
14/3/2022,"13,780,047",14.33%,0.43%
15/3/2022,"14,297,381",14.38%,0.38%
16/3/2022,"14,761,059",13.96%,0.46%
17/3/2022,"13,286,058",15.42%,0.50%
18/3/2022,"11,949,802",15.96%,0.51%
19/3/2022,"12,699,178",17.22%,0.38%
20/3/2022,"16,247,878",15.40%,0.42%
21/3/2022,"14,387,977",13.57%,0.34%
22/3/2022,"14,627,795",13.49%,0.35%
23/3/2022,"15,627,714",14.61%,0.35%
24/3/2022,"14,250,228",14.35%,0.37%
25/3/2022,"13,164,379",15.53%,0.39%
26/3/2022,"13,939,059",16.86%,0.47%
27/3/2022,"16,686,392",14.59%,0.39%
28/3/2022,"15,978,387",14.38%,0.36%
29/3/2022,"17,048,908",13.99%,2.19%
30/3/2022,"17,085,043",15.07%,1.85%
31/3/2022,"15,989,442",15.56%,1.98%
1/4/2022,"12,865,273",15.32%,0.28%
2/4/2022,"13,497,786",13.99%,0.24%
3/4/2022,"20,683,164",17.80%,0.26%
4/4/2022,"15,950,121",17.06%,0.26%
5/4/2022,"15,612,444",17.33%,0.26%
6/4/2022,"16,131,484",18.41%,0.25%
7/4/2022,"17,295,585",18.39%,1.76%
8/4/2022,"14,447,362",20.79%,0.28%
9/4/2022,"14,906,468",19.27%,0.21%
10/4/2022,"19,808,004",18.48%,1.64%
11/4/2022,"16,221,609",17.54%,1.35%
12/4/2022,"15,949,671",18.71%,1.48%
13/4/2022,"14,165,513",18.35%,0.38%
14/4/2022,"12,246,270",18.65%,0.42%
15/4/2022,"13,115,150",20.18%,0.63%
16/4/2022,"10,638,887",17.38%,0.42%
17/4/2022,"11,408,554",18.62%,0.61%
18/4/2022,"14,545,881",15.56%,0.35%
19/4/2022,"14,731,588",14.72%,0.19%
20/4/2022,"16,448,979",16.77%,0.22%
21/4/2022,"16,043,189",16.77%,0.21%
22/4/2022,"14,389,765",18.38%,0.21%
23/4/2022,"14,302,842",17.03%,0.18%
24/4/2022,"23,465,583",19.97%,3.40%
25/4/2022,"20,535,615",19.08%,4.10%
26/4/2022,"20,034,243",20.09%,3.84%
27/4/2022,"19,275,894",20.72%,1.91%
28/4/2022,"16,896,830",20.74%,0.26%
29/4/2022,"15,655,805",24.10%,0.26%
30/4/2022,"16,189,388",22.68%,0.24%
1/5/2022,"21,181,306",22.72%,0.83%
2/5/2022,"18,633,035",21.21%,0.66%
3/5/2022,"18,796,151",22.50%,0.84%
4/5/2022,"18,511,958",23.15%,0.50%
5/5/2022,"17,137,804",23.19%,0.43%
6/5/2022,"17,327,205",23.80%,2.61%
7/5/2022,"17,598,754",22.11%,2.89%
8/5/2022,"23,394,245",20.14%,3.16%
9/5/2022,"15,947,019",13.40%,0.26%
10/5/2022,"17,263,844",13.77%,0.22%
11/5/2022,"18,208,413",15.10%,0.24%
12/5/2022,"16,720,032",15.07%,0.24%
13/5/2022,"14,248,894",15.23%,0.26%
14/5/2022,"13,844,362",13.99%,0.22%
15/5/2022,"19,236,215",12.13%,0.34%
16/5/2022,"17,926,799",11.69%,0.33%
17/5/2022,"18,196,142",11.61%,0.34%
18/5/2022,"18,464,268",11.81%,0.31%
19/5/2022,"17,340,884",13.54%,0.32%
20/5/2022,"14,385,685",12.60%,0.32%
21/5/2022,"14,084,261",14.79%,0.33%
22/5/2022,"17,741,170",14.41%,0.30%
23/5/2022,"15,595,323",13.12%,0.31%
24/5/2022,"14,952,136",13.67%,0.29%
25/5/2022,"12,236,679",13.32%,0.46%
26/5/2022,"14,185,829",15.36%,0.50%
27/5/2022,"12,653,888",14.50%,0.44%
28/5/2022,"13,108,129",15.61%,0.41%
29/5/2022,"16,980,437",15.00%,0.42%
30/5/2022,"15,853,309",14.22%,0.92%
31/5/2022,"15,967,073",15.80%,0.93%
1/6/2022,"15,546,180",16.57%,0.84%
2/6/2022,"13,748,587",16.08%,0.85%
3/6/2022,"13,249,347",19.96%,0.79%
4/6/2022,"12,486,813",19.61%,0.80%
5/6/2022,"15,200,445",20.47%,0.98%
6/6/2022,"21,604,064",20.59%,2.75%
7/6/2022,"17,378,115",18.84%,2.59%
8/6/2022,"19,830,435",22.49%,3.05%
9/6/2022,"15,820,756",21.07%,0.37%
10/6/2022,"13,754,899",22.53%,0.34%
11/6/2022,"13,395,188",21.78%,0.31%
12/6/2022,"19,290,854",22.54%,2.54%
13/6/2022,"17,885,739",21.25%,2.39%
14/6/2022,"17,867,691",21.43%,2.54%
15/6/2022,"15,010,454",21.15%,0.29%
16/6/2022,"15,164,295",20.89%,0.24%
17/6/2022,"13,563,100",21.83%,0.24%
18/6/2022,"13,091,591",21.86%,0.20%
19/6/2022,"17,942,857",22.03%,0.21%
20/6/2022,"16,627,517",20.43%,0.22%
21/6/2022,"17,467,706",23.58%,0.25%
22/6/2022,"16,793,704",24.02%,0.25%
23/6/2022,"15,269,669",22.54%,0.25%
24/6/2022,"13,916,991",26.02%,0.26%
25/6/2022,"12,774,609",24.65%,0.24%
26/6/2022,"20,777,464",26.28%,4.69%
27/6/2022,"19,080,886",25.30%,4.22%
28/6/2022,"20,719,214",27.20%,4.74%
29/6/2022,"16,077,173",24.31%,0.32%
30/6/2022,"15,194,619",24.11%,0.25%
1/7/2022,"13,572,362",25.01%,0.22%
2/7/2022,"13,045,357",25.55%,0.21%
3/7/2022,"16,746,626",25.84%,0.21%
4/7/2022,"16,046,621",25.25%,0.24%
5/7/2022,"15,860,367",25.77%,0.24%
6/7/2022,"14,846,031",25.55%,0.27%
7/7/2022,"13,982,136",26.27%,0.24%
8/7/2022,"11,985,192",25.29%,0.24%
9/7/2022,"11,733,004",25.35%,0.21%
10/7/2022,"14,779,861",24.03%,0.18%
11/7/2022,"14,396,304",25.62%,0.23%
12/7/2022,"14,735,538",26.61%,0.22%
13/7/2022,"13,900,507",25.72%,0.23%
14/7/2022,"13,304,393",26.50%,0.23%
15/7/2022,"11,569,717",26.56%,0.24%
16/7/2022,"10,867,619",25.82%,0.22%
17/7/2022,"15,527,587",27.10%,2.13%
18/7/2022,"15,124,646",25.45%,2.06%
19/7/2022,"15,714,366",26.16%,2.22%
20/7/2022,"11,373,951",19.90%,0.26%
21/7/2022,"10,857,709",22.37%,0.31%
22/7/2022,"9,907,609",22.62%,0.39%
23/7/2022,"9,670,962",21.75%,0.34%
24/7/2022,"11,688,610",20.14%,0.33%
25/7/2022,"11,902,649",19.97%,0.24%
26/7/2022,"11,966,891",20.26%,0.23%
27/7/2022,"11,190,488",20.32%,0.25%
28/7/2022,"10,194,157",20.58%,0.34%
29/7/2022,"9,754,881",20.71%,0.60%
30/7/2022,"9,349,328",21.66%,0.42%
31/7/2022,"11,445,798",21.90%,0.70%
1/8/2022,"12,135,396",19.63%,0.66%
2/8/2022,"11,437,832",19.21%,0.24%
3/8/2022,"11,357,000",19.97%,0.32%
4/8/2022,"11,052,513",21.14%,0.37%
5/8/2022,"9,922,148",21.05%,0.37%
6/8/2022,"9,717,397",21.54%,0.40%
7/8/2022,"12,244,325",21.12%,0.39%
8/8/2022,"11,701,240",18.94%,0.23%
9/8/2022,"11,581,245",19.23%,0.29%
10/8/2022,"12,267,943",24.38%,0.36%
11/8/2022,"11,356,899",23.99%,0.41%
12/8/2022,"9,720,208",22.13%,0.27%
13/8/2022,"9,019,361",21.31%,0.23%
14/8/2022,"11,068,613",21.57%,0.21%
15/8/2022,"12,501,324",20.72%,2.41%
16/8/2022,"12,451,141",21.41%,1.12%
17/8/2022,"11,916,190",21.94%,0.41%
18/8/2022,"11,864,581",22.63%,0.34%
19/8/2022,"11,206,050",23.46%,0.23%
20/8/2022,"10,818,485",21.74%,0.24%
21/8/2022,"12,409,949",20.77%,0.24%
22/8/2022,"13,839,127",20.55%,3.19%
23/8/2022,"12,184,999",21.72%,1.16%
24/8/2022,"12,020,326",21.41%,0.33%
25/8/2022,"10,826,747",21.73%,0.34%
26/8/2022,"10,182,135",20.99%,0.38%
27/8/2022,"11,075,281",22.34%,0.57%
28/8/2022,"13,947,566",20.07%,0.51%
29/8/2022,"15,554,223",20.87%,3.34%
30/8/2022,"13,750,228",20.47%,1.21%
31/8/2022,"13,722,960",18.17%,0.29%
1/9/2022,"12,850,731",19.40%,0.27%
2/9/2022,"11,193,989",19.37%,0.27%
3/9/2022,"12,148,161",20.04%,0.34%
4/9/2022,"14,469,151",19.38%,0.37%
5/9/2022,"13,637,744",17.27%,0.31%
6/9/2022,"14,277,776",18.38%,0.34%
7/9/2022,"14,697,261",20.75%,0.33%
8/9/2022,"14,757,350",19.95%,0.26%
9/9/2022,"12,965,932",19.19%,0.25%
10/9/2022,"13,861,262",18.88%,0.23%
11/9/2022,"17,306,667",19.47%,0.23%
12/9/2022,"14,727,984",16.53%,0.24%
13/9/2022,"17,276,705",17.64%,3.53%
14/9/2022,"19,465,156",20.85%,4.02%
15/9/2022,"18,020,524",19.25%,3.86%
16/9/2022,"16,436,124",19.58%,3.69%
17/9/2022,"18,564,432",18.75%,3.69%
18/9/2022,"26,112,344",17.60%,4.08%
19/9/2022,"17,870,410",15.11%,0.53%
20/9/2022,"17,970,435",16.29%,0.61%
21/9/2022,"17,331,234",16.59%,0.64%
22/9/2022,"15,277,821",16.06%,0.38%
23/9/2022,"14,292,837",18.24%,0.35%
24/9/2022,"15,571,826",17.55%,0.30%
25/9/2022,"21,687,542",17.97%,1.66%
26/9/2022,"19,508,890",16.96%,1.97%
27/9/2022,"19,810,354",17.21%,2.09%
28/9/2022,"19,384,631",17.37%,0.99%
29/9/2022,"17,245,577",17.19%,0.40%
30/9/2022,"14,513,483",19.29%,0.44%
1/10/2022,"15,814,331",17.24%,0.39%
2/10/2022,"17,488,142",18.20%,0.36%
3/10/2022,"16,959,686",16.82%,0.32%
4/10/2022,"14,265,844",15.26%,0.29%
5/10/2022,"15,097,686",16.50%,0.56%
6/10/2022,"14,325,693",16.64%,0.49%
7/10/2022,"12,952,330",18.78%,0.44%
8/10/2022,"13,980,401",17.99%,0.43%
9/10/2022,"21,686,198",22.12%,0.44%
10/10/2022,"18,200,290",21.70%,0.36%
11/10/2022,"17,689,356",21.10%,0.32%
12/10/2022,"18,738,795",21.00%,1.61%
13/10/2022,"18,952,930",22.42%,2.08%
14/10/2022,"16,077,762",21.21%,1.58%
15/10/2022,"15,296,283",21.84%,0.38%
16/10/2022,"18,951,567",22.91%,0.84%
17/10/2022,"15,991,740",22.89%,0.37%
18/10/2022,"16,328,423",22.22%,0.35%
19/10/2022,"16,931,133",22.23%,0.52%
20/10/2022,"16,367,353",23.36%,0.49%
21/10/2022,"14,599,243",23.17%,0.44%
22/10/2022,"14,628,069",23.21%,0.39%
23/10/2022,"22,545,811",23.71%,3.13%
24/10/2022,"20,127,025",22.77%,3.06%
25/10/2022,"22,381,639",23.57%,3.46%
26/10/2022,"15,067,029",21.56%,0.66%
27/10/2022,"13,714,667",20.81%,0.61%
28/10/2022,"12,100,780",21.44%,0.55%
29/10/2022,"11,849,363",19.81%,0.36%
30/10/2022,"14,561,144",20.41%,0.34%
31/10/2022,"12,689,026",19.49%,0.35%
1/11/2022,"16,703,680",23.85%,1.50%
2/11/2022,"15,827,022",20.76%,0.94%
3/11/2022,"16,154,319",21.85%,0.92%
4/11/2022,"14,707,212",20.17%,0.88%
5/11/2022,"14,877,530",17.85%,0.41%
6/11/2022,"18,835,528",16.40%,0.31%
7/11/2022,"16,094,516",17.11%,0.30%
8/11/2022,"15,589,508",16.64%,0.29%
9/11/2022,"16,608,320",18.72%,0.74%
10/11/2022,"20,393,266",16.69%,9.15%
11/11/2022,"23,046,053",18.83%,9.89%
12/11/2022,"12,381,161",19.89%,0.60%
13/11/2022,"16,422,782",17.62%,0.27%
14/11/2022,"14,691,326",14.98%,0.27%
15/11/2022,"14,671,955",15.93%,0.25%
16/11/2022,"15,136,541",17.24%,0.42%
17/11/2022,"20,843,349",28.38%,0.54%
18/11/2022,"23,903,931",28.17%,0.43%
19/11/2022,"25,046,318",28.17%,0.39%
20/11/2022,"32,605,348",28.60%,0.41%
21/11/2022,"25,330,460",27.23%,0.42%
22/11/2022,"26,303,687",28.51%,0.41%
23/11/2022,"26,406,156",28.69%,0.53%
24/11/2022,"38,219,136",33.84%,0.53%
25/11/2022,"66,115,724",33.12%,0.44%
26/11/2022,"26,934,947",30.41%,0.38%
27/11/2022,"31,890,868",29.75%,0.35%
28/11/2022,"32,100,918",25.27%,8.93%
29/11/2022,"14,314,613",19.54%,0.26%
30/11/2022,"15,026,662",17.10%,0.32%