unique_id,ds,y,Exogenous1,Exogenous2
BE,10/22/2016 0:00,70,49593,57253
BE,10/22/2016 1:00,37.1,46073,51887
BE,10/22/2016 2:00,37.1,44927,51896
BE,10/22/2016 3:00,44.75,44483,48428
BE,10/22/2016 4:00,37.1,44338,46721
BE,10/22/2016 5:00,35.61,44504,46303
BE,10/22/2016 6:00,34.55,45005,48298
BE,10/22/2016 7:00,50.49,45602,51071
BE,10/22/2016 8:00,61.55,47063,54080
BE,10/22/2016 9:00,58.82,48814,56210
BE,10/22/2016 10:00,63.05,49608,57478
BE,10/22/2016 11:00,61.69,48012,56596
BE,10/22/2016 12:00,56.3,47023,57390
BE,10/22/2016 13:00,53.9,46596,57945
BE,10/22/2016 14:00,46.24,45840,53255
BE,10/22/2016 15:00,45.91,45676,50680
BE,10/22/2016 16:00,46.01,45878,48216
BE,10/22/2016 17:00,51.31,45593,47565
BE,10/22/2016 18:00,66.19,48227,50547
BE,10/22/2016 19:00,81.03,52942,55624
BE,10/22/2016 20:00,71.92,51778,57722
BE,10/22/2016 21:00,58.1,47939,53639
BE,10/22/2016 22:00,53.14,47843,52006
BE,10/22/2016 23:00,54.11,47428,56345
BE,10/23/2016 0:00,50.9,47297,55630
BE,10/23/2016 1:00,44.14,45617,50321
BE,10/23/2016 2:00,40.71,44867,49903
BE,10/23/2016 3:00,34.42,44101,46343
BE,10/23/2016 4:00,32.03,43330,44382
BE,10/23/2016 5:00,32.14,43385,43556
BE,10/23/2016 6:00,33.24,43744,44804
BE,10/23/2016 7:00,41.62,43965,45983
BE,10/23/2016 8:00,38.09,44230,47693
BE,10/23/2016 9:00,40.34,44989,49168
BE,10/23/2016 10:00,41.87,45329,51510
BE,10/23/2016 11:00,48.37,46288,52390
BE,10/23/2016 12:00,45.75,45570,54506
BE,10/23/2016 13:00,40.35,45128,55545
BE,10/23/2016 14:00,34.97,44328,50153
BE,10/23/2016 15:00,32.66,43660,47606
BE,10/23/2016 16:00,34.44,43469,45425
BE,10/23/2016 17:00,41.27,44112,44392
BE,10/23/2016 18:00,56.24,45559,46939
BE,10/23/2016 19:00,72.98,49897,53214
BE,10/23/2016 20:00,63.56,48725,55652
BE,10/23/2016 21:00,54.7,47603,52067
BE,10/23/2016 22:00,53.27,46477,49906
BE,10/23/2016 23:00,48.57,46829,53725
BE,10/24/2016 0:00,44.6,45605,52433
BE,10/24/2016 1:00,40.92,44629,48222
BE,10/24/2016 2:00,37.39,44073,47604
BE,10/24/2016 3:00,36.4,44359,44274
BE,10/24/2016 4:00,33.01,44056,42489
BE,10/24/2016 5:00,37.89,44799,43777
BE,10/24/2016 6:00,52.01,46875,47991
BE,10/24/2016 7:00,97.14,51366,55185
BE,10/24/2016 8:00,92.12,53809,60015
BE,10/24/2016 9:00,82,54094,60053
BE,10/24/2016 10:00,125.09,54299,60610
BE,10/24/2016 11:00,100.01,53948,60556
BE,10/24/2016 12:00,127,53619,61094
BE,10/24/2016 13:00,115.37,53703,61430
BE,10/24/2016 14:00,92.7,52500,58483
BE,10/24/2016 15:00,85.84,52164,56579
BE,10/24/2016 16:00,86.62,52271,54449
BE,10/24/2016 17:00,87,53024,53481
BE,10/24/2016 18:00,140.06,54567,54803
BE,10/24/2016 19:00,176.16,58331,60304
BE,10/24/2016 20:00,152.26,55787,60805
BE,10/24/2016 21:00,74.29,52537,55097
BE,10/24/2016 22:00,68.5,51121,52211
BE,10/24/2016 23:00,60.15,50028,55879
BE,10/25/2016 0:00,76.74,48476,53936
BE,10/25/2016 1:00,60.09,47314,48860
BE,10/25/2016 2:00,53.12,47214,48737
BE,10/25/2016 3:00,47.65,46298,45369
BE,10/25/2016 4:00,41.4,45160,43820
BE,10/25/2016 5:00,46.12,45795,44784
BE,10/25/2016 6:00,71.04,48320,48725
BE,10/25/2016 7:00,173.69,51820,55892
BE,10/25/2016 8:00,227.76,54134,60711
BE,10/25/2016 9:00,219.67,55589,60605
BE,10/25/2016 10:00,235.54,55677,61108
BE,10/25/2016 11:00,213.11,55684,61014
BE,10/25/2016 12:00,169.77,54600,61473
BE,10/25/2016 13:00,200,53962,61785
BE,10/25/2016 14:00,299,53369,58954
BE,10/25/2016 15:00,85.56,52271,57319
BE,10/25/2016 16:00,87.21,52493,55473
BE,10/25/2016 17:00,91.32,52777,54199
BE,10/25/2016 18:00,141.07,55401,55318
BE,10/25/2016 19:00,196.15,59055,60674
BE,10/25/2016 20:00,179.55,56438,61131
BE,10/25/2016 21:00,86.04,52683,55752
BE,10/25/2016 22:00,73.74,51363,52681
BE,10/25/2016 23:00,61.7,50851,56300
BE,10/26/2016 0:00,60,50849,54168
BE,10/26/2016 1:00,51.57,48814,49187
BE,10/26/2016 2:00,43.92,49042,49043
BE,10/26/2016 3:00,42.2,48398,45884
BE,10/26/2016 4:00,42.36,47959,44363
BE,10/26/2016 5:00,47.8,48139,45222
BE,10/26/2016 6:00,61.46,51294,49215
BE,10/26/2016 7:00,88.36,53912,55994
BE,10/26/2016 8:00,89.19,56469,60805
BE,10/26/2016 9:00,90.03,56728,60941
BE,10/26/2016 10:00,87.88,56261,61057
BE,10/26/2016 11:00,85.95,56182,61142
BE,10/26/2016 12:00,78.05,55445,61552
BE,10/26/2016 13:00,76.7,54509,62189
BE,10/26/2016 14:00,77.16,53453,58744
BE,10/26/2016 15:00,81.78,53173,56940
BE,10/26/2016 16:00,73.82,52711,55115
BE,10/26/2016 17:00,72.9,52815,53803
BE,10/26/2016 18:00,106.42,54318,54921
BE,10/26/2016 19:00,145.06,58071,60349
BE,10/26/2016 20:00,92.23,55930,60977
BE,10/26/2016 21:00,72.39,54446,56072
BE,10/26/2016 22:00,62.58,52152,53143
BE,10/26/2016 23:00,57.05,52635,57079
BE,10/27/2016 0:00,52.58,51286,55107
BE,10/27/2016 1:00,44.86,49003,50288
BE,10/27/2016 2:00,42.31,49149,49855
BE,10/27/2016 3:00,39.66,49161,46504
BE,10/27/2016 4:00,38.98,47910,44984
BE,10/27/2016 5:00,42.31,48307,45752
BE,10/27/2016 6:00,51.57,49766,49500
BE,10/27/2016 7:00,75.69,53064,55893
BE,10/27/2016 8:00,80.03,55505,60447
BE,10/27/2016 9:00,77,56509,60760
BE,10/27/2016 10:00,74.78,55966,61106
BE,10/27/2016 11:00,73.4,55287,60953
BE,10/27/2016 12:00,63.24,53214,61643
BE,10/27/2016 13:00,60.91,52655,61641
BE,10/27/2016 14:00,59.98,52483,58791
BE,10/27/2016 15:00,59.9,51623,57200
BE,10/27/2016 16:00,60.56,51579,55230
BE,10/27/2016 17:00,61.86,51592,53702
BE,10/27/2016 18:00,77,53803,55073
BE,10/27/2016 19:00,85.87,58189,60813
BE,10/27/2016 20:00,73.27,56949,60885
BE,10/27/2016 21:00,58.23,52658,56218
BE,10/27/2016 22:00,55.69,52129,53445
BE,10/27/2016 23:00,53.64,52243,57423
BE,10/28/2016 0:00,48.03,50303,55856
BE,10/28/2016 1:00,40.74,48416,50812
BE,10/28/2016 2:00,38.42,47986,50409
BE,10/28/2016 3:00,35.68,46729,47478
BE,10/28/2016 4:00,35.75,46691,45693
BE,10/28/2016 5:00,38.63,47571,46672
BE,10/28/2016 6:00,57.33,48793,50554
BE,10/28/2016 7:00,71.42,52234,56544
BE,10/28/2016 8:00,76,54161,61291
BE,10/28/2016 9:00,74.56,54602,62124
BE,10/28/2016 10:00,72,54615,62597
BE,10/28/2016 11:00,68.78,53744,61710
BE,10/28/2016 12:00,62.15,52819,61905
BE,10/28/2016 13:00,60,52557,61369
BE,10/28/2016 14:00,57.98,51885,57754
BE,10/28/2016 15:00,56.28,51330,55566
BE,10/28/2016 16:00,56.3,51364,53690
BE,10/28/2016 17:00,61.45,51785,52165
BE,10/28/2016 18:00,72.5,53450,54014
BE,10/28/2016 19:00,81.24,56927,59248
BE,10/28/2016 20:00,68.59,54513,59014
BE,10/28/2016 21:00,60,52386,55274
BE,10/28/2016 22:00,72.45,50868,52976
BE,10/28/2016 23:00,71.95,51541,57051
BE,10/29/2016 0:00,53.03,50882,55080
BE,10/29/2016 1:00,47.68,47884,50196
BE,10/29/2016 2:00,46,46571,49620
BE,10/29/2016 3:00,42.8,45521,46197
BE,10/29/2016 4:00,39.43,45575,44052
BE,10/29/2016 5:00,39.99,45399,43619
BE,10/29/2016 6:00,44.34,45517,45304
BE,10/29/2016 7:00,51.06,46180,46926
BE,10/29/2016 8:00,52.78,46848,50137
BE,10/29/2016 9:00,57.16,48563,52355
BE,10/29/2016 10:00,67.22,49285,53763
BE,10/29/2016 11:00,59.16,49386,53282
BE,10/29/2016 12:00,53.02,48777,54275
BE,10/29/2016 13:00,51.47,48115,55205
BE,10/29/2016 14:00,42.78,46092,50628
BE,10/29/2016 15:00,42.2,45491,48515
BE,10/29/2016 16:00,44.5,45404,46441
BE,10/29/2016 17:00,51.16,46068,45166
BE,10/29/2016 18:00,58.89,47805,47761
BE,10/29/2016 19:00,65.68,51244,53023
BE,10/29/2016 20:00,64.45,50711,53451
BE,10/29/2016 21:00,61.11,48384,50276
BE,10/29/2016 22:00,55.18,47642,48657
BE,10/29/2016 23:00,46.17,48910,53259
BE,10/30/2016 0:00,45,49573,52584
BE,10/30/2016 1:00,42.87,47664,47832
BE,10/30/2016 2:00,38.34,46074,47370
BE,10/30/2016 3:00,31.4,45463,43974
BE,10/30/2016 4:00,31.45,44049,41740
BE,10/30/2016 5:00,32.03,44321,41049
BE,10/30/2016 6:00,32.55,45262,42132
BE,10/30/2016 7:00,33.35,45466,42418
BE,10/30/2016 8:00,35.02,45833,44546
BE,10/30/2016 9:00,36.49,46259,45635
BE,10/30/2016 10:00,36.99,46395,47513
BE,10/30/2016 11:00,38.33,46833,48296
BE,10/30/2016 12:00,37.2,46732,50247
BE,10/30/2016 13:00,33.9,46975,51335
BE,10/30/2016 14:00,32.48,46078,46313
BE,10/30/2016 15:00,33.09,45741,44348
BE,10/30/2016 16:00,34.64,46241,42673
BE,10/30/2016 17:00,49.2,47179,41790
BE,10/30/2016 18:00,57.56,50215,44623
BE,10/30/2016 19:00,56.65,52010,51631
BE,10/30/2016 20:00,50.51,51338,53603
BE,10/30/2016 21:00,39,49425,51045
BE,10/30/2016 22:00,39,48535,48908
BE,10/30/2016 23:00,40,49495,53211
BE,10/31/2016 0:00,35.36,48905,51668
BE,10/31/2016 1:00,34.94,47671,47642
BE,10/31/2016 2:00,34.66,46931,47591
BE,10/31/2016 3:00,33.92,46276,44477
BE,10/31/2016 4:00,34.39,46172,42624
BE,10/31/2016 5:00,40.59,46496,43664
BE,10/31/2016 6:00,47.43,47717,46371
BE,10/31/2016 7:00,51.68,48661,49835
BE,10/31/2016 8:00,50.47,49897,51020
BE,10/31/2016 9:00,47.38,50671,53123
BE,10/31/2016 10:00,45.1,50967,52888
BE,10/31/2016 11:00,44,50723,52466
BE,10/31/2016 12:00,39,50020,52858
BE,10/31/2016 13:00,44.98,50142,53188
BE,10/31/2016 14:00,44.05,49682,50584
BE,10/31/2016 15:00,46.48,48937,48743
BE,10/31/2016 16:00,49.73,49420,47321
BE,10/31/2016 17:00,59.69,50628,47511
BE,10/31/2016 18:00,63.5,53468,55706
BE,10/31/2016 19:00,65.83,55041,59537
BE,10/31/2016 20:00,56.11,53535,53823
BE,10/31/2016 21:00,40.26,49893,50622
BE,10/31/2016 22:00,38.62,49037,49194
BE,10/31/2016 23:00,38.65,49094,53441
BE,11/1/2016 0:00,33.31,49118,52429
BE,11/1/2016 1:00,33.68,47890,48724
BE,11/1/2016 2:00,33.31,47158,49240
BE,11/1/2016 3:00,32.52,45991,44825
BE,11/1/2016 4:00,32.99,45378,43803
BE,11/1/2016 5:00,33.31,45471,43713
BE,11/1/2016 6:00,36.98,45781,45186
BE,11/1/2016 7:00,41.93,46135,46422
BE,11/1/2016 8:00,41.09,46257,45796
BE,11/1/2016 9:00,40,46982,47750
BE,11/1/2016 10:00,39.94,46648,49261
BE,11/1/2016 11:00,42.3,46556,49275
BE,11/1/2016 12:00,40.01,46976,50345
BE,11/1/2016 13:00,38.9,47068,52408
BE,11/1/2016 14:00,32.91,46459,47818
BE,11/1/2016 15:00,34,46186,45870
BE,11/1/2016 16:00,39.34,46295,45125
BE,11/1/2016 17:00,54.02,46919,45587
BE,11/1/2016 18:00,49.99,50224,53126
BE,11/1/2016 19:00,67.15,51960,57711
BE,11/1/2016 20:00,47.4,51040,53500
BE,11/1/2016 21:00,46.14,49577,51139
BE,11/1/2016 22:00,45.68,49011,49624
BE,11/1/2016 23:00,39.93,49661,53860
BE,11/2/2016 0:00,43.46,49545,52617
BE,11/2/2016 1:00,37.15,48141,48826
BE,11/2/2016 2:00,34.6,48062,49151
BE,11/2/2016 3:00,34.49,46844,45434
BE,11/2/2016 4:00,34.6,46999,44385
BE,11/2/2016 5:00,38.7,48123,46193
BE,11/2/2016 6:00,56.74,49777,49747
BE,11/2/2016 7:00,62.02,51954,56265
BE,11/2/2016 8:00,60.54,53256,59625
BE,11/2/2016 9:00,59.7,54103,61329
BE,11/2/2016 10:00,59.57,53360,62708
BE,11/2/2016 11:00,53.22,53098,63412
BE,11/2/2016 12:00,51.39,52528,64386
BE,11/2/2016 13:00,50.35,52373,64606
BE,11/2/2016 14:00,49.78,52193,61545
BE,11/2/2016 15:00,48.92,51720,60117
BE,11/2/2016 16:00,74.2,51770,58458
BE,11/2/2016 17:00,58.14,53063,58490
BE,11/2/2016 18:00,108.79,56520,63597
BE,11/2/2016 19:00,104.94,57181,68435
BE,11/2/2016 20:00,73.8,55481,64385
BE,11/2/2016 21:00,54.8,53053,60352
BE,11/2/2016 22:00,59.85,51525,57641
BE,11/2/2016 23:00,47.8,51377,61551
BE,11/3/2016 0:00,39.9,51703,59347
BE,11/3/2016 1:00,35.07,49734,54784
BE,11/3/2016 2:00,34.74,49382,54702
BE,11/3/2016 3:00,35.87,48750,50632
BE,11/3/2016 4:00,36.74,48003,49847
BE,11/3/2016 5:00,39.78,48556,51264
BE,11/3/2016 6:00,59,51194,54829
BE,11/3/2016 7:00,68.88,53892,61286
BE,11/3/2016 8:00,56.06,55375,64444
BE,11/3/2016 9:00,65.49,55067,65196
BE,11/3/2016 10:00,60,54493,65617
BE,11/3/2016 11:00,68.75,53557,65205
BE,11/3/2016 12:00,82.79,53126,65722
BE,11/3/2016 13:00,63.17,52869,65562
BE,11/3/2016 14:00,63.39,52858,62541
BE,11/3/2016 15:00,64.66,52648,60938
BE,11/3/2016 16:00,68.7,53049,59187
BE,11/3/2016 17:00,87.85,54267,59310
BE,11/3/2016 18:00,155.83,60087,64354
BE,11/3/2016 19:00,108.86,60925,69605
BE,11/3/2016 20:00,79.35,57100,66333
BE,11/3/2016 21:00,65.66,54195,61918
BE,11/3/2016 22:00,63.19,52465,58923
BE,11/3/2016 23:00,58.51,52553,63390
BE,11/4/2016 0:00,54.95,52328,61552
BE,11/4/2016 1:00,50.18,50298,55897
BE,11/4/2016 2:00,45.88,49438,55935
BE,11/4/2016 3:00,45.26,48002,52041
BE,11/4/2016 4:00,45.4,48256,50722
BE,11/4/2016 5:00,49.72,48254,52011
BE,11/4/2016 6:00,70.02,50443,55539
BE,11/4/2016 7:00,92.81,52651,61955
BE,11/4/2016 8:00,93.1,53328,64964
BE,11/4/2016 9:00,85,52967,65810
BE,11/4/2016 10:00,82.58,52685,66380
BE,11/4/2016 11:00,76.6,51746,65859
BE,11/4/2016 12:00,72.29,51825,66477
BE,11/4/2016 13:00,70,51096,65842
BE,11/4/2016 14:00,71.78,50533,62499
BE,11/4/2016 15:00,64.7,50992,60188
BE,11/4/2016 16:00,72.69,51554,58641
BE,11/4/2016 17:00,86.98,53401,58491
BE,11/4/2016 18:00,134.87,58042,63608
BE,11/4/2016 19:00,107.46,57695,66973
BE,11/4/2016 20:00,70,54591,64388
BE,11/4/2016 21:00,58.61,51477,59990
BE,11/4/2016 22:00,54.71,50800,57592
BE,11/4/2016 23:00,53.29,51512,61277
BE,11/5/2016 0:00,37.05,50842,59274
BE,11/5/2016 1:00,37.07,48002,54134
BE,11/5/2016 2:00,37.99,47889,53827
BE,11/5/2016 3:00,35.97,47160,49954
BE,11/5/2016 4:00,35.54,47242,47952
BE,11/5/2016 5:00,35.93,46456,47097
BE,11/5/2016 6:00,38.4,46585,49018
BE,11/5/2016 7:00,37.02,47224,50847
BE,11/5/2016 8:00,38.96,47823,52249
BE,11/5/2016 9:00,39.89,48519,55604
BE,11/5/2016 10:00,44.72,49307,57966
BE,11/5/2016 11:00,44.79,50136,58068
BE,11/5/2016 12:00,46.54,50064,59394
BE,11/5/2016 13:00,41.14,50018,60599
BE,11/5/2016 14:00,44.94,48810,56745
BE,11/5/2016 15:00,38.88,48073,54979
BE,11/5/2016 16:00,42.65,47629,53613
BE,11/5/2016 17:00,48.1,48760,54288
BE,11/5/2016 18:00,44.78,53004,61395
BE,11/5/2016 19:00,40.91,54459,64048
BE,11/5/2016 20:00,37.07,52222,61036
BE,11/5/2016 21:00,35.9,49881,57076
BE,11/5/2016 22:00,40,49199,55262
BE,11/5/2016 23:00,45.86,50109,59819
BE,11/6/2016 0:00,39.66,51816,58747
BE,11/6/2016 1:00,35.3,50010,54028
BE,11/6/2016 2:00,35.49,49201,53571
BE,11/6/2016 3:00,33.16,47117,50282
BE,11/6/2016 4:00,30.1,46741,48390
BE,11/6/2016 5:00,29.82,46734,47782
BE,11/6/2016 6:00,30.89,46861,49359
BE,11/6/2016 7:00,30.89,46973,50823
BE,11/6/2016 8:00,33.81,47830,51966
BE,11/6/2016 9:00,37.88,49100,54267
BE,11/6/2016 10:00,40.66,50176,56951
BE,11/6/2016 11:00,41.68,50106,58980
BE,11/6/2016 12:00,42.55,50474,61648
BE,11/6/2016 13:00,41.86,50733,62738
BE,11/6/2016 14:00,37.33,49695,58355
BE,11/6/2016 15:00,37,49555,55756
BE,11/6/2016 16:00,39.5,49677,55337
BE,11/6/2016 17:00,49.7,50315,56042
BE,11/6/2016 18:00,63.25,54162,63404
BE,11/6/2016 19:00,55,56335,68770
BE,11/6/2016 20:00,46.81,54997,66416
BE,11/6/2016 21:00,44.61,53326,63232
BE,11/6/2016 22:00,43.47,51257,60649
BE,11/6/2016 23:00,41.04,52628,64928
BE,11/7/2016 0:00,42.14,53791,63597
BE,11/7/2016 1:00,41.36,52690,58286
BE,11/7/2016 2:00,38.16,52741,58044
BE,11/7/2016 3:00,37.2,51613,55100
BE,11/7/2016 4:00,36,51517,53757
BE,11/7/2016 5:00,38.96,52216,55352
BE,11/7/2016 6:00,56.93,53874,59656
BE,11/7/2016 7:00,74.35,55595,66242
BE,11/7/2016 8:00,77.77,58190,69452
BE,11/7/2016 9:00,90,58417,72093
BE,11/7/2016 10:00,72.7,57216,72527
BE,11/7/2016 11:00,74.46,57122,73168
BE,11/7/2016 12:00,73.11,56618,73922
BE,11/7/2016 13:00,86.69,56635,73679
BE,11/7/2016 14:00,92.33,56475,71421
BE,11/7/2016 15:00,99.56,56555,68859
BE,11/7/2016 16:00,110.4,56800,67760
BE,11/7/2016 17:00,122.46,59535,68206
BE,11/7/2016 18:00,678.31,62674,73744
BE,11/7/2016 19:00,336.77,64379,78884
BE,11/7/2016 20:00,98.65,61325,73917
BE,11/7/2016 21:00,86.33,57582,69188
BE,11/7/2016 22:00,68.56,55615,66034
BE,11/7/2016 23:00,82.46,55595,69956
BE,11/8/2016 0:00,45.6,55324,67490
BE,11/8/2016 1:00,44.2,53072,62451
BE,11/8/2016 2:00,37,52398,63025
BE,11/8/2016 3:00,36.17,51743,59807
BE,11/8/2016 4:00,37.13,51295,58028
BE,11/8/2016 5:00,45.95,51641,58926
BE,11/8/2016 6:00,81.38,55439,62885
BE,11/8/2016 7:00,106.16,57561,69653
BE,11/8/2016 8:00,116.34,60295,72641
BE,11/8/2016 9:00,125.16,60700,74370
BE,11/8/2016 10:00,127.92,59655,74651
BE,11/8/2016 11:00,127.5,59392,74615
BE,11/8/2016 12:00,105.81,59212,75148
BE,11/8/2016 13:00,97.5,59466,75058
BE,11/8/2016 14:00,77.66,59367,72148
BE,11/8/2016 15:00,74.32,59329,70381
BE,11/8/2016 16:00,85.37,59647,69641
BE,11/8/2016 17:00,145.58,60589,69659
BE,11/8/2016 18:00,579.53,65122,74501
BE,11/8/2016 19:00,239.73,66684,79624
BE,11/8/2016 20:00,122.11,62109,74754
BE,11/8/2016 21:00,78.4,58273,70014
BE,11/8/2016 22:00,70.54,57019,66325
BE,11/8/2016 23:00,66.18,56741,69964
BE,11/9/2016 0:00,55.3,54523,67930
BE,11/9/2016 1:00,41.78,51418,62547
BE,11/9/2016 2:00,38.37,51122,62983
BE,11/9/2016 3:00,35.64,50530,59573
BE,11/9/2016 4:00,34.59,49906,57309
BE,11/9/2016 5:00,39,49889,58180
BE,11/9/2016 6:00,67.68,51687,62040
BE,11/9/2016 7:00,74.7,55071,68649
BE,11/9/2016 8:00,85.55,56576,71545
BE,11/9/2016 9:00,94.72,57241,72930
BE,11/9/2016 10:00,114.5,57733,73666
BE,11/9/2016 11:00,99.95,57133,73805
BE,11/9/2016 12:00,103,56778,74149
BE,11/9/2016 13:00,109.61,56852,73337
BE,11/9/2016 14:00,103,55845,70111
BE,11/9/2016 15:00,100.08,55662,67909
BE,11/9/2016 16:00,96.81,55457,66564
BE,11/9/2016 17:00,109.18,57213,66869
BE,11/9/2016 18:00,186.32,62485,71317
BE,11/9/2016 19:00,114.18,62730,75690
BE,11/9/2016 20:00,110.6,57868,71395
BE,11/9/2016 21:00,55.55,54690,66882
BE,11/9/2016 22:00,58.67,53216,63539
BE,11/9/2016 23:00,60,53558,67274
BE,11/10/2016 0:00,53.11,53367,64975
BE,11/10/2016 1:00,51.1,51350,60539
BE,11/10/2016 2:00,45.41,50598,60280
BE,11/10/2016 3:00,42.51,49806,56402
BE,11/10/2016 4:00,43.44,49982,54752
BE,11/10/2016 5:00,48.62,50116,55722
BE,11/10/2016 6:00,59.32,52602,59915
BE,11/10/2016 7:00,79.52,56159,67369
BE,11/10/2016 8:00,88.74,57120,69885
BE,11/10/2016 9:00,81.33,57834,70001
BE,11/10/2016 10:00,81.04,57856,70127
BE,11/10/2016 11:00,80.14,57939,70119
BE,11/10/2016 12:00,72.03,58106,70611
BE,11/10/2016 13:00,72.5,58006,70214
BE,11/10/2016 14:00,75.06,56686,67350
BE,11/10/2016 15:00,77.53,56273,65021
BE,11/10/2016 16:00,78.99,56451,63772
BE,11/10/2016 17:00,98.85,57730,63428
BE,11/10/2016 18:00,131.74,62264,68235
BE,11/10/2016 19:00,107.44,61686,71569
BE,11/10/2016 20:00,77.03,57803,67807
BE,11/10/2016 21:00,62.32,55641,63790
BE,11/10/2016 22:00,56.46,54035,60951
BE,11/10/2016 23:00,56.15,54625,64851
BE,11/11/2016 0:00,43.9,52522,63035
BE,11/11/2016 1:00,45.61,50147,56685
BE,11/11/2016 2:00,44.85,50267,56304
BE,11/11/2016 3:00,43.6,49515,51992
BE,11/11/2016 4:00,39.32,49248,49985
BE,11/11/2016 5:00,44.55,48883,49543
BE,11/11/2016 6:00,49.45,49597,50940
BE,11/11/2016 7:00,59.06,50469,53137
BE,11/11/2016 8:00,65.96,50743,53140
BE,11/11/2016 9:00,65.65,52431,54829
BE,11/11/2016 10:00,65.77,53029,57163
BE,11/11/2016 11:00,65.06,53668,58002
BE,11/11/2016 12:00,62.39,54280,59819
BE,11/11/2016 13:00,59.87,54131,61418
BE,11/11/2016 14:00,61.49,52445,56795
BE,11/11/2016 15:00,61.27,50934,53870
BE,11/11/2016 16:00,63.34,51033,53428
BE,11/11/2016 17:00,76.87,53321,54468
BE,11/11/2016 18:00,77.99,55993,60480
BE,11/11/2016 19:00,73.1,57084,63134
BE,11/11/2016 20:00,63.48,55381,61799
BE,11/11/2016 21:00,63.01,53685,59426
BE,11/11/2016 22:00,58.87,53065,57905
BE,11/11/2016 23:00,58.72,53667,62359
BE,11/12/2016 0:00,59.09,52692,61292
BE,11/12/2016 1:00,56.26,50091,57042
BE,11/12/2016 2:00,49.7,49726,57080
BE,11/12/2016 3:00,46.47,49497,53451
BE,11/12/2016 4:00,43.8,49379,51422
BE,11/12/2016 5:00,44.75,49274,51565
BE,11/12/2016 6:00,49.03,49483,54408
BE,11/12/2016 7:00,50.77,50053,57814
BE,11/12/2016 8:00,55.25,50555,58840
BE,11/12/2016 9:00,58.21,51804,61441
BE,11/12/2016 10:00,57.95,52995,63200
BE,11/12/2016 11:00,58.68,52485,63489
BE,11/12/2016 12:00,61.91,51913,64520
BE,11/12/2016 13:00,59.9,52198,65099
BE,11/12/2016 14:00,60.48,51169,61199
BE,11/12/2016 15:00,58.44,51028,58540
BE,11/12/2016 16:00,59.93,51096,57377
BE,11/12/2016 17:00,69.27,52828,58930
BE,11/12/2016 18:00,94.57,57106,65408
BE,11/12/2016 19:00,75.6,58160,66957
BE,11/12/2016 20:00,65.27,55437,64484
BE,11/12/2016 21:00,64.76,53657,60860
BE,11/12/2016 22:00,60.52,52544,58595
BE,11/12/2016 23:00,55.81,53542,62854
BE,11/13/2016 0:00,44,52064,61514
BE,11/13/2016 1:00,37.9,50552,57525
BE,11/13/2016 2:00,42.26,50229,57034
BE,11/13/2016 3:00,41.7,49210,53168
BE,11/13/2016 4:00,38.06,48279,50778
BE,11/13/2016 5:00,37.52,48101,49832
BE,11/13/2016 6:00,40.52,48243,51680
BE,11/13/2016 7:00,45.01,47967,53476
BE,11/13/2016 8:00,44,49027,54325
BE,11/13/2016 9:00,45.94,49678,55933
BE,11/13/2016 10:00,53.68,49443,57921
BE,11/13/2016 11:00,56.26,49904,59037
BE,11/13/2016 12:00,68.11,51857,60949
BE,11/13/2016 13:00,60,51651,61731
BE,11/13/2016 14:00,47.38,49730,56851
BE,11/13/2016 15:00,45.95,49289,54268
BE,11/13/2016 16:00,45.27,49232,53662
BE,11/13/2016 17:00,70.84,50377,55020
BE,11/13/2016 18:00,82.41,55180,61621
BE,11/13/2016 19:00,68.28,56614,65542
BE,11/13/2016 20:00,65.75,54549,64038
BE,11/13/2016 21:00,51.38,52415,61310
BE,11/13/2016 22:00,51.47,51220,58965
BE,11/13/2016 23:00,46.7,51866,63369
BE,11/14/2016 0:00,44.2,49441,61997
BE,11/14/2016 1:00,45.94,48149,57553
BE,11/14/2016 2:00,40.66,47516,57684
BE,11/14/2016 3:00,38.7,47833,54242
BE,11/14/2016 4:00,38.7,48239,52742
BE,11/14/2016 5:00,40.8,49402,54378
BE,11/14/2016 6:00,71.68,52447,59292
BE,11/14/2016 7:00,112.84,59313,66610
BE,11/14/2016 8:00,106.3,61025,70118
BE,11/14/2016 9:00,114.96,60875,71677
BE,11/14/2016 10:00,127.92,59838,72268
BE,11/14/2016 11:00,132.04,59158,72102
BE,11/14/2016 12:00,169.62,58008,72418
BE,11/14/2016 13:00,122.94,57721,72491
BE,11/14/2016 14:00,111.89,58376,69771
BE,11/14/2016 15:00,105.09,58147,67917
BE,11/14/2016 16:00,98,58586,67119
BE,11/14/2016 17:00,138,61245,68452
BE,11/14/2016 18:00,696.02,64135,73780
BE,11/14/2016 19:00,148.6,65166,77457
BE,11/14/2016 20:00,101,61199,73360
BE,11/14/2016 21:00,74.59,57051,68576
BE,11/14/2016 22:00,86.72,55954,65831
BE,11/14/2016 23:00,57.62,55540,69167
BE,11/15/2016 0:00,47.53,54084,66991
BE,11/15/2016 1:00,44.33,51544,60601
BE,11/15/2016 2:00,38.43,51812,60518
BE,11/15/2016 3:00,36.09,51148,57138
BE,11/15/2016 4:00,37.26,50672,55311
BE,11/15/2016 5:00,40.05,51186,56224
BE,11/15/2016 6:00,71.93,54346,60280
BE,11/15/2016 7:00,99,58718,67801
BE,11/15/2016 8:00,100.91,59408,70730
BE,11/15/2016 9:00,104.7,58286,71599
BE,11/15/2016 10:00,99,58111,71481
BE,11/15/2016 11:00,99,57667,71326
BE,11/15/2016 12:00,89.98,56805,71605
BE,11/15/2016 13:00,88.91,56847,71444
BE,11/15/2016 14:00,87.06,56841,68483
BE,11/15/2016 15:00,87.96,57186,66159
BE,11/15/2016 16:00,96.41,58077,65419
BE,11/15/2016 17:00,132.72,61143,65660
BE,11/15/2016 18:00,243.24,64198,70257
BE,11/15/2016 19:00,112.71,62973,73794
BE,11/15/2016 20:00,85.01,59270,69898
BE,11/15/2016 21:00,67.07,56690,65379
BE,11/15/2016 22:00,60.96,54404,61967
BE,11/15/2016 23:00,49.81,53727,65725
BE,11/16/2016 0:00,48.27,54564,63480
BE,11/16/2016 1:00,36.7,52866,58089
BE,11/16/2016 2:00,33.4,52394,58031
BE,11/16/2016 3:00,33.45,50825,54558
BE,11/16/2016 4:00,33.05,50213,52492
BE,11/16/2016 5:00,40.61,50908,53450
BE,11/16/2016 6:00,62.35,53296,57330
BE,11/16/2016 7:00,74.01,57020,64067
BE,11/16/2016 8:00,74.8,58315,67202
BE,11/16/2016 9:00,69.32,58128,68289
BE,11/16/2016 10:00,66.4,56902,68731
BE,11/16/2016 11:00,65.07,56903,68588
BE,11/16/2016 12:00,62.6,57061,69116
BE,11/16/2016 13:00,63.1,56444,68680
BE,11/16/2016 14:00,62.45,56227,65637
BE,11/16/2016 15:00,65.55,55807,63649
BE,11/16/2016 16:00,72.56,55830,62618
BE,11/16/2016 17:00,82.55,57431,63083
BE,11/16/2016 18:00,93.82,60529,67692
BE,11/16/2016 19:00,77.78,61345,71020
BE,11/16/2016 20:00,66.85,58541,67066
BE,11/16/2016 21:00,63.43,55625,62415
BE,11/16/2016 22:00,57.06,54001,59208
BE,11/16/2016 23:00,43.27,54724,63033
BE,11/17/2016 0:00,52.69,54633,60715
BE,11/17/2016 1:00,46.96,53033,56260
BE,11/17/2016 2:00,45.91,52099,55611
BE,11/17/2016 3:00,33.34,51166,52230
BE,11/17/2016 4:00,32.43,50322,50462
BE,11/17/2016 5:00,41.67,50783,51656
BE,11/17/2016 6:00,59.5,53707,55681
BE,11/17/2016 7:00,67.04,57536,63084
BE,11/17/2016 8:00,67.91,58304,65960
BE,11/17/2016 9:00,66.22,58746,66048
BE,11/17/2016 10:00,65.56,57846,66225
BE,11/17/2016 11:00,66.32,57514,66051
BE,11/17/2016 12:00,61.77,56449,66649
BE,11/17/2016 13:00,61.86,56013,66694
BE,11/17/2016 14:00,60.97,55451,64258
BE,11/17/2016 15:00,59.05,55243,62188
BE,11/17/2016 16:00,59.79,55456,61093
BE,11/17/2016 17:00,73.47,57728,61431
BE,11/17/2016 18:00,75.35,60815,66216
BE,11/17/2016 19:00,56.43,61129,69539
BE,11/17/2016 20:00,64.01,58469,65882
BE,11/17/2016 21:00,43.62,55762,60966
BE,11/17/2016 22:00,43.62,54047,57659
BE,11/17/2016 23:00,40.34,54901,61619
BE,11/18/2016 0:00,42.72,54960,59353
BE,11/18/2016 1:00,32.46,52996,54502
BE,11/18/2016 2:00,29.75,52726,53986
BE,11/18/2016 3:00,30.35,50826,50509
BE,11/18/2016 4:00,31.4,50382,48980
BE,11/18/2016 5:00,31.5,51612,50414
BE,11/18/2016 6:00,40.82,53707,54404
BE,11/18/2016 7:00,51.48,57725,61800
BE,11/18/2016 8:00,51.42,58210,64822
BE,11/18/2016 9:00,53.77,58195,65336
BE,11/18/2016 10:00,53.27,57866,66124
BE,11/18/2016 11:00,50.59,57331,66352
BE,11/18/2016 12:00,49.32,57080,67509
BE,11/18/2016 13:00,50.48,57164,67826
BE,11/18/2016 14:00,50.59,56338,65271
BE,11/18/2016 15:00,55.43,55979,63514
BE,11/18/2016 16:00,51.32,56155,62358
BE,11/18/2016 17:00,60.34,58917,63667
BE,11/18/2016 18:00,71.89,61148,68391
BE,11/18/2016 19:00,64.34,61283,70232
BE,11/18/2016 20:00,53.4,59651,67008
BE,11/18/2016 21:00,45.63,56752,62501
BE,11/18/2016 22:00,39.45,55970,59870
BE,11/18/2016 23:00,46.92,56522,63861
BE,11/19/2016 0:00,41.11,55026,61492
BE,11/19/2016 1:00,37.64,53007,55478
BE,11/19/2016 2:00,36.53,52972,55052
BE,11/19/2016 3:00,35.5,52007,51549
BE,11/19/2016 4:00,32.1,51942,49688
BE,11/19/2016 5:00,33.23,52035,48887
BE,11/19/2016 6:00,34.37,52789,51356
BE,11/19/2016 7:00,46.53,53023,54618
BE,11/19/2016 8:00,52.26,53543,56255
BE,11/19/2016 9:00,49.72,55208,58247
BE,11/19/2016 10:00,43.3,56098,59605
BE,11/19/2016 11:00,53.91,56152,59874
BE,11/19/2016 12:00,56.07,56021,61048
BE,11/19/2016 13:00,49.98,55933,61747
BE,11/19/2016 14:00,42.61,54428,57985
BE,11/19/2016 15:00,46.28,54190,55399
BE,11/19/2016 16:00,47.04,54028,54135
BE,11/19/2016 17:00,63.27,56488,56479
BE,11/19/2016 18:00,60,59068,62291
BE,11/19/2016 19:00,43.3,60125,63784
BE,11/19/2016 20:00,45.72,58053,61352
BE,11/19/2016 21:00,40.73,55129,57502
BE,11/19/2016 22:00,42.2,53930,55188
BE,11/19/2016 23:00,39.48,54996,59711
BE,11/20/2016 0:00,37.17,54579,58333
BE,11/20/2016 1:00,35.1,51587,54579
BE,11/20/2016 2:00,34.6,50360,53668
BE,11/20/2016 3:00,31.34,49869,50205
BE,11/20/2016 4:00,13.64,49165,47747
BE,11/20/2016 5:00,16.51,49468,46470
BE,11/20/2016 6:00,26.37,49682,47506
BE,11/20/2016 7:00,25.9,50601,49018
BE,11/20/2016 8:00,23.55,50741,49802
BE,11/20/2016 9:00,32.31,50912,50712
BE,11/20/2016 10:00,33.59,51462,52344
BE,11/20/2016 11:00,33.55,51928,53464
BE,11/20/2016 12:00,43.53,52580,55559
BE,11/20/2016 13:00,44.09,52596,56485
BE,11/20/2016 14:00,35.32,51042,51686
BE,11/20/2016 15:00,32.7,51274,49258
BE,11/20/2016 16:00,34.99,51442,48736
BE,11/20/2016 17:00,44.09,52278,50367
BE,11/20/2016 18:00,50,56743,56265
BE,11/20/2016 19:00,55,58675,59832
BE,11/20/2016 20:00,51.67,58355,58085
BE,11/20/2016 21:00,51,56500,55075
BE,11/20/2016 22:00,49.84,55229,52804
BE,11/20/2016 23:00,44.9,55193,56993
BE,11/21/2016 0:00,20.44,51600,55269
BE,11/21/2016 1:00,15.84,48738,51293
BE,11/21/2016 2:00,16.32,46805,51074
BE,11/21/2016 3:00,16.99,46592,47708
BE,11/21/2016 4:00,10.88,47872,46055
BE,11/21/2016 5:00,20,50964,47555
BE,11/21/2016 6:00,38.71,54487,51816
BE,11/21/2016 7:00,49.86,58437,59496
BE,11/21/2016 8:00,49.4,59712,63158
BE,11/21/2016 9:00,48.04,60062,63733
BE,11/21/2016 10:00,48.7,60491,63918
BE,11/21/2016 11:00,48.7,59804,63829
BE,11/21/2016 12:00,48.29,59228,64363
BE,11/21/2016 13:00,48.5,58853,64696
BE,11/21/2016 14:00,48.7,58482,62265
BE,11/21/2016 15:00,48.1,58349,60458
BE,11/21/2016 16:00,50.05,58376,60004
BE,11/21/2016 17:00,59.94,59960,61162
BE,11/21/2016 18:00,86.35,61911,65763
BE,11/21/2016 19:00,56.21,62323,68437
BE,11/21/2016 20:00,58.8,60138,64611
BE,11/21/2016 21:00,35.1,57197,59611
BE,11/21/2016 22:00,32.53,56395,56874
BE,11/21/2016 23:00,35.04,56888,60218
BE,11/22/2016 0:00,31.89,54061,58038
BE,11/22/2016 1:00,31.21,52673,51927
BE,11/22/2016 2:00,29.28,51314,51816
BE,11/22/2016 3:00,22.94,50456,48470
BE,11/22/2016 4:00,19.99,52287,46889
BE,11/22/2016 5:00,29.38,52887,47930
BE,11/22/2016 6:00,37.92,57189,51945
BE,11/22/2016 7:00,53.04,60566,59435
BE,11/22/2016 8:00,53.17,61229,63364
BE,11/22/2016 9:00,51.42,61286,63756
BE,11/22/2016 10:00,50.41,61010,63654
BE,11/22/2016 11:00,50.75,60897,63607
BE,11/22/2016 12:00,51.65,60713,64367
BE,11/22/2016 13:00,50.43,60005,65039
BE,11/22/2016 14:00,58.15,59670,62337
BE,11/22/2016 15:00,64.46,59474,60790
BE,11/22/2016 16:00,64.98,60052,60457
BE,11/22/2016 17:00,67.39,60774,61696
BE,11/22/2016 18:00,66.19,63197,66519
BE,11/22/2016 19:00,65.49,63575,69188
BE,11/22/2016 20:00,58.42,61417,65440
BE,11/22/2016 21:00,55,58882,60448
BE,11/22/2016 22:00,53.25,58171,57387
BE,11/22/2016 23:00,41.99,58900,60978
BE,11/23/2016 0:00,40,57593,58764
BE,11/23/2016 1:00,34.94,55424,54018
BE,11/23/2016 2:00,33.46,55433,54066
BE,11/23/2016 3:00,32.08,54483,50617
BE,11/23/2016 4:00,33.54,54303,48806
BE,11/23/2016 5:00,35.38,54732,49722
BE,11/23/2016 6:00,46.23,57520,53599
BE,11/23/2016 7:00,62.05,59947,60744
BE,11/23/2016 8:00,63.76,61924,64674
BE,11/23/2016 9:00,64.36,62097,65600
BE,11/23/2016 10:00,64.43,62113,65844
BE,11/23/2016 11:00,65.46,61873,65730
BE,11/23/2016 12:00,59.07,60797,66269
BE,11/23/2016 13:00,58.98,60481,66233
BE,11/23/2016 14:00,58.5,60319,63370
BE,11/23/2016 15:00,58.93,59640,61772
BE,11/23/2016 16:00,59,59815,61120
BE,11/23/2016 17:00,64.38,60554,62603
BE,11/23/2016 18:00,66.9,62569,67708
BE,11/23/2016 19:00,63.91,63340,70400
BE,11/23/2016 20:00,56.78,60770,66383
BE,11/23/2016 21:00,50.08,58533,61446
BE,11/23/2016 22:00,48.36,57925,58226
BE,11/23/2016 23:00,45,58102,61786
BE,11/24/2016 0:00,32.66,55556,59742
BE,11/24/2016 1:00,31.61,53198,54727
BE,11/24/2016 2:00,30.8,53114,54143
BE,11/24/2016 3:00,29.58,52786,50723
BE,11/24/2016 4:00,29.76,52823,49078
BE,11/24/2016 5:00,32.44,53075,49813
BE,11/24/2016 6:00,45.31,55952,53869
BE,11/24/2016 7:00,55.03,60169,61367
BE,11/24/2016 8:00,56.83,61320,65135
BE,11/24/2016 9:00,56.54,62343,64953
BE,11/24/2016 10:00,55.63,61473,65130
BE,11/24/2016 11:00,55.96,61244,65032
BE,11/24/2016 12:00,52.9,61413,65872
BE,11/24/2016 13:00,53.6,61122,66121
BE,11/24/2016 14:00,54.14,60422,63459
BE,11/24/2016 15:00,55.17,59907,61808
BE,11/24/2016 16:00,57.04,59991,61397
BE,11/24/2016 17:00,60.79,61388,62180
BE,11/24/2016 18:00,64.81,62980,67495
BE,11/24/2016 19:00,62.65,63798,70530
BE,11/24/2016 20:00,61.59,61288,66751
BE,11/24/2016 21:00,52.87,59389,61965
BE,11/24/2016 22:00,50.26,58560,59108
BE,11/24/2016 23:00,47.32,59557,62674
BE,11/25/2016 0:00,35.23,57714,60779
BE,11/25/2016 1:00,32.99,55488,55940
BE,11/25/2016 2:00,32.02,55045,55542
BE,11/25/2016 3:00,31.05,54498,52236
BE,11/25/2016 4:00,31.18,54223,50578
BE,11/25/2016 5:00,34.85,55292,52002
BE,11/25/2016 6:00,44.77,58070,55918
BE,11/25/2016 7:00,57.96,61077,63464
BE,11/25/2016 8:00,64.16,63104,67348
BE,11/25/2016 9:00,62.76,64051,67550
BE,11/25/2016 10:00,59.77,64140,68100
BE,11/25/2016 11:00,59.18,64043,67949
BE,11/25/2016 12:00,58.13,63427,68937
BE,11/25/2016 13:00,56.45,63284,68687
BE,11/25/2016 14:00,57.22,62217,65522
BE,11/25/2016 15:00,57.36,61686,63658
BE,11/25/2016 16:00,58.43,61764,62853
BE,11/25/2016 17:00,63.02,63747,63845
BE,11/25/2016 18:00,64.17,65973,68667
BE,11/25/2016 19:00,62.58,66500,70134
BE,11/25/2016 20:00,55.49,65059,67062
BE,11/25/2016 21:00,51.8,61821,62947
BE,11/25/2016 22:00,49.99,60916,60431
BE,11/25/2016 23:00,46.68,61221,64158
BE,11/26/2016 0:00,42.44,58686,62336
BE,11/26/2016 1:00,32.79,56521,56893
BE,11/26/2016 2:00,34.56,55153,56535
BE,11/26/2016 3:00,34.7,52997,52805
BE,11/26/2016 4:00,33,52800,50927
BE,11/26/2016 5:00,33.25,53048,50716
BE,11/26/2016 6:00,38.29,53880,52693
BE,11/26/2016 7:00,42.22,55268,55608
BE,11/26/2016 8:00,44.1,56095,58107
BE,11/26/2016 9:00,46.76,58492,60180
BE,11/26/2016 10:00,48.92,59722,61787
BE,11/26/2016 11:00,48.56,59677,61527
BE,11/26/2016 12:00,47.98,59224,62687
BE,11/26/2016 13:00,43.97,59013,63370
BE,11/26/2016 14:00,42.89,57254,59216
BE,11/26/2016 15:00,40.44,56340,56740
BE,11/26/2016 16:00,45.3,56688,55558
BE,11/26/2016 17:00,53.69,59446,57056
BE,11/26/2016 18:00,59.02,61407,62294
BE,11/26/2016 19:00,70.04,62114,64355
BE,11/26/2016 20:00,51.22,59813,62245
BE,11/26/2016 21:00,42.9,57275,59224
BE,11/26/2016 22:00,42.89,56351,57172
BE,11/26/2016 23:00,42.7,58963,61830
BE,11/27/2016 0:00,33.47,57834,60891
BE,11/27/2016 1:00,35,55137,55526
BE,11/27/2016 2:00,32.3,53530,54831
BE,11/27/2016 3:00,29.59,52160,51354
BE,11/27/2016 4:00,23.74,50908,49284
BE,11/27/2016 5:00,27.82,51251,48608
BE,11/27/2016 6:00,30.41,50793,49889
BE,11/27/2016 7:00,32.99,52025,51732
BE,11/27/2016 8:00,39.41,52965,53459
BE,11/27/2016 9:00,37.48,54494,55179
BE,11/27/2016 10:00,35.37,55825,57596
BE,11/27/2016 11:00,38.13,56335,58404
BE,11/27/2016 12:00,39.75,57052,60420
BE,11/27/2016 13:00,40.77,56078,60719
BE,11/27/2016 14:00,34.21,54953,55639
BE,11/27/2016 15:00,34.2,55556,53158
BE,11/27/2016 16:00,37.48,55448,52508
BE,11/27/2016 17:00,49.93,57601,54651
BE,11/27/2016 18:00,51,60163,60304
BE,11/27/2016 19:00,51.3,61434,63976
BE,11/27/2016 20:00,47,60554,63179
BE,11/27/2016 21:00,42.77,58531,60816
BE,11/27/2016 22:00,43.32,57792,58247
BE,11/27/2016 23:00,34,59379,62925
BE,11/28/2016 0:00,38.19,58334,61429
BE,11/28/2016 1:00,30.42,56886,57020
BE,11/28/2016 2:00,35.56,55970,56910
BE,11/28/2016 3:00,25.95,54950,54035
BE,11/28/2016 4:00,26.81,54610,52471
BE,11/28/2016 5:00,31.96,55969,54000
BE,11/28/2016 6:00,47.4,59357,58861
BE,11/28/2016 7:00,67.85,62676,67121
BE,11/28/2016 8:00,69.95,64299,71905
BE,11/28/2016 9:00,64.35,64652,72640
BE,11/28/2016 10:00,62.91,64312,73507
BE,11/28/2016 11:00,60.54,63852,72835
BE,11/28/2016 12:00,60,63974,73172
BE,11/28/2016 13:00,57.31,63832,72768
BE,11/28/2016 14:00,65.67,63229,70414
BE,11/28/2016 15:00,64.99,63334,68144
BE,11/28/2016 16:00,66.65,63221,67694
BE,11/28/2016 17:00,70.78,64468,70045
BE,11/28/2016 18:00,76.02,66339,74411
BE,11/28/2016 19:00,73.17,66853,77856
BE,11/28/2016 20:00,70.5,66204,74602
BE,11/28/2016 21:00,52.68,63847,70262
BE,11/28/2016 22:00,57.7,62899,66836
BE,11/28/2016 23:00,48.29,62064,70870
BE,11/29/2016 0:00,36.92,58810,68647
BE,11/29/2016 1:00,42.2,57255,64556
BE,11/29/2016 2:00,34.81,57200,64715
BE,11/29/2016 3:00,34.43,56697,61683
BE,11/29/2016 4:00,34.89,56728,59902
BE,11/29/2016 5:00,37.7,56801,61228
BE,11/29/2016 6:00,67.33,59566,65658
BE,11/29/2016 7:00,74.64,63149,73420
BE,11/29/2016 8:00,69.35,64956,77960
BE,11/29/2016 9:00,67.9,65114,78108
BE,11/29/2016 10:00,66.75,64738,78385
BE,11/29/2016 11:00,66.54,63840,77558
BE,11/29/2016 12:00,64.31,63604,77806
BE,11/29/2016 13:00,64.33,64294,77359
BE,11/29/2016 14:00,68.55,64255,74696
BE,11/29/2016 15:00,70.06,64270,72544
BE,11/29/2016 16:00,72,64624,72000
BE,11/29/2016 17:00,87.2,66788,73559
BE,11/29/2016 18:00,200.07,70544,77938
BE,11/29/2016 19:00,122.56,71201,81022
BE,11/29/2016 20:00,81.14,67540,77534
BE,11/29/2016 21:00,52.31,64657,73274
BE,11/29/2016 22:00,64.08,62371,69611
BE,11/29/2016 23:00,53.18,62751,73768
BE,11/30/2016 0:00,73.78,60784,71385
BE,11/30/2016 1:00,65.3,59058,66332
BE,11/30/2016 2:00,44.17,58939,66796
BE,11/30/2016 3:00,42.44,58308,63590
BE,11/30/2016 4:00,44.17,58083,61605
BE,11/30/2016 5:00,65.87,58128,63003
BE,11/30/2016 6:00,93.36,61069,67068
BE,11/30/2016 7:00,180,65529,74309
BE,11/30/2016 8:00,212.49,67458,78666
BE,11/30/2016 9:00,205.76,66182,78900
BE,11/30/2016 10:00,188.14,65207,79049
BE,11/30/2016 11:00,139.56,64305,77731
BE,11/30/2016 12:00,104.16,63013,77266
BE,11/30/2016 13:00,94.16,62802,76579
BE,11/30/2016 14:00,93.94,62490,73261
BE,11/30/2016 15:00,96.63,62764,70971
BE,11/30/2016 16:00,101.06,63091,69947
BE,11/30/2016 17:00,125.6,64948,71926
BE,11/30/2016 18:00,360.77,69051,76560
BE,11/30/2016 19:00,114.93,69878,80043
BE,11/30/2016 20:00,112.46,66166,76552
BE,11/30/2016 21:00,89.15,62749,72302
BE,11/30/2016 22:00,53.66,62293,69014
BE,11/30/2016 23:00,54.92,62747,73111
BE,12/1/2016 0:00,72,61507,71066
BE,12/1/2016 1:00,65.8,59528,67311
BE,12/1/2016 2:00,59.99,58812,67470
BE,12/1/2016 3:00,50.69,57676,64529
BE,12/1/2016 4:00,52.58,56804,62773
BE,12/1/2016 5:00,65.05,58491,63780
BE,12/1/2016 6:00,80.4,61622,68346
BE,12/1/2016 7:00,200,68070,76799
BE,12/1/2016 8:00,200.63,70490,81312
BE,12/1/2016 9:00,155.47,70187,80506
BE,12/1/2016 10:00,150.91,68304,80066
BE,12/1/2016 11:00,154.31,66789,78745
BE,12/1/2016 12:00,121.26,65456,77975
BE,12/1/2016 13:00,114.68,64818,77031
BE,12/1/2016 14:00,133.14,63390,73875
BE,12/1/2016 15:00,137.63,63135,71576
BE,12/1/2016 16:00,125.8,63316,70560
BE,12/1/2016 17:00,145,65944,71948
BE,12/1/2016 18:00,266.9,70997,77017
BE,12/1/2016 19:00,124.41,71605,80767
BE,12/1/2016 20:00,103.72,67069,77583
BE,12/1/2016 21:00,72.9,63844,73510
BE,12/1/2016 22:00,73.1,63293,70338
BE,12/1/2016 23:00,73,63971,74277
BE,12/2/2016 0:00,47.25,62385,72208
BE,12/2/2016 1:00,45.27,60568,67965
BE,12/2/2016 2:00,42.68,59717,68040
BE,12/2/2016 3:00,39.4,58955,64856
BE,12/2/2016 4:00,40.86,57866,63078
BE,12/2/2016 5:00,45.65,57784,64248
BE,12/2/2016 6:00,54.16,61664,68484
BE,12/2/2016 7:00,68.77,64962,76650
BE,12/2/2016 8:00,78.06,66971,81117
BE,12/2/2016 9:00,110.35,66791,80472
BE,12/2/2016 10:00,101.96,66037,80602
BE,12/2/2016 11:00,78.06,65405,79685
BE,12/2/2016 12:00,72,64484,79350
BE,12/2/2016 13:00,68.31,64036,78699
BE,12/2/2016 14:00,67.2,63064,75104
BE,12/2/2016 15:00,64.64,62445,72580
BE,12/2/2016 16:00,75.87,63094,71444
BE,12/2/2016 17:00,111.8,65824,72748
BE,12/2/2016 18:00,113.55,68125,77592
BE,12/2/2016 19:00,89.95,67965,79618
BE,12/2/2016 20:00,85.62,65130,76663
BE,12/2/2016 21:00,47.91,62845,72822
BE,12/2/2016 22:00,72.67,62231,70199
BE,12/2/2016 23:00,61.35,62559,73849
BE,12/3/2016 0:00,65.19,62216,71693
BE,12/3/2016 1:00,55.89,58904,66492
BE,12/3/2016 2:00,48.22,57093,66580
BE,12/3/2016 3:00,46.59,56218,62751
BE,12/3/2016 4:00,46.31,55569,60519
BE,12/3/2016 5:00,46.54,56110,60167
BE,12/3/2016 6:00,43.31,57338,62172
BE,12/3/2016 7:00,50.63,58834,65810
BE,12/3/2016 8:00,56.1,59654,68657
BE,12/3/2016 9:00,60.01,61120,70218
BE,12/3/2016 10:00,57.25,60901,71848
BE,12/3/2016 11:00,53.3,61363,71577
BE,12/3/2016 12:00,53.76,61977,72017
BE,12/3/2016 13:00,47.86,61728,72647
BE,12/3/2016 14:00,42.7,59284,67937
BE,12/3/2016 15:00,52.28,57765,65179
BE,12/3/2016 16:00,52,57544,63778
BE,12/3/2016 17:00,64.6,60226,65703
BE,12/3/2016 18:00,64.95,63361,71264
BE,12/3/2016 19:00,61.2,63357,73601
BE,12/3/2016 20:00,51.99,61092,71631
BE,12/3/2016 21:00,46.7,58843,68585
BE,12/3/2016 22:00,44.33,58231,66503
BE,12/3/2016 23:00,41.57,59445,71142
BE,12/4/2016 0:00,44.85,60311,69969
BE,12/4/2016 1:00,38.86,57548,65861
BE,12/4/2016 2:00,38.25,57185,65537
BE,12/4/2016 3:00,36.35,55885,61754
BE,12/4/2016 4:00,34.58,55141,59279
BE,12/4/2016 5:00,35.38,55312,58602
BE,12/4/2016 6:00,36.52,55964,59979
BE,12/4/2016 7:00,38.77,56630,61845
BE,12/4/2016 8:00,38.23,57178,63538
BE,12/4/2016 9:00,41.67,58089,64648
BE,12/4/2016 10:00,43.56,58885,66815
BE,12/4/2016 11:00,44,59141,67502
BE,12/4/2016 12:00,41.17,59610,68805
BE,12/4/2016 13:00,35.14,59299,69440
BE,12/4/2016 14:00,34.2,57039,63692
BE,12/4/2016 15:00,35.68,56788,60915
BE,12/4/2016 16:00,44,57521,60002
BE,12/4/2016 17:00,50.1,58870,62576
BE,12/4/2016 18:00,53.01,62178,68358
BE,12/4/2016 19:00,51.22,63018,71528
BE,12/4/2016 20:00,52.65,62249,70390
BE,12/4/2016 21:00,44,60288,67882
BE,12/4/2016 22:00,50.23,59189,65488
BE,12/4/2016 23:00,39.53,59881,69884
BE,12/5/2016 0:00,39,59089,68432
BE,12/5/2016 1:00,38.01,57262,64068
BE,12/5/2016 2:00,35.23,57016,64216
BE,12/5/2016 3:00,39,56279,61074
BE,12/5/2016 4:00,38.46,56263,59196
BE,12/5/2016 5:00,39,56913,60474
BE,12/5/2016 6:00,55.1,60086,65602
BE,12/5/2016 7:00,66.02,64425,73926
BE,12/5/2016 8:00,77.78,67501,78648
BE,12/5/2016 9:00,80,67534,78222
BE,12/5/2016 10:00,75,66652,77916
BE,12/5/2016 11:00,64.19,66004,76878
BE,12/5/2016 12:00,65.02,65392,76403
BE,12/5/2016 13:00,71.37,64895,75966
BE,12/5/2016 14:00,64.97,64586,72900
BE,12/5/2016 15:00,66,64983,70439
BE,12/5/2016 16:00,67.63,65548,69562
BE,12/5/2016 17:00,81.97,66336,72208
BE,12/5/2016 18:00,84.5,69218,76743
BE,12/5/2016 19:00,81.08,69808,79913
BE,12/5/2016 20:00,70.15,67057,76525
BE,12/5/2016 21:00,62.51,64556,72320
BE,12/5/2016 22:00,63.69,63152,68883
BE,12/5/2016 23:00,62.1,62676,72609
BE,12/6/2016 0:00,60.63,62221,70755
BE,12/6/2016 1:00,50.74,60319,65705
BE,12/6/2016 2:00,52.1,60075,65841
BE,12/6/2016 3:00,49.73,58911,62727
BE,12/6/2016 4:00,48.19,58071,60829
BE,12/6/2016 5:00,54.14,58114,61945
BE,12/6/2016 6:00,70.77,62449,66279
BE,12/6/2016 7:00,80,66663,74073
BE,12/6/2016 8:00,80.09,69511,78635
BE,12/6/2016 9:00,76,69250,77820
BE,12/6/2016 10:00,70.29,67389,76985
BE,12/6/2016 11:00,69,65896,75805
BE,12/6/2016 12:00,65.61,64584,75516
BE,12/6/2016 13:00,65.42,63878,75301
BE,12/6/2016 14:00,67.48,63338,71729
BE,12/6/2016 15:00,67.53,63094,69550
BE,12/6/2016 16:00,72.97,63877,68901
BE,12/6/2016 17:00,89.25,67335,70929
BE,12/6/2016 18:00,82.71,69263,75692
BE,12/6/2016 19:00,75.84,68747,78630
BE,12/6/2016 20:00,70.21,65322,75313
BE,12/6/2016 21:00,66,63929,70796
BE,12/6/2016 22:00,65.26,62587,67415
BE,12/6/2016 23:00,62.1,62979,71183
BE,12/7/2016 0:00,50.96,61694,69099
BE,12/7/2016 1:00,49.99,59177,64104
BE,12/7/2016 2:00,48.98,59147,64425
BE,12/7/2016 3:00,46.08,58162,61038
BE,12/7/2016 4:00,46.71,58495,59226
BE,12/7/2016 5:00,49.38,58930,60573
BE,12/7/2016 6:00,56.25,62168,64397
BE,12/7/2016 7:00,69.94,66295,72032
BE,12/7/2016 8:00,70,67929,76854
BE,12/7/2016 9:00,69.08,67579,76338
BE,12/7/2016 10:00,68.33,67025,75979
BE,12/7/2016 11:00,66.05,66701,74923
BE,12/7/2016 12:00,65,65375,74400
BE,12/7/2016 13:00,64.99,64568,74128
BE,12/7/2016 14:00,64.1,64747,70493
BE,12/7/2016 15:00,58.34,64690,68421
BE,12/7/2016 16:00,60.47,64705,67300
BE,12/7/2016 17:00,69.46,66129,69559
BE,12/7/2016 18:00,71.01,68842,75077
BE,12/7/2016 19:00,63.15,69237,78260
BE,12/7/2016 20:00,60.61,66557,75036
BE,12/7/2016 21:00,45.05,64284,70392
BE,12/7/2016 22:00,45,62742,66832
BE,12/7/2016 23:00,42.98,62724,70466
BE,12/8/2016 0:00,37.3,61488,68630
BE,12/8/2016 1:00,37.3,59085,63597
BE,12/8/2016 2:00,37.3,59032,63620
BE,12/8/2016 3:00,35.3,57905,60448
BE,12/8/2016 4:00,37.3,57407,58651
BE,12/8/2016 5:00,37.3,58001,59832
BE,12/8/2016 6:00,48.18,59859,63853
BE,12/8/2016 7:00,54.27,63792,71594
BE,12/8/2016 8:00,57.12,65349,76426
BE,12/8/2016 9:00,55.83,65440,75124
BE,12/8/2016 10:00,55.08,64948,74416
BE,12/8/2016 11:00,51.94,64021,73578
BE,12/8/2016 12:00,50.55,63320,73084
BE,12/8/2016 13:00,49.07,62872,72957
BE,12/8/2016 14:00,48.61,61969,69241
BE,12/8/2016 15:00,48.86,61454,67054
BE,12/8/2016 16:00,50.81,61795,66386
BE,12/8/2016 17:00,60,64050,68775
BE,12/8/2016 18:00,67.88,66820,73963
BE,12/8/2016 19:00,64.56,68070,76681
BE,12/8/2016 20:00,48.53,65240,73638
BE,12/8/2016 21:00,44.31,63260,68886
BE,12/8/2016 22:00,42.46,61716,65531
BE,12/8/2016 23:00,38.41,61295,69223
BE,12/9/2016 0:00,40.27,59609,67432
BE,12/9/2016 1:00,36.39,57648,63600
BE,12/9/2016 2:00,35.34,56599,63521
BE,12/9/2016 3:00,34.5,56422,59979
BE,12/9/2016 4:00,35.25,56304,58554
BE,12/9/2016 5:00,36.36,56826,59613
BE,12/9/2016 6:00,41.46,59329,63776
BE,12/9/2016 7:00,59.88,64919,71297
BE,12/9/2016 8:00,61.23,66729,76330
BE,12/9/2016 9:00,63.92,66042,75246
BE,12/9/2016 10:00,60.8,65193,74420
BE,12/9/2016 11:00,57.41,64368,73464
BE,12/9/2016 12:00,51.69,63185,72933
BE,12/9/2016 13:00,52.69,62711,72950
BE,12/9/2016 14:00,55.07,62188,68712
BE,12/9/2016 15:00,55.74,61878,66253
BE,12/9/2016 16:00,55.69,62328,65127
BE,12/9/2016 17:00,66,64128,67153
BE,12/9/2016 18:00,68.33,66964,72326
BE,12/9/2016 19:00,66,67258,74107
BE,12/9/2016 20:00,59.6,65322,71302
BE,12/9/2016 21:00,38.8,61589,67253
BE,12/9/2016 22:00,44.33,59737,64511
BE,12/9/2016 23:00,40,59980,68259
BE,12/10/2016 0:00,48.12,57958,66509
BE,12/10/2016 1:00,42.05,55397,61971
BE,12/10/2016 2:00,40.2,54836,62064
BE,12/10/2016 3:00,44.14,53951,58027
BE,12/10/2016 4:00,39.7,54137,56217
BE,12/10/2016 5:00,39.7,54400,55727
BE,12/10/2016 6:00,29,55150,57642
BE,12/10/2016 7:00,40,56380,60614
BE,12/10/2016 8:00,48.68,58475,63849
BE,12/10/2016 9:00,32.56,59927,64982
BE,12/10/2016 10:00,34.13,60568,65427
BE,12/10/2016 11:00,39.8,59424,64808
BE,12/10/2016 12:00,39.8,59587,65045
BE,12/10/2016 13:00,42.18,58357,66426
BE,12/10/2016 14:00,39.8,57001,61484
BE,12/10/2016 15:00,45.29,56799,58774
BE,12/10/2016 16:00,49.93,56055,57341
BE,12/10/2016 17:00,54.8,58988,59728
BE,12/10/2016 18:00,45.46,61703,64982
BE,12/10/2016 19:00,44.72,63276,67132
BE,12/10/2016 20:00,40.22,60522,65522
BE,12/10/2016 21:00,35,58239,62499
BE,12/10/2016 22:00,35.2,57281,60384
BE,12/10/2016 23:00,32.2,57948,65276
BE,12/11/2016 0:00,33.2,57459,64392
BE,12/11/2016 1:00,33.2,55997,61411
BE,12/11/2016 2:00,34.7,55410,61242
BE,12/11/2016 3:00,30.46,54246,57538
BE,12/11/2016 4:00,31.2,53771,55121
BE,12/11/2016 5:00,31.43,53411,54189
BE,12/11/2016 6:00,32.94,53376,55381
BE,12/11/2016 7:00,35.74,54646,57020
BE,12/11/2016 8:00,38.53,55325,59205
BE,12/11/2016 9:00,39.91,56268,60260
BE,12/11/2016 10:00,44.06,56681,61753
BE,12/11/2016 11:00,47.02,57056,62536
BE,12/11/2016 12:00,46.68,56833,63831
BE,12/11/2016 13:00,43.04,56682,65429
BE,12/11/2016 14:00,40.31,55679,59703
BE,12/11/2016 15:00,39.47,55588,57573
BE,12/11/2016 16:00,42.1,55712,56660
BE,12/11/2016 17:00,52.26,59395,58712
BE,12/11/2016 18:00,52.72,62097,64798
BE,12/11/2016 19:00,52.72,63185,68140
BE,12/11/2016 20:00,50.58,62894,67186
BE,12/11/2016 21:00,42.44,61190,64117
BE,12/11/2016 22:00,44.11,59907,61451
BE,12/11/2016 23:00,42.06,59827,65720
BE,12/12/2016 0:00,35.1,56275,64188
BE,12/12/2016 1:00,30.44,54866,61076
BE,12/12/2016 2:00,35.1,56534,61246
BE,12/12/2016 3:00,35.1,56042,58082
BE,12/12/2016 4:00,33.02,56114,56397
BE,12/12/2016 5:00,35.63,56380,57716
BE,12/12/2016 6:00,44.99,57866,62493
BE,12/12/2016 7:00,68.01,62571,70627
BE,12/12/2016 8:00,71.01,65086,75946
BE,12/12/2016 9:00,69.59,64513,75743
BE,12/12/2016 10:00,69.64,64014,75913
BE,12/12/2016 11:00,68.62,63492,75614
BE,12/12/2016 12:00,68.48,63012,75784
BE,12/12/2016 13:00,68.23,62645,76121
BE,12/12/2016 14:00,67.75,61981,73059
BE,12/12/2016 15:00,68.16,61479,70926
BE,12/12/2016 16:00,70.25,62102,70157
BE,12/12/2016 17:00,80.62,65068,72784
BE,12/12/2016 18:00,95.13,67207,77709
BE,12/12/2016 19:00,75.47,66477,80527
BE,12/12/2016 20:00,69.26,64023,77338
BE,12/12/2016 21:00,63.08,62833,72298
BE,12/12/2016 22:00,61.35,61861,68568
BE,12/12/2016 23:00,49.59,61630,72327
BE,12/13/2016 0:00,42.55,59422,70221
BE,12/13/2016 1:00,39.1,57783,65221
BE,12/13/2016 2:00,38.44,57155,65287
BE,12/13/2016 3:00,33.53,56091,61858
BE,12/13/2016 4:00,42.02,55679,60110
BE,12/13/2016 5:00,46.92,56660,60889
BE,12/13/2016 6:00,48.21,60071,65357
BE,12/13/2016 7:00,69.72,64263,73456
BE,12/13/2016 8:00,73.87,65953,78362
BE,12/13/2016 9:00,72.92,64957,77565
BE,12/13/2016 10:00,70.35,64378,76806
BE,12/13/2016 11:00,70,63370,76046
BE,12/13/2016 12:00,68.75,62614,75449
BE,12/13/2016 13:00,66.46,62649,75708
BE,12/13/2016 14:00,67.55,61729,72353
BE,12/13/2016 15:00,68,61161,70428
BE,12/13/2016 16:00,68.28,61252,69909
BE,12/13/2016 17:00,75.01,64844,71551
BE,12/13/2016 18:00,78.65,67923,76042
BE,12/13/2016 19:00,69.99,66361,78729
BE,12/13/2016 20:00,64.18,64208,75427
BE,12/13/2016 21:00,57.06,62047,70450
BE,12/13/2016 22:00,58.58,60922,67024
BE,12/13/2016 23:00,55.19,61722,70814
BE,12/14/2016 0:00,52.23,60404,68670
BE,12/14/2016 1:00,46.68,57433,63431
BE,12/14/2016 2:00,44.74,57052,63875
BE,12/14/2016 3:00,42.69,56448,60352
BE,12/14/2016 4:00,42.7,55691,58667
BE,12/14/2016 5:00,47.2,56759,59700
BE,12/14/2016 6:00,58.32,59585,63926
BE,12/14/2016 7:00,78.62,62703,71863
BE,12/14/2016 8:00,82.26,65281,76904
BE,12/14/2016 9:00,78.58,65387,76200
BE,12/14/2016 10:00,77.17,64916,76042
BE,12/14/2016 11:00,75.94,64265,75226
BE,12/14/2016 12:00,70.55,62588,74608
BE,12/14/2016 13:00,69.91,62416,74255
BE,12/14/2016 14:00,69.69,61774,70716
BE,12/14/2016 15:00,72.52,61602,68848
BE,12/14/2016 16:00,75.15,61680,68065
BE,12/14/2016 17:00,91.81,64825,70171
BE,12/14/2016 18:00,87.13,66884,74919
BE,12/14/2016 19:00,79.05,64973,77841
BE,12/14/2016 20:00,70.38,63791,74619
BE,12/14/2016 21:00,60.77,62127,70194
BE,12/14/2016 22:00,59.49,60732,66769
BE,12/14/2016 23:00,57.53,61188,70440
BE,12/15/2016 0:00,56.64,60824,68444
BE,12/15/2016 1:00,53.31,58290,64061
BE,12/15/2016 2:00,51.71,57237,64080
BE,12/15/2016 3:00,49.61,56625,60862
BE,12/15/2016 4:00,49.62,56099,59071
BE,12/15/2016 5:00,53.35,56447,60185
BE,12/15/2016 6:00,59.66,59895,64278
BE,12/15/2016 7:00,76.92,63690,72530
BE,12/15/2016 8:00,80.44,65819,77520
BE,12/15/2016 9:00,75.24,65483,76361
BE,12/15/2016 10:00,74.24,64942,76304
BE,12/15/2016 11:00,72.99,64160,75695
BE,12/15/2016 12:00,69.63,62728,75374
BE,12/15/2016 13:00,68.85,62668,75209
BE,12/15/2016 14:00,67.31,62021,71843
BE,12/15/2016 15:00,69.52,61406,70038
BE,12/15/2016 16:00,74.23,61820,69387
BE,12/15/2016 17:00,81.26,65253,71101
BE,12/15/2016 18:00,78.89,67445,75637
BE,12/15/2016 19:00,74.78,66537,78055
BE,12/15/2016 20:00,65.43,63782,74631
BE,12/15/2016 21:00,59.77,62044,70114
BE,12/15/2016 22:00,61.65,60187,66898
BE,12/15/2016 23:00,60.01,60927,70346
BE,12/16/2016 0:00,53.1,60443,68246
BE,12/16/2016 1:00,48.78,58169,63587
BE,12/16/2016 2:00,47.44,57417,63242
BE,12/16/2016 3:00,46.23,56746,60037
BE,12/16/2016 4:00,40.24,56987,58281
BE,12/16/2016 5:00,41.7,56842,59460
BE,12/16/2016 6:00,51.05,59448,63580
BE,12/16/2016 7:00,69.5,62862,71388
BE,12/16/2016 8:00,75.73,65909,76758
BE,12/16/2016 9:00,74.85,65603,75739
BE,12/16/2016 10:00,73.8,65388,75441
BE,12/16/2016 11:00,70.8,64290,74762
BE,12/16/2016 12:00,66.84,63851,74638
BE,12/16/2016 13:00,66.84,63178,74373
BE,12/16/2016 14:00,64.88,62082,70588
BE,12/16/2016 15:00,65.1,62346,68387
BE,12/16/2016 16:00,69.46,63076,67625
BE,12/16/2016 17:00,83.8,65608,69515
BE,12/16/2016 18:00,78.08,67256,73910
BE,12/16/2016 19:00,71.71,67024,75427
BE,12/16/2016 20:00,66.24,64077,72445
BE,12/16/2016 21:00,58.46,62098,68815
BE,12/16/2016 22:00,53.9,60664,66121
BE,12/16/2016 23:00,51.92,61682,69796
BE,12/17/2016 0:00,41.1,58755,67844
BE,12/17/2016 1:00,38.38,56719,63266
BE,12/17/2016 2:00,39.15,55586,63219
BE,12/17/2016 3:00,41.02,54923,59385
BE,12/17/2016 4:00,40,54512,57466
BE,12/17/2016 5:00,40.55,54325,57130
BE,12/17/2016 6:00,40.32,55015,59020
BE,12/17/2016 7:00,43.54,55785,62281
BE,12/17/2016 8:00,47.1,58288,65410
BE,12/17/2016 9:00,54.76,59940,67044
BE,12/17/2016 10:00,54.41,60332,68378
BE,12/17/2016 11:00,57.28,59854,67830
BE,12/17/2016 12:00,53.85,60160,68266
BE,12/17/2016 13:00,47.12,59109,69143
BE,12/17/2016 14:00,49.68,57364,64649
BE,12/17/2016 15:00,50.68,56761,62120
BE,12/17/2016 16:00,54.8,57170,61025
BE,12/17/2016 17:00,61.01,59880,63160
BE,12/17/2016 18:00,63.09,62541,67995
BE,12/17/2016 19:00,53.62,63553,69893
BE,12/17/2016 20:00,44.83,61594,68001
BE,12/17/2016 21:00,41.1,59405,65248
BE,12/17/2016 22:00,41.1,58111,63114
BE,12/17/2016 23:00,45,59571,67920
BE,12/18/2016 0:00,39.02,58490,66986
BE,12/18/2016 1:00,36.45,56146,62396
BE,12/18/2016 2:00,36.59,56047,62198
BE,12/18/2016 3:00,35.41,54883,58369
BE,12/18/2016 4:00,34.87,54529,56163
BE,12/18/2016 5:00,39.34,54297,55299
BE,12/18/2016 6:00,40.36,55376,56492
BE,12/18/2016 7:00,38.11,55465,58215
BE,12/18/2016 8:00,36.88,54964,60380
BE,12/18/2016 9:00,44.63,55935,62277
BE,12/18/2016 10:00,45.58,57120,64771
BE,12/18/2016 11:00,52.27,57726,65889
BE,12/18/2016 12:00,52,58922,67103
BE,12/18/2016 13:00,49.78,58721,68130
BE,12/18/2016 14:00,45.82,57477,62929
BE,12/18/2016 15:00,47.43,57146,60584
BE,12/18/2016 16:00,49.98,57723,59915
BE,12/18/2016 17:00,57.44,60341,62329
BE,12/18/2016 18:00,52.86,63259,67862
BE,12/18/2016 19:00,48.9,64350,71137
BE,12/18/2016 20:00,48.59,63231,70089
BE,12/18/2016 21:00,45.4,61346,67380
BE,12/18/2016 22:00,46.39,60418,64908
BE,12/18/2016 23:00,41.05,61080,69041
BE,12/19/2016 0:00,39.18,59158,67513
BE,12/19/2016 1:00,38.45,57690,63880
BE,12/19/2016 2:00,38.4,57154,64067
BE,12/19/2016 3:00,35.18,55902,61042
BE,12/19/2016 4:00,36.4,56015,59392
BE,12/19/2016 5:00,38.52,56877,60920
BE,12/19/2016 6:00,56.2,58984,65313
BE,12/19/2016 7:00,73.6,63183,72340
BE,12/19/2016 8:00,80.97,66770,76795
BE,12/19/2016 9:00,75.1,67577,78879
BE,12/19/2016 10:00,74.99,67427,79457
BE,12/19/2016 11:00,76.48,67042,79446
BE,12/19/2016 12:00,74.71,66737,79797
BE,12/19/2016 13:00,71.48,66872,79844
BE,12/19/2016 14:00,72.71,66432,77500
BE,12/19/2016 15:00,72.99,65392,75507
BE,12/19/2016 16:00,69.24,66423,74755
BE,12/19/2016 17:00,79.71,69185,76707
BE,12/19/2016 18:00,84.35,71112,80249
BE,12/19/2016 19:00,85.14,70794,82135
BE,12/19/2016 20:00,72.35,67144,78741
BE,12/19/2016 21:00,66.55,64885,74109
BE,12/19/2016 22:00,63.87,63738,71157
BE,12/19/2016 23:00,62.58,64174,74769
BE,12/20/2016 0:00,47.27,61888,72459
BE,12/20/2016 1:00,44.15,60341,68150
BE,12/20/2016 2:00,42.8,59177,67807
BE,12/20/2016 3:00,40.96,58379,64808
BE,12/20/2016 4:00,41.61,58376,62707
BE,12/20/2016 5:00,49.84,58310,63999
BE,12/20/2016 6:00,57.54,61379,67965
BE,12/20/2016 7:00,69.99,64568,73326
BE,12/20/2016 8:00,77.5,67920,78884
BE,12/20/2016 9:00,74.08,68377,80521
BE,12/20/2016 10:00,71.26,68493,81088
BE,12/20/2016 11:00,73.46,67931,81349
BE,12/20/2016 12:00,72.06,66660,81459
BE,12/20/2016 13:00,69.87,65886,81529
BE,12/20/2016 14:00,72.04,65872,79023
BE,12/20/2016 15:00,73.57,65913,76698
BE,12/20/2016 16:00,76.82,66297,76030
BE,12/20/2016 17:00,80.69,68873,77359
BE,12/20/2016 18:00,91.9,70570,80848
BE,12/20/2016 19:00,77.4,70363,82289
BE,12/20/2016 20:00,71.13,68475,79102
BE,12/20/2016 21:00,63.12,65762,74410
BE,12/20/2016 22:00,62.75,64318,71775
BE,12/20/2016 23:00,58.64,65389,75370
BE,12/21/2016 0:00,48.59,63500,73382
BE,12/21/2016 1:00,41,61355,68016
BE,12/21/2016 2:00,40.98,60637,67838
BE,12/21/2016 3:00,40.19,59912,64349
BE,12/21/2016 4:00,38.16,59127,62539
BE,12/21/2016 5:00,41,60001,63840
BE,12/21/2016 6:00,54.99,61832,66446
BE,12/21/2016 7:00,63.23,64626,72653
BE,12/21/2016 8:00,65.49,67595,77841
BE,12/21/2016 9:00,58.76,68519,78411
BE,12/21/2016 10:00,58.97,68575,79003
BE,12/21/2016 11:00,54.63,67752,79150
BE,12/21/2016 12:00,52.19,66615,79629
BE,12/21/2016 13:00,52.84,66019,79320
BE,12/21/2016 14:00,51.76,65353,76374
BE,12/21/2016 15:00,58.52,65414,73745
BE,12/21/2016 16:00,58.26,65791,72892
BE,12/21/2016 17:00,63.32,67900,74100
BE,12/21/2016 18:00,62.58,70148,77319
BE,12/21/2016 19:00,64.04,70453,79718
BE,12/21/2016 20:00,62,67967,76569
BE,12/21/2016 21:00,53.35,65651,72485
BE,12/21/2016 22:00,60,64963,69524
BE,12/21/2016 23:00,62.57,64975,73195
BE,12/22/2016 0:00,45.18,62967,71379
BE,12/22/2016 1:00,41.8,61500,66083
BE,12/22/2016 2:00,40.24,61477,65998
BE,12/22/2016 3:00,40.34,59425,62478
BE,12/22/2016 4:00,41.12,59418,60648
BE,12/22/2016 5:00,41.8,59949,60935
BE,12/22/2016 6:00,47.05,61712,63686
BE,12/22/2016 7:00,70.08,64956,68876
BE,12/22/2016 8:00,78.9,67502,73936
BE,12/22/2016 9:00,86.03,68221,74791
BE,12/22/2016 10:00,81.16,67980,75013
BE,12/22/2016 11:00,80.77,67118,74802
BE,12/22/2016 12:00,78.9,66324,74674
BE,12/22/2016 13:00,78.9,65656,75195
BE,12/22/2016 14:00,77.95,65407,71599
BE,12/22/2016 15:00,77.97,65610,69113
BE,12/22/2016 16:00,76.01,66211,67994
BE,12/22/2016 17:00,83.81,67975,68861
BE,12/22/2016 18:00,86.91,70188,72157
BE,12/22/2016 19:00,78.9,71045,74583
BE,12/22/2016 20:00,55.4,69399,72505
BE,12/22/2016 21:00,51.05,65613,68421
BE,12/22/2016 22:00,52.67,63931,65624
BE,12/22/2016 23:00,48.45,64341,69634
BE,12/23/2016 0:00,43.9,62705,67462
BE,12/23/2016 1:00,38.86,60769,62189
BE,12/23/2016 2:00,40,58671,62511
BE,12/23/2016 3:00,41,57805,59133
BE,12/23/2016 4:00,41,57847,57056
BE,12/23/2016 5:00,37.43,58742,57783
BE,12/23/2016 6:00,44.68,60387,60178
BE,12/23/2016 7:00,58.7,65657,64959
BE,12/23/2016 8:00,66.59,68715,69892
BE,12/23/2016 9:00,65.21,69201,70323
BE,12/23/2016 10:00,59.79,67758,71498
BE,12/23/2016 11:00,57.65,65830,70467
BE,12/23/2016 12:00,53.96,64472,71140
BE,12/23/2016 13:00,51.53,63756,71480
BE,12/23/2016 14:00,43.1,63089,67413
BE,12/23/2016 15:00,43.1,62687,65167
BE,12/23/2016 16:00,50.5,62496,63589
BE,12/23/2016 17:00,55.41,64330,63851
BE,12/23/2016 18:00,51.05,67297,68029
BE,12/23/2016 19:00,46.67,67441,69238
BE,12/23/2016 20:00,43.85,64617,66510
BE,12/23/2016 21:00,39.56,62925,63534
BE,12/23/2016 22:00,37.73,61983,61419
BE,12/23/2016 23:00,34.38,62468,64980
BE,12/24/2016 0:00,33.8,60083,62710
BE,12/24/2016 1:00,33.8,57663,58221
BE,12/24/2016 2:00,31.99,56696,58859
BE,12/24/2016 3:00,29.94,54900,55080
BE,12/24/2016 4:00,30.13,53883,52856
BE,12/24/2016 5:00,30.29,53638,52214
BE,12/24/2016 6:00,32.15,54712,53673
BE,12/24/2016 7:00,34.93,56877,55101
BE,12/24/2016 8:00,39.41,59168,58041
BE,12/24/2016 9:00,49.73,60912,58991
BE,12/24/2016 10:00,51.23,61228,60736
BE,12/24/2016 11:00,50.1,60796,60782
BE,12/24/2016 12:00,50,61055,61825
BE,12/24/2016 13:00,51.2,60645,63528
BE,12/24/2016 14:00,38.01,58772,59836
BE,12/24/2016 15:00,37.82,58367,58251
BE,12/24/2016 16:00,42,59260,57101
BE,12/24/2016 17:00,58.75,61118,58327
BE,12/24/2016 18:00,55.32,63559,61518
BE,12/24/2016 19:00,59.55,62493,61428
BE,12/24/2016 20:00,46.94,60481,58954
BE,12/24/2016 21:00,39.94,58800,56805
BE,12/24/2016 22:00,50.14,58477,55830
BE,12/24/2016 23:00,50.09,59571,60766
BE,12/25/2016 0:00,34,57647,61318
BE,12/25/2016 1:00,29.49,55974,57694
BE,12/25/2016 2:00,28.8,55612,57581
BE,12/25/2016 3:00,26.7,53355,53340
BE,12/25/2016 4:00,19.78,51500,50043
BE,12/25/2016 5:00,16.12,49808,48480
BE,12/25/2016 6:00,17.1,49866,48664
BE,12/25/2016 7:00,22.24,50836,48211
BE,12/25/2016 8:00,20.83,51065,49462
BE,12/25/2016 9:00,35.04,51946,49660
BE,12/25/2016 10:00,39.94,53393,51982
BE,12/25/2016 11:00,42.39,53896,53098
BE,12/25/2016 12:00,44.74,53386,54528
BE,12/25/2016 13:00,38.65,53497,55682
BE,12/25/2016 14:00,28.54,51780,50645
BE,12/25/2016 15:00,24.12,50947,48423
BE,12/25/2016 16:00,26.09,51308,48532
BE,12/25/2016 17:00,44.75,53786,49468
BE,12/25/2016 18:00,44.99,57324,53263
BE,12/25/2016 19:00,42,58529,55804
BE,12/25/2016 20:00,38,57999,55842
BE,12/25/2016 21:00,34.39,57678,54567
BE,12/25/2016 22:00,35,56872,53301
BE,12/25/2016 23:00,32.7,58250,57399
BE,12/26/2016 0:00,29.55,55519,55928
BE,12/26/2016 1:00,25.7,53905,52870
BE,12/26/2016 2:00,26.31,52568,51685
BE,12/26/2016 3:00,21.97,50706,48833
BE,12/26/2016 4:00,15.35,48550,46649
BE,12/26/2016 5:00,22.66,49551,47834
BE,12/26/2016 6:00,25.54,50707,49864
BE,12/26/2016 7:00,30.44,53934,52574
BE,12/26/2016 8:00,45.71,55636,54910
BE,12/26/2016 9:00,46.12,56801,56172
BE,12/26/2016 10:00,47.92,57727,58211
BE,12/26/2016 11:00,48.17,58137,59590
BE,12/26/2016 12:00,45.73,58549,61443
BE,12/26/2016 13:00,35.99,58298,62334
BE,12/26/2016 14:00,34.94,57649,58481
BE,12/26/2016 15:00,47.33,57450,56858
BE,12/26/2016 16:00,49.37,57886,56684
BE,12/26/2016 17:00,56.12,59347,57621
BE,12/26/2016 18:00,56.19,62526,61892
BE,12/26/2016 19:00,50.03,63872,64793
BE,12/26/2016 20:00,44.72,61386,62764
BE,12/26/2016 21:00,37.99,60874,59821
BE,12/26/2016 22:00,40,60311,57898
BE,12/26/2016 23:00,50.71,60407,61925
BE,12/27/2016 0:00,35.3,58592,60605
BE,12/27/2016 1:00,38.33,57320,56436
BE,12/27/2016 2:00,41.04,56856,56298
BE,12/27/2016 3:00,34.62,56642,53352
BE,12/27/2016 4:00,29.69,55979,51029
BE,12/27/2016 5:00,28.35,56376,51913
BE,12/27/2016 6:00,30.99,57424,54769
BE,12/27/2016 7:00,42.08,60785,58740
BE,12/27/2016 8:00,45.27,63221,62637
BE,12/27/2016 9:00,46.56,63728,64561
BE,12/27/2016 10:00,46.44,63838,66191
BE,12/27/2016 11:00,41.46,63444,66528
BE,12/27/2016 12:00,38.83,63247,67551
BE,12/27/2016 13:00,53,62282,67710
BE,12/27/2016 14:00,51.27,61649,63388
BE,12/27/2016 15:00,51.82,60867,60641
BE,12/27/2016 16:00,65.19,60920,60098
BE,12/27/2016 17:00,69.99,63837,61700
BE,12/27/2016 18:00,72.89,66783,67497
BE,12/27/2016 19:00,72.15,68191,69970
BE,12/27/2016 20:00,52.07,64124,67503
BE,12/27/2016 21:00,44,61933,64241
BE,12/27/2016 22:00,56.41,61403,62175
BE,12/27/2016 23:00,63.25,62162,65847
BE,12/28/2016 0:00,37.12,61357,64374
BE,12/28/2016 1:00,36.03,60019,60496
BE,12/28/2016 2:00,34.15,59349,60674
BE,12/28/2016 3:00,36.03,58520,57419
BE,12/28/2016 4:00,33.95,57432,55444
BE,12/28/2016 5:00,34.82,58386,56192
BE,12/28/2016 6:00,43.7,59727,58375
BE,12/28/2016 7:00,51,61845,62365
BE,12/28/2016 8:00,53,64427,66108
BE,12/28/2016 9:00,57.34,65744,66948
BE,12/28/2016 10:00,58.69,65583,68126
BE,12/28/2016 11:00,59.13,64517,67878
BE,12/28/2016 12:00,59.2,64183,68570
BE,12/28/2016 13:00,55.82,63406,68725
BE,12/28/2016 14:00,50.77,62260,64597
BE,12/28/2016 15:00,51.6,61890,61930
BE,12/28/2016 16:00,55.2,62237,60804
BE,12/28/2016 17:00,63.29,64532,62154
BE,12/28/2016 18:00,63.7,67632,68102
BE,12/28/2016 19:00,59.82,67303,71441
BE,12/28/2016 20:00,61.2,64647,68872
BE,12/28/2016 21:00,50,61813,66025
BE,12/28/2016 22:00,43.18,60721,63734
BE,12/28/2016 23:00,43.77,61284,67804
BE,12/29/2016 0:00,42.28,61021,61119
BE,12/29/2016 1:00,39.3,59468,62988
BE,12/29/2016 2:00,36.83,58648,62994
BE,12/29/2016 3:00,34.11,57297,60088
BE,12/29/2016 4:00,34.99,56599,58446
BE,12/29/2016 5:00,37.64,57301,59393
BE,12/29/2016 6:00,41.05,59313,61620
BE,12/29/2016 7:00,49.3,61990,65556
BE,12/29/2016 8:00,53.3,63850,69719
BE,12/29/2016 9:00,53.93,64527,70714
BE,12/29/2016 10:00,56.63,65015,71530
BE,12/29/2016 11:00,55.66,64765,70888
BE,12/29/2016 12:00,48,64523,71044
BE,12/29/2016 13:00,46.53,63959,71750
BE,12/29/2016 14:00,49.6,63266,67201
BE,12/29/2016 15:00,51.63,63125,64249
BE,12/29/2016 16:00,54.43,63517,64144
BE,12/29/2016 17:00,63.95,66187,65487
BE,12/29/2016 18:00,64.35,68637,71449
BE,12/29/2016 19:00,56.72,69557,74221
BE,12/29/2016 20:00,48.5,66411,72356
BE,12/29/2016 21:00,45.66,64992,68708
BE,12/29/2016 22:00,46.94,64418,66427
BE,12/29/2016 23:00,44.08,64912,70659
BE,12/30/2016 0:00,44.3,64108,69228
BE,12/30/2016 1:00,44.3,62492,65397
BE,12/30/2016 2:00,41.26,61571,65604
BE,12/30/2016 3:00,40.62,60381,62743
BE,12/30/2016 4:00,40.07,60298,60772
BE,12/30/2016 5:00,41.02,60339,60999
BE,12/30/2016 6:00,44.3,62576,64157
BE,12/30/2016 7:00,47,63732,67652
BE,12/30/2016 8:00,59,66235,72119
BE,12/30/2016 9:00,60.77,66801,73012
BE,12/30/2016 10:00,55.67,66964,74341
BE,12/30/2016 11:00,55.34,66667,73857
BE,12/30/2016 12:00,52.56,66145,74223
BE,12/30/2016 13:00,47.44,65052,75218
BE,12/30/2016 14:00,48.69,63905,71212
BE,12/30/2016 15:00,52.78,63626,68538
BE,12/30/2016 16:00,55.81,63817,67918
BE,12/30/2016 17:00,63.93,65908,69239
BE,12/30/2016 18:00,61.74,69289,73714
BE,12/30/2016 19:00,57.42,70329,75911
BE,12/30/2016 20:00,57.56,69121,73706
BE,12/30/2016 21:00,52.18,66647,71003
BE,12/30/2016 22:00,54.38,65886,68330
BE,12/30/2016 23:00,50.78,66846,72259
