X,Y
43.6875,51.0734
69.9917,24.8364
58.8354,79.2971
45.443,56.0293
20.7991,31.1115
46.9258,57.5755
57.0533,82.3578
44.2316,56.8045
15.3511,26.0858
65.6322,30.9225
55.3857,79.6135
22.1678,34.5085
68.9,29.7307
63.7391,11.4241
68.9181,25.2675
67.1617,28.9854
52.7566,49.1804
63.0995,27.9521
58.0921,74.3656
18.0492,26.6934
59.9401,78.5948
50.1174,47.4173
58.3265,76.8458
64.8093,85.5997
45.3292,51.5046
43.8829,60.5936
73.0496,24.1827
41.5754,50.011
53.9151,75.3832
49.1764,54.6158
44.3929,55.7301
19.3954,29.8691
70.7732,33.9364
22.0187,24.7774
42.6814,54.4925
25.4782,28.3392
75.4848,27.8635
48.1435,54.2286
60.1653,80.3647
40.1454,58.0876
23.0534,36.484
20.1005,28.9706
28.2184,29.8583
65.3191,79.8495
56.626,79.5684
58.414,80.3355
52.4327,78.4308
64.3111,17.7724
43.3547,50.7637
48.028,48.3552
39.0381,55.2925
11.201,26.6651
70.4882,23.8991
16.8417,25.2483
66.0322,81.2969
60.8354,81.8358
59.8334,80.345
16.0797,32.9808
58.3734,82.9638
23.25,31.3572
19.5085,34.367
15.4457,26.0328
65.6733,23.3903
74.8034,24.921
22.0331,30.8233
66.3401,25.6073
43.1827,52.7858
73.3917,27.912
23.6,32.431
46.643,52.4313
49.6077,56.0069
49.8044,55.3663
35.9862,57.0014
53.9794,47.885
46.6702,54.8955
60.5185,80.8657
19.2646,27.1683
69.7776,30.2964
14.3732,28.1362
47.1935,51.6447
21.4623,33.6144
70.4105,23.5055
57.1719,73.4977
69.508,23.8673
43.0181,57.2525
50.8866,53.73
44.7971,53.3367
17.9475,28.8547
19.1525,31.0793
21.4407,29.2706
20.9842,31.1148
41.876,58.1033
65.2212,87.3352
43.9364,54.2261
61.4342,81.1549
62.7135,79.8578
55.8107,74.9213
75.3032,36.4925
66.3843,91.1978
21.1758,26.6412
53.4707,53.4867
69.5233,26.369
58.9545,74.0192
45.857,54.4174
18.7761,29.7177
69.014,28.5284
65.7132,23.0154
58.1579,80.9635
46.1558,53.9876
44.1455,54.2265
60.2185,81.1318
72.1745,14.4826
22.4381,29.6082
40.5683,58.3739
70.0042,24.8696
59.4728,78.7709
38.1996,55.7125
41.7048,54.8475
40.5104,53.5558
59.7405,75.7429
42.7537,63.6406
71.2544,27.3448
68.7834,18.8657
46.731,52.2512
36.9941,53.3931
45.7608,50.2823
46.8307,49.5958
44.7684,54.4199
51.2138,83.1504
70.6902,26.1411
23.6126,31.0184
54.9307,86.8212
69.1826,24.3459
74.9317,21.9603
58.0407,82.7438
11.1428,25.6583
65.6398,80.342
50.9092,47.6355
41.7246,56.889
46.6756,54.2329
51.8409,53.2388
66.153,33.922
26.1644,34.9401
75.7107,21.1107
46.6518,58.6812
67.5814,19.708
22.2438,33.0095
63.3371,23.5371
66.8556,29.8747
44.8729,53.7522
19.4547,27.624
45.8586,56.1489
44.3783,54.6202
48.4097,55.5055
17.0077,24.4648
63.3339,80.1494
41.0427,57.8445
63.7005,81.6094
47.2345,58.844
39.172,55.7816
55.5575,78.8283
50.0456,53.2491
27.8227,33.8819
26.4399,31.1926
28.5871,30.7576
41.4821,54.9277
60.1565,83.6283
41.4916,53.8472
42.8796,56.4596
48.7914,49.0781
23.9265,31.0666
46.5126,48.7378
72.1308,29.5252
40.1798,55.4434
22.522,23.0442
67.6347,86.2267
19.696,31.8761
51.7226,50.5197
21.7851,28.0097
55.7923,53.7488
19.293,25.4136
55.4892,77.5523
27.1967,38.2918
51.3073,56.3208
57.5998,72.9683
38.244,52.7017
40.6363,55.9004
27.6546,35.7171
63.4125,75.6382
15.9743,29.4572
25.9697,33.0131
69.1065,20.6501
60.1291,78.0983
21.141,33.2657
64.9878,21.2591
70.7429,18.5065
47.8972,54.7785
76.3005,27.1226
48.6755,46.3862
59.629,80.9882
66.0168,22.7361
17.2282,23.6644
69.3608,31.5597
70.8997,30.1433
48.3586,50.8912
68.0483,31.7258
46.5222,55.3121
17.2706,31.3092
41.7016,50.4808
68.3186,21.6383
50.3652,49.1284
21.1951,27.847
52.6904,44.9713
69.2352,24.8317
55.5873,46.8317
24.4395,28.6526
68.5986,15.5894
21.2216,34.0643
19.6469,27.5908
20.312,30.5155
63.0446,83.9931
38.4493,58.0092
69.947,29.5739
67.8332,26.2209
23.19,32.3631
43.3242,51.6335
68.572,33.9883
48.3695,49.5186
64.3193,84.748
15.5547,30.1836
74.134,35.5497
43.1688,52.9572
17.6244,30.0626
61.5256,80.5528
40.437,54.0542
64.8092,86.085
62.4932,77.7135
69.0317,32.5719
48.1962,58.2102
71.4383,22.998
49.5159,54.5886
13.5735,30.6314
68.8788,33.6275
21.3818,35.5567
20.2624,35.2703
17.2693,25.6325
50.1911,53.5034
15.4135,26.894
62.6504,83.4407
47.9622,57.1903
17.3313,30.1594
68.4875,23.1786
18.9571,27.8718
67.1566,32.3346
52.7476,51.1113
45.865,52.4363
21.6878,32.6238
78.1854,34.1928
48.8191,50.848
22.2726,32.6127
48.469,47.2477
37.9284,58.9292
64.4172,82.8715
24.8671,35.6154
80.2013,19.004
59.8885,19.6308
66.1216,82.3314
63.5865,24.7552
21.5445,34.3985
62.5211,80.5692
40.5903,59.534
17.6995,27.3244
57.8917,75.8606
60.5245,84.6767
73.9071,24.7839
40.0857,60.3721
21.8738,31.5859
57.4872,75.3345
67.4576,25.0396
50.7939,79.851
22.1668,30.9037
41.2082,58.2907
45.3354,52.3257
18.1677,31.4199
49.5421,58.262
67.5393,29.0667
45.4613,53.747
67.8962,30.3315
45.4322,58.5206
49.9878,53.8743
45.1195,58.4488
40.4525,57.922
74.1153,27.2859
41.7195,52.1245
27.7873,35.027
20.0009,28.3227
44.6864,58.5085
74.22,28.4806
74.8834,22.5469
44.6984,58.137
37.2105,60.2107
56.3864,52.6644
74.7959,24.4053
46.2258,55.795
60.3216,81.0638
46.1778,56.4158
11.2617,30.3524
62.6175,81.85
71.1013,29.6662
70.1617,28.4604
43.7822,56.1796
23.2702,30.4539
20.1166,34.3811
16.8563,27.396
63.8204,27.6832
54.6005,76.4222
42.1981,53.804
42.2638,55.9476
58.0997,78.4669
48.1201,51.1667
23.7957,30.1181
68.8062,19.7865
42.2289,56.5568
67.9209,84.4422
20.6657,31.1884
44.9825,56.5514
26.286,36.2393
18.34,28.6286
69.8148,22.9443
65.5261,15.6209
62.8044,82.5208
50.0087,52.165
19.869,28.6673
72.3902,20.7477
42.0351,56.2898
20.1929,28.4294
15.3041,26.2217
21.4148,28.6899
30.3568,34.9841
20.7817,32.0701
50.073,60.1013
62.0647,18.4127
59.1396,72.3349
24.4298,33.8209
64.0763,86.8204
48.1125,57.6849
71.4194,23.1161
17.2527,28.4693
69.5999,28.2789
51.3234,75.323
26.4178,34.7922
43.6019,56.6711
45.2557,59.5007
19.8439,33.8471
46.594,52.7651
44.4098,54.3497
21.3141,30.7441
76.8762,21.7727
65.8228,85.1986
11.5864,23.2616
45.8335,57.8878
67.9703,17.7373
68.8361,28.7039
29.1734,34.1061
48.553,53.8331
15.5005,26.6042
15.1094,28.1313
59.1259,86.1009
58.0757,78.2554
19.8477,28.5571
71.8862,28.9834
43.0544,55.0064
17.6477,29.7233
76.5684,38.3887
50.8784,58.9319
42.489,52.6965
69.7465,31.6009
72.924,11.4592
76.7811,24.4561
76.2603,32.0651
44.9022,53.3929
43.8249,51.6793
47.0718,55.2105
44.3831,53.2727
60.2105,81.1974
45.1976,51.9248
39.5993,58.8945
44.82,57.8357
58.1852,76.2609
66.127,81.0772
41.3828,59.4689
55.851,78.6015
47.1212,52.9579
72.6054,27.2396
45.1963,54.7428
46.4096,57.4747
52.7247,51.8305
15.1425,26.8649
64.0102,25.5537
18.1746,33.5499
71.2736,18.9524
65.1407,78.8272
58.2426,86.2894
17.8298,27.127
47.9267,57.2423
20.8122,28.0138
46.7682,53.5167
14.7311,27.7337
68.6822,8.4502
50.9712,50.0443
43.2455,56.8711
21.021,31.9962
63.9927,36.0891
50.9606,56.5037
58.4529,78.3101
44.6434,56.5762
24.4115,34.5454
45.0238,50.0957
43.1835,53.6144
16.2007,26.4457
62.8595,78.8278
40.9211,54.7418
62.0509,75.0605
68.1559,15.5236
47.1686,51.2614
15.6586,27.4627
73.7716,17.2319
71.3762,24.9283
48.2306,59.4104
68.2061,25.6894
60.1886,19.3956
53.537,76.5934
59.0174,89.6805
59.8428,80.8145
18.9999,27.5017
58.4378,78.9158
47.4695,48.8437
60.4361,81.2655
42.5292,57.1584
71.352,22.4295
57.5843,83.7627
48.7878,52.9672
65.9886,84.8331
71.4156,23.9495
24.4891,35.8574
37.2647,53.8268
72.1335,26.3939
46.3843,52.9612
75.6227,29.5689
67.1835,22.9451
19.153,27.3729
65.6372,25.8217
40.9912,51.7085
61.0443,73.1287
49.5319,57.095
64.9353,10.2313
58.2576,73.5993
43.2355,51.1501
58.0544,74.6956
22.262,29.4483
49.9292,51.1058
17.3758,26.654
21.4013,31.2468
72.3599,28.9648
42.9671,57.2898
44.9451,48.369
14.612,27.4759
65.7334,79.0392
51.0169,50.1748
67.4511,22.0366
16.1687,31.319
18.0873,34.715
59.2164,82.5817
53.2241,79.1512
42.7221,54.8137
70.9452,27.0015
41.6835,53.5038
18.428,24.4614
27.254,35.9963
46.871,59.2529
18.8311,30.9191
41.8951,56.7052
67.2339,90.0099
57.6412,79.1895
18.2089,36.485
17.2498,28.8143
51.8367,52.5415
19.0849,29.7208
23.1738,34.6738
72.0092,19.9536
48.9947,57.4055
55.146,80.0683
60.2076,82.5833
45.5309,56.9013
22.0357,28.3267
21.7446,28.9068
38.3227,57.1402
69.4992,24.5662
47.7184,49.9544
44.1323,56.4241
66.5826,30.0687
53.6462,75.0742
12.1544,27.9231
14.9079,30.6999
69.0408,23.3576
66.3434,78.5669
61.9246,16.1178
61.0094,77.2278
57.7049,78.4746
47.5272,53.7151
38.8714,49.6842
45.2047,55.3067
15.5529,28.1685
16.5955,27.1086
41.8293,52.7514
62.5349,72.7729
65.3801,23.8267
47.219,53.8889
49.5227,53.2948
59.2645,83.188
15.5161,29.8239
63.2605,83.4813
77.3674,22.4538
25.8602,33.6096
62.2484,87.5228
19.8696,27.7573
35.3901,56.8465
14.3731,24.7159
19.6603,29.2596
50.1443,51.4245
27.7974,36.6193
45.8009,54.2125
62.2424,76.0416
16.071,26.7688
55.7853,83.349
52.7704,53.4158
16.9645,31.3251
45.4757,52.4646
58.6394,80.2848
22.5886,33.2672
75.7093,29.2812
37.121,64.4966
15.9586,31.1877
61.5616,77.119
41.5474,55.2667
47.8449,49.3474
70.6521,24.8145
69.4413,31.6036
21.5579,32.2003
20.3354,35.4885
49.7958,52.7701
72.3392,26.2102
50.9208,55.9442
69.2857,29.2654
71.045,15.7905
71.8194,29.4836
61.6218,81.9713
45.6433,52.9475
68.5502,26.1657
65.9569,32.6514
22.7622,30.5111
22.7758,31.0842
64.355,77.7362
64.7047,80.0694
67.5525,25.714
72.9585,16.7327
67.5629,33.1811
20.8367,28.8028
62.7307,79.3741
39.8135,50.0759
74.7664,26.51
13.4038,23.5427
72.42,27.7489
47.4933,55.3138
60.652,75.5957
17.5383,28.7483
58.4866,75.4761
44.7617,50.3322
24.1069,27.6488
19.4894,29.9487
63.7285,83.4304
39.5598,56.4293
45.1296,58.9243
59.9703,79.512
42.4445,54.0034
72.8236,23.4012
66.529,22.7496
67.5236,83.2021
63.6126,83.9019
69.1534,87.2221
43.4429,54.6725
43.0834,54.6776
43.8744,54.1725
47.5693,50.2971
56.7357,85.5329
44.4189,55.4178
47.383,53.2556
58.1333,87.3405
58.69,78.6904
21.0191,34.0475
