Date,Demand,Easter,Thanksgiving,Christmas,Temperature,Marketing
1/1/2015,720.0008852,0,0,0,3.68,41.305
1/2/2015,581.2767734,0,0,0,4.73,131.574
1/3/2015,754.117039,0,0,0,7.23,162.7
1/4/2015,622.2527745,0,0,0,10.96,160.281
1/5/2015,785.3733189,0,0,0,6.92,51.077
1/6/2015,584.7829833,0,0,0,-3.54,99.972
1/7/2015,698.9657049,0,0,0,-3.44,192.427
1/8/2015,767.2213155,0,0,0,-4.55,85.599
1/9/2015,608.6643405,0,0,0,1.08,131.77
1/10/2015,679.1952906,0,0,0,-3.83,156.329
1/11/2015,607.8410374,0,0,0,2.59,129.941
1/12/2015,755.1488924,0,0,0,3.89,47.443
1/13/2015,718.3111744,0,0,0,2.14,201.476
1/14/2015,794.0525111,0,0,0,0.65,112.44
1/15/2015,754.0854915,0,0,0,0.4,137.912
1/16/2015,621.0794142,0,0,0,3.63,185.799
1/17/2015,655.9090187,0,0,0,0.44,167.609
1/18/2015,614.5541876,0,0,0,7.33,123.401
1/19/2015,762.4900553,0,0,0,4.65,170.775
1/20/2015,637.3515304,0,0,0,3,110.11
1/21/2015,755.1666631,0,0,0,0.94,119.268
1/22/2015,663.6565428,0,0,0,2.73,166.149
1/23/2015,646.1703569,0,0,0,2.24,159.368
1/24/2015,752.6256221,0,0,0,2.11,121.699
1/25/2015,689.730406,0,0,0,3.46,136.874
1/26/2015,749.957372,0,0,0,-1.17,140.828
1/27/2015,744.42756,0,0,0,-2.76,150.584
1/28/2015,834.3233366,0,0,0,-1.77,141.047
1/29/2015,673.2902962,0,0,0,1.78,63.974
1/30/2015,589.9964829,0,0,0,1.77,112.562
1/31/2015,659.9775497,0,0,0,-4.94,59.618
2/1/2015,672.8674359,0,0,0,1.2,53.949
2/2/2015,693.9819491,0,0,0,3.97,181.483
2/3/2015,695.9173738,0,0,0,-4.13,69.147
2/4/2015,662.1060366,0,0,0,3.4,192.367
2/5/2015,672.4703515,0,0,0,2.72,121.316
2/6/2015,538.363048,0,0,0,-3.02,152.721
2/7/2015,704.5173216,0,0,0,2.3,204.678
2/8/2015,569.4084078,0,0,0,3.73,181.715
2/9/2015,804.2524123,0,0,0,-0.22,48.965
2/10/2015,590.8447761,0,0,0,0.94,87.807
2/11/2015,871.6690766,0,0,0,-1.42,147.75
2/12/2015,670.4287602,0,0,0,2.39,42.024
2/13/2015,610.894771,0,0,0,-6.91,95.505
2/14/2015,681.3292468,0,0,0,0.23,135.197
2/15/2015,633.0123754,0,0,0,-3.61,57.758
2/16/2015,704.9175487,0,0,0,-7.13,84.791
2/17/2015,698.5912636,0,0,0,-4.26,157.851
2/18/2015,799.075269,0,0,0,-1.42,125.327
2/19/2015,737.1010413,0,0,0,-2.69,124.094
2/20/2015,568.6637482,0,0,0,-7.57,123.639
2/21/2015,639.130322,0,0,0,0.7,175.557
2/22/2015,655.8981432,0,0,0,2,89.328
2/23/2015,696.1701337,0,0,0,0.65,149.333
2/24/2015,617.4534759,0,0,0,-2.97,117.523
2/25/2015,762.9213712,0,0,0,0.98,58.912
2/26/2015,639.0511789,0,0,0,-2.84,37.373
2/27/2015,595.2354833,0,0,0,-2.76,115.449
2/28/2015,752.3968554,0,0,0,-2.75,143.214
3/1/2015,562.9253792,0,0,0,-0.67,112.927
3/2/2015,689.9640765,0,0,0,0.68,107.441
3/3/2015,580.6886342,0,0,0,1.48,179.47
3/4/2015,827.2901046,0,0,0,2.87,126.859
3/5/2015,602.7720068,0,0,0,1.73,141.305
3/6/2015,546.4630498,0,0,0,-4.74,168.831
3/7/2015,655.3167336,0,0,0,1.45,66.356
3/8/2015,574.0489261,0,0,0,4.35,74.403
3/9/2015,729.3743335,0,0,0,7.15,172.573
3/10/2015,596.8332702,0,0,0,5.8,57.786
3/11/2015,683.6775513,0,0,0,9.4,190.121
3/12/2015,675.6852095,0,0,0,5.57,147.481
3/13/2015,570.0917386,0,0,0,2.87,42.177
3/14/2015,658.4708624,0,0,0,6.87,163.683
3/15/2015,615.9235206,0,0,0,5.69,181.649
3/16/2015,723.6686125,0,0,0,6.3,81.279
3/17/2015,663.8589176,0,0,0,9.65,63.664
3/18/2015,691.0553954,0,0,0,2.21,150.902
3/19/2015,695.1936117,0,0,0,3.37,97.717
3/20/2015,545.564715,0,0,0,1.71,71.027
3/21/2015,710.7758554,0,0,0,5.9,61.96
3/22/2015,615.5086719,0,0,0,3.55,96.393
3/23/2015,638.2674316,0,0,0,2.05,51.975
3/24/2015,608.0613476,0,0,0,3.67,184.064
3/25/2015,818.8872496,0,0,0,5.26,117.049
3/26/2015,640.0190909,0,0,0,9.88,103.104
3/27/2015,600.8029852,0,0,0,7.16,175.718
3/28/2015,688.9795325,0,0,0,2.62,170.513
3/29/2015,595.8932399,0,0,0,4.52,112.289
3/30/2015,661.3593326,0,0,0,8.05,131.091
3/31/2015,568.6867645,0,0,0,5.35,88.092
4/1/2015,658.2654743,0,0,0,7.05,44.8
4/2/2015,617.1735899,0,0,0,9.86,118.354
4/3/2015,544.0242986,0,0,0,11.81,86.859
4/4/2015,642.6257475,0,0,0,11.11,162.584
4/5/2015,576.5828425,1,0,0,11.42,150.054
4/6/2015,701.3543007,0,0,0,11.46,105.409
4/7/2015,653.57492,0,0,0,11.79,137.446
4/8/2015,745.8645567,0,0,0,6.01,62.688
4/9/2015,675.5331279,0,0,0,4.86,46.069
4/10/2015,551.3921836,0,0,0,11.38,100.733
4/11/2015,673.8249187,0,0,0,10.59,99.975
4/12/2015,560.6032543,0,0,0,11.62,50.041
4/13/2015,741.7472542,0,0,0,11.92,32.276
4/14/2015,648.0114295,0,0,0,13.01,48.347
4/15/2015,774.1641742,0,0,0,13.97,51.195
4/16/2015,574.0795194,0,0,0,10.75,30.525
4/17/2015,586.7053634,0,0,0,14.89,93.889
4/18/2015,659.0653672,0,0,0,16.65,45.547
4/19/2015,580.5367311,0,0,0,10.63,173.771
4/20/2015,704.6939731,0,0,0,13.11,165.326
4/21/2015,625.1724286,0,0,0,13.37,86.132
4/22/2015,681.8603847,0,0,0,12.92,179.869
4/23/2015,561.0874793,0,0,0,8.94,63.914
4/24/2015,578.9508798,0,0,0,8.26,56.363
4/25/2015,611.4228854,0,0,0,11.02,140.435
4/26/2015,543.2286804,0,0,0,12.32,146.439
4/27/2015,765.3391611,0,0,0,12.22,158.433
4/28/2015,611.8762391,0,0,0,15.33,42.122
4/29/2015,634.4572729,0,0,0,17.86,155.991
4/30/2015,610.6815575,0,0,0,11.9,140.212
5/1/2015,551.5978931,0,0,0,10.3,181.651
5/2/2015,610.5221911,0,0,0,12.96,167.245
5/3/2015,556.8703862,0,0,0,16.39,110.632
5/4/2015,712.5378056,0,0,0,17.6,154.963
5/5/2015,599.1138865,0,0,0,20.94,91.77
5/6/2015,703.263754,0,0,0,15.28,93.446
5/7/2015,610.7937893,0,0,0,17.05,119.806
5/8/2015,486.6663064,0,0,0,18.33,75.97
5/9/2015,649.9230723,0,0,0,16.08,86.731
5/10/2015,604.3639059,0,0,0,19.4,72.177
5/11/2015,734.667529,0,0,0,19.8,69.201
5/12/2015,620.3211431,0,0,0,21.26,177.426
5/13/2015,782.0822828,0,0,0,17.12,92.897
5/14/2015,587.4689281,0,0,0,17.08,113.935
5/15/2015,541.6361785,0,0,0,17.04,107.598
5/16/2015,662.3474174,0,0,0,17.78,99.206
5/17/2015,576.1991576,0,0,0,21.95,148.335
5/18/2015,629.1736895,0,0,0,17.36,67.876
5/19/2015,572.7863028,0,0,0,19.76,86.344
5/20/2015,756.6767115,0,0,0,16.4,125.166
5/21/2015,595.8656563,0,0,0,14.85,78.983
5/22/2015,550.8893611,0,0,0,18.68,77.559
5/23/2015,619.0613395,0,0,0,16.13,55.259
5/24/2015,585.8614068,0,0,0,18.79,98.033
5/25/2015,631.2198798,0,0,0,20.25,107.931
5/26/2015,582.8229502,0,0,0,20.41,142.687
5/27/2015,751.8579415,0,0,0,20.63,55.597
5/28/2015,639.6557689,0,0,0,20.81,83.676
5/29/2015,553.434994,0,0,0,20.51,81.531
5/30/2015,635.5801372,0,0,0,21.69,159.969
5/31/2015,562.2985682,0,0,0,22.34,135.579
6/1/2015,654.5928023,0,0,0,18.19,95.004
6/2/2015,537.1842064,0,0,0,14.07,48.725
6/3/2015,666.6103181,0,0,0,16.19,133.371
6/4/2015,626.497917,0,0,0,14.57,77.124
6/5/2015,519.9180922,0,0,0,15.63,75.399
6/6/2015,629.077629,0,0,0,18.73,59.571
6/7/2015,603.2745777,0,0,0,18.19,110.199
6/8/2015,627.4030187,0,0,0,19.9,107.809
6/9/2015,558.4069892,0,0,0,21.94,167.094
6/10/2015,643.6419203,0,0,0,21.43,119.932
6/11/2015,605.8264727,0,0,0,23.44,119.957
6/12/2015,518.7640224,0,0,0,23.24,114.971
6/13/2015,597.5387844,0,0,0,25.25,113.278
6/14/2015,580.3806544,0,0,0,23.4,127.388
6/15/2015,694.1080707,0,0,0,24.11,196.711
6/16/2015,622.3179866,0,0,0,23.91,52.509
6/17/2015,655.6396451,0,0,0,21.87,157.874
6/18/2015,629.8828675,0,0,0,19.44,166.467
6/19/2015,510.0194847,0,0,0,25.65,105.408
6/20/2015,651.29832,0,0,0,21.55,110.121
6/21/2015,501.9740371,0,0,0,25.96,61.154
6/22/2015,703.8273089,0,0,0,26.33,71.23
6/23/2015,538.0496084,0,0,0,25.08,103.38
6/24/2015,587.5949749,0,0,0,25.23,76.137
6/25/2015,549.8418272,0,0,0,24.33,138.197
6/26/2015,476.9824157,0,0,0,23.26,104.269
6/27/2015,598.4772764,0,0,0,20.48,136.044
6/28/2015,546.6852879,0,0,0,23.55,152.733
6/29/2015,641.1537957,0,0,0,22.74,132.243
6/30/2015,512.3452952,0,0,0,23.08,125.669
7/1/2015,575.2808204,0,0,0,24.4,64.119
7/2/2015,599.9461143,0,0,0,23.54,133.013
7/3/2015,474.2739115,0,0,0,24.4,146.973
7/4/2015,515.8688943,0,0,0,22.61,120.056
7/5/2015,518.6097709,0,0,0,24.77,111.654
7/6/2015,555.7896735,0,0,0,23.9,38.455
7/7/2015,471.9658339,0,0,0,25.98,83.32
7/8/2015,691.8469582,0,0,0,26.16,46.332
7/9/2015,551.4558938,0,0,0,24.76,54.971
7/10/2015,446.7920982,0,0,0,26.14,95.127
7/11/2015,564.6350403,0,0,0,26.75,62.115
7/12/2015,565.8568627,0,0,0,26.76,92.883
7/13/2015,583.5872836,0,0,0,25.85,140.438
7/14/2015,541.6942501,0,0,0,25,87.529
7/15/2015,650.9931129,0,0,0,24.87,172.007
7/16/2015,581.8727772,0,0,0,23.6,126.879
7/17/2015,467.0484526,0,0,0,23.8,57.352
7/18/2015,577.3707706,0,0,0,25.02,98.686
7/19/2015,506.6100068,0,0,0,28.25,37.27
7/20/2015,626.3840971,0,0,0,29.37,152.739
7/21/2015,487.351306,0,0,0,28.51,136.335
7/22/2015,658.1163565,0,0,0,26.94,44.877
7/23/2015,592.680072,0,0,0,26.44,27.217
7/24/2015,456.1019247,0,0,0,26.32,76.503
7/25/2015,547.895957,0,0,0,26.26,72.454
7/26/2015,564.7296722,0,0,0,26.73,64.011
7/27/2015,626.3001007,0,0,0,25.73,147.945
7/28/2015,509.2999801,0,0,0,29.1,151.671
7/29/2015,578.1622565,0,0,0,29.45,51.16
7/30/2015,597.7685903,0,0,0,27.69,108.925
7/31/2015,485.8306679,0,0,0,28.78,90.7
8/1/2015,523.1370308,0,0,0,28.47,85.436
8/2/2015,481.1245781,0,0,0,27.87,122.635
8/3/2015,601.8174868,0,0,0,27.88,109.187
8/4/2015,489.7134587,0,0,0,28.8,50.31
8/5/2015,539.6360568,0,0,0,28.26,55.989
8/6/2015,511.4317335,0,0,0,26,81.534
8/7/2015,453.8839487,0,0,0,25.73,94.09
8/8/2015,518.3637652,0,0,0,25.62,83.77
8/9/2015,496.3535254,0,0,0,26.51,41.35
8/10/2015,599.1456012,0,0,0,24.92,61.654
8/11/2015,527.458573,0,0,0,24.93,59.511
8/12/2015,566.3337466,0,0,0,26.97,61.861
8/13/2015,526.679319,0,0,0,26.34,140.293
8/14/2015,425.7753195,0,0,0,27.2,103.607
8/15/2015,534.8756451,0,0,0,28.4,128.439
8/16/2015,474.8484904,0,0,0,28.88,59.498
8/17/2015,573.2580055,0,0,0,29.12,125.535
8/18/2015,456.2566066,0,0,0,28.08,38.394
8/19/2015,670.6756065,0,0,0,26.88,107.373
8/20/2015,527.6721249,0,0,0,27.13,105.547
8/21/2015,436.6867235,0,0,0,27.14,75.921
8/22/2015,591.3960248,0,0,0,27.01,86.099
8/23/2015,475.8621796,0,0,0,25.83,145.227
8/24/2015,592.6867838,0,0,0,26.99,113.909
8/25/2015,510.6426082,0,0,0,27.63,160.041
8/26/2015,559.1186938,0,0,0,26.8,110.796
8/27/2015,583.3021964,0,0,0,25.8,130.426
8/28/2015,466.0240708,0,0,0,25.45,101.8
8/29/2015,532.8104967,0,0,0,26.76,91.362
8/30/2015,483.6000065,0,0,0,27.98,57.185
8/31/2015,588.5567133,0,0,0,28.57,62.696
9/1/2015,529.4314302,0,0,0,28.12,171.993
9/2/2015,643.0509197,0,0,0,27.89,48.484
9/3/2015,562.6303433,0,0,0,29.36,120.843
9/4/2015,459.0885456,0,0,0,25.55,119.341
9/5/2015,572.4787834,0,0,0,24.42,102.248
9/6/2015,537.1652217,0,0,0,25.23,83.259
9/7/2015,619.2323766,0,0,0,28.3,70.541
9/8/2015,527.9428627,0,0,0,29.39,97.407
9/9/2015,630.2281874,0,0,0,28.46,33.747
9/10/2015,541.5245567,0,0,0,24.68,34.37
9/11/2015,490.1728584,0,0,0,26.04,165.343
9/12/2015,575.1126079,0,0,0,24.58,60.223
9/13/2015,513.5395156,0,0,0,23.52,53.205
9/14/2015,617.0855648,0,0,0,24,38.999
9/15/2015,495.6695808,0,0,0,25.6,95.072
9/16/2015,576.8683136,0,0,0,26.79,135.809
9/17/2015,553.1042156,0,0,0,26.97,125.371
9/18/2015,450.9289487,0,0,0,25.44,109.807
9/19/2015,589.2195927,0,0,0,24.77,81.856
9/20/2015,543.5287755,0,0,0,24.63,98.068
9/21/2015,586.1535911,0,0,0,20.82,45.076
9/22/2015,601.6555949,0,0,0,21.55,141.059
9/23/2015,678.71919,0,0,0,23.05,37.01
9/24/2015,517.3913915,0,0,0,23.96,37.331
9/25/2015,532.0281904,0,0,0,21.58,140.205
9/26/2015,574.0448704,0,0,0,19.9,76.223
9/27/2015,559.282221,0,0,0,20.44,143.412
9/28/2015,622.7306514,0,0,0,23.15,145.165
9/29/2015,548.3000565,0,0,0,23.95,131.785
9/30/2015,687.4447597,0,0,0,22.84,164.722
10/1/2015,648.2396835,0,0,0,16.66,46.897
10/2/2015,507.1479395,0,0,0,14.34,42.872
10/3/2015,595.4307288,0,0,0,14.61,118.323
10/4/2015,510.8408032,0,0,0,16.61,91.617
10/5/2015,632.1439149,0,0,0,17.57,115.997
10/6/2015,494.3348629,0,0,0,20.27,102.962
10/7/2015,778.8622159,0,0,0,20.23,78.655
10/8/2015,583.6929468,0,0,0,18.65,138.221
10/9/2015,503.7159002,0,0,0,21.9,123.618
10/10/2015,553.4382482,0,0,0,16.51,147.253
10/11/2015,533.3774071,0,0,0,18.23,175.835
10/12/2015,642.2328065,0,0,0,20.19,78.239
10/13/2015,536.895264,0,0,0,20.76,129
10/14/2015,627.5050231,0,0,0,18.83,35.205
10/15/2015,565.1764545,0,0,0,17.12,129.924
10/16/2015,515.0627814,0,0,0,16.97,150.634
10/17/2015,535.8638857,0,0,0,13.04,149.367
10/18/2015,528.8861546,0,0,0,9.67,69.147
10/19/2015,647.1861587,0,0,0,10.94,162.419
10/20/2015,601.7821358,0,0,0,18.79,42.126
10/21/2015,719.9366705,0,0,0,19.54,111.246
10/22/2015,558.2161431,0,0,0,19.95,120.21
10/23/2015,499.5714653,0,0,0,16.23,150.233
10/24/2015,651.0707114,0,0,0,13.43,71.138
10/25/2015,534.9603149,0,0,0,17.54,98.253
10/26/2015,679.139172,0,0,0,13.98,180.287
10/27/2015,589.5062837,0,0,0,13.74,159.916
10/28/2015,620.1148629,0,0,0,18.48,42.911
10/29/2015,575.8385512,0,0,0,19.56,44.923
10/30/2015,552.699657,0,0,0,15.01,104.888
10/31/2015,641.3697121,0,0,0,12.04,107.286
11/1/2015,586.8807833,0,0,0,17.21,81.058
11/2/2015,660.0045599,0,0,0,15.31,88.256
11/3/2015,690.6607374,0,0,0,18.94,37.887
11/4/2015,683.554473,0,0,0,17.73,152.666
11/5/2015,633.7092509,0,0,0,19.03,88.761
11/6/2015,504.2735575,0,0,0,19.35,85.128
11/7/2015,638.9829994,0,0,0,17.2,122.314
11/8/2015,597.7450744,0,0,0,13.17,53.221
11/9/2015,672.5277483,0,0,0,14.11,123.07
11/10/2015,523.3913805,0,0,0,15.08,176.821
11/11/2015,710.1341955,0,0,0,13.76,73.939
11/12/2015,630.5050119,0,0,0,15.35,43.553
11/13/2015,578.4249348,0,0,0,13.83,177.381
11/14/2015,646.0907974,0,0,0,9.62,163.656
11/15/2015,600.016331,0,0,0,14.05,111.8
11/16/2015,667.3069756,0,0,0,16.63,141.106
11/17/2015,553.2280928,0,0,0,10.06,103.997
11/18/2015,706.4298664,0,0,0,14.08,108.883
11/19/2015,580.4787306,0,0,0,16.22,141.46
11/20/2015,565.9771053,0,0,0,15.52,63.502
11/21/2015,655.7774656,0,0,0,11.93,45.781
11/22/2015,560.9741084,0,0,0,12.98,74.976
11/23/2015,685.1344113,0,0,0,6.51,143.747
11/24/2015,585.6180306,0,0,0,7.84,85.228
11/25/2015,801.4415057,0,0,0,8.69,49.717
11/26/2015,625.1173512,0,1,0,14.14,52.542
11/27/2015,567.1949067,0,0,0,15.27,71.338
11/28/2015,656.4086822,0,0,0,14.08,47.837
11/29/2015,625.192317,0,0,0,8.42,165.72
11/30/2015,692.9306528,0,0,0,9.06,142.693
12/1/2015,716.6749809,0,0,0,11.1,92.707
12/2/2015,784.4638152,0,0,0,13.14,182.37
12/3/2015,692.0442861,0,0,0,11.98,187.486
12/4/2015,629.8492684,0,0,0,9.98,173.971
12/5/2015,762.3601576,0,0,0,9.37,120.974
12/6/2015,615.6922902,0,0,0,10.5,203.843
12/7/2015,809.825962,0,0,0,10.76,93.39
12/8/2015,723.0511114,0,0,0,8.87,94.463
12/9/2015,761.3141514,0,0,0,11.54,222.676
12/10/2015,717.7022511,0,0,0,13.25,73.579
12/11/2015,627.1548377,0,0,0,13.4,163.458
12/12/2015,740.827869,0,0,0,15.03,204.723
12/13/2015,698.0411969,0,0,0,14.92,51.427
12/14/2015,862.8848118,0,0,0,15.09,130.426
12/15/2015,755.3346601,0,0,0,15.87,60.212
12/16/2015,878.8261918,0,0,0,10.19,191.813
12/17/2015,687.0582675,0,0,0,12.97,76.385
12/18/2015,604.7132913,0,0,0,11.4,48.703
12/19/2015,696.7017349,0,0,0,4.74,115.464
12/20/2015,737.7657168,0,0,0,5.62,200.674
12/21/2015,835.5793886,0,0,0,11.06,183.3
12/22/2015,585.4274677,0,0,0,13.43,157.213
12/23/2015,836.3840379,0,0,0,14.73,138.066
12/24/2015,658.1065033,0,0,0,17.19,149.105
12/25/2015,692.8381407,0,0,1,15.27,135.377
12/26/2015,706.7359459,0,0,0,12.87,213.289
12/27/2015,667.5544721,0,0,0,14.8,192.922
12/28/2015,799.2590712,0,0,0,7.69,218.963
12/29/2015,620.8324639,0,0,0,12.59,96.168
12/30/2015,824.8627871,0,0,0,10.36,109.734
12/31/2015,667.3352312,0,0,0,10.6,152.62
1/1/2016,641.2706924,0,0,0,5.68,143.394
1/2/2016,740.5543304,0,0,0,4.75,184.516
1/3/2016,678.8626009,0,0,0,7.55,191.291
1/4/2016,753.1586108,0,0,0,2.44,113.323
1/5/2016,676.9639833,0,0,0,-1.42,97.442
1/6/2016,853.901832,0,0,0,3.79,204.195
1/7/2016,690.1738985,0,0,0,6.44,77.742
1/8/2016,562.4465445,0,0,0,6.66,45.671
1/9/2016,726.9531437,0,0,0,8.89,57.537
1/10/2016,640.227125,0,0,0,13.37,70.82
1/11/2016,844.247215,0,0,0,3.03,210.975
1/12/2016,696.1707188,0,0,0,6.55,206.887
1/13/2016,795.7313353,0,0,0,-0.57,179.677
1/14/2016,713.1741997,0,0,0,3.98,191.91
1/15/2016,610.0554657,0,0,0,7.46,80.911
1/16/2016,815.5151721,0,0,0,9.27,155.981
1/17/2016,636.2537852,0,0,0,2.84,210.122
1/18/2016,747.4560375,0,0,0,0.95,141.702
1/19/2016,597.9572992,0,0,0,-1.88,116.797
1/20/2016,681.4016583,0,0,0,2.59,200.709
1/21/2016,753.4003199,0,0,0,2.17,166.708
1/22/2016,609.3912182,0,0,0,-0.73,58.87
1/23/2016,664.0819509,0,0,0,1.27,168.777
1/24/2016,656.3423962,0,0,0,0.84,179.263
1/25/2016,786.3979061,0,0,0,2.87,195.19
1/26/2016,637.1731555,0,0,0,5.83,123.721
1/27/2016,747.9838185,0,0,0,4.77,210.567
1/28/2016,686.2335667,0,0,0,5.26,140.066
1/29/2016,576.0316484,0,0,0,3.86,104.832
1/30/2016,819.7944426,0,0,0,3.5,191.61
1/31/2016,674.0664742,0,0,0,7.82,204.926
2/1/2016,697.810267,0,0,0,8.84,62.854
2/2/2016,710.0500323,0,0,0,7.96,35.895
2/3/2016,858.1030556,0,0,0,11.22,84.277
2/4/2016,608.1891523,0,0,0,10.51,96.149
2/5/2016,661.9347404,0,0,0,4.01,50.577
2/6/2016,735.0038627,0,0,0,3.32,70.474
2/7/2016,603.0566611,0,0,0,5.64,36.927
2/8/2016,779.9428172,0,0,0,3.12,79.645
2/9/2016,649.3499177,0,0,0,1.3,55.495
2/10/2016,743.6199337,0,0,0,3.31,177.898
2/11/2016,690.1053778,0,0,0,-0.77,171.417
2/12/2016,604.0274747,0,0,0,-3.23,41.721
2/13/2016,755.8386569,0,0,0,-3.94,157.195
2/14/2016,659.7287537,0,0,0,-7.53,173.185
2/15/2016,704.45243,0,0,0,5.7,128.942
2/16/2016,672.649947,0,0,0,10.89,38.099
2/17/2016,741.6829911,0,0,0,4.74,96.457
2/18/2016,674.7911892,0,0,0,1.37,116.864
2/19/2016,579.1230418,0,0,0,4.05,182.368
2/20/2016,711.0561321,0,0,0,9.64,136.995
2/21/2016,598.8564629,0,0,0,10.26,86.984
2/22/2016,730.9575799,0,0,0,8.01,204.4
2/23/2016,603.2576647,0,0,0,4.76,69.188
2/24/2016,722.7043313,0,0,0,12.62,160.735
2/25/2016,721.3907477,0,0,0,12.73,44.104
2/26/2016,587.2875532,0,0,0,2.69,90.875
2/27/2016,658.5096025,0,0,0,3.48,126.343
2/28/2016,666.7844385,0,0,0,9.8,39.372
2/29/2016,757.0548004,0,0,0,10.89,139.469
3/1/2016,591.3424711,0,0,0,9.31,150.491
3/2/2016,643.5637004,0,0,0,9.66,36.035
3/3/2016,602.7913128,0,0,0,1.01,104.303
3/4/2016,600.9484494,0,0,0,2.2,171.278
3/5/2016,725.3960804,0,0,0,2.14,157.946
3/6/2016,596.2746671,0,0,0,4.51,170.448
3/7/2016,661.0984775,0,0,0,9.32,178.04
3/8/2016,686.0480436,0,0,0,11.01,135.446
3/9/2016,787.9137405,0,0,0,13.35,164.272
3/10/2016,648.2098553,0,0,0,15.9,136.648
3/11/2016,615.2227934,0,0,0,12.71,145.886
3/12/2016,649.6969926,0,0,0,10.35,81.73
3/13/2016,679.7225882,0,0,0,11.66,44.05
3/14/2016,712.7670595,0,0,0,7.93,28.873
3/15/2016,569.7792467,0,0,0,9.49,122.762
3/16/2016,763.8519984,0,0,0,10.65,101.082
3/17/2016,638.5223476,0,0,0,11.29,58.358
3/18/2016,565.4021655,0,0,0,10.55,105.827
3/19/2016,673.2563868,0,0,0,5.75,72.173
3/20/2016,609.3555382,0,0,0,4.19,119.703
3/21/2016,734.7023807,0,0,0,7.53,196.839
3/22/2016,656.9589552,0,0,0,9.02,164.606
3/23/2016,745.6865238,0,0,0,13.44,126.496
3/24/2016,678.387925,0,0,0,9.75,106.21
3/25/2016,535.187981,0,0,0,14.76,119.177
3/26/2016,609.8206879,0,0,0,8.21,90.13
3/27/2016,574.5010055,1,0,0,7.97,171.856
3/28/2016,768.3305772,0,0,0,12.04,202.127
3/29/2016,608.7070575,0,0,0,9.29,64.283
3/30/2016,855.5659914,0,0,0,8.48,160.103
3/31/2016,687.5327253,0,0,0,13.58,63.992
4/1/2016,581.6268201,0,0,0,14.61,96.675
4/2/2016,647.7802902,0,0,0,11.51,130.313
4/3/2016,630.3040664,0,0,0,8.1,55.052
4/4/2016,811.7751212,0,0,0,12,195.807
4/5/2016,570.7478611,0,0,0,4.07,112.419
4/6/2016,737.9353539,0,0,0,7.98,184.544
4/7/2016,589.0722952,0,0,0,11.8,85.068
4/8/2016,558.6977647,0,0,0,8.27,153.285
4/9/2016,684.8178902,0,0,0,6.47,52.895
4/10/2016,534.4939606,0,0,0,6.98,146.262
4/11/2016,725.3981013,0,0,0,11.78,165.912
4/12/2016,654.6608811,0,0,0,11.06,123.666
4/13/2016,734.5588895,0,0,0,9.91,132.052
4/14/2016,653.3098198,0,0,0,11.75,68.082
4/15/2016,590.6582402,0,0,0,12.74,145.829
4/16/2016,646.7666135,0,0,0,12.98,150.753
4/17/2016,664.949085,0,0,0,15.51,86.923
4/18/2016,643.3040749,0,0,0,19.35,126.528
4/19/2016,627.3619636,0,0,0,15.68,69.932
4/20/2016,902.651328,0,0,0,14.12,105.725
4/21/2016,677.1030813,0,0,0,14.27,175.605
4/22/2016,564.3944861,0,0,0,17.43,42.709
4/23/2016,696.8399338,0,0,0,15.98,66.928
4/24/2016,568.5919775,0,0,0,14.44,71.316
4/25/2016,791.9497173,0,0,0,14.83,108.115
4/26/2016,624.7308502,0,0,0,18.53,107.687
4/27/2016,822.0569752,0,0,0,11.84,155.732
4/28/2016,672.6639725,0,0,0,11.07,143.513
4/29/2016,635.683512,0,0,0,11.15,116.398
4/30/2016,685.987199,0,0,0,12.28,98.416
5/1/2016,553.3040442,0,0,0,9.73,170.338
5/2/2016,758.8433301,0,0,0,13.98,98.222
5/3/2016,631.0189614,0,0,0,11.48,35.582
5/4/2016,755.0349803,0,0,0,10.77,176.685
5/5/2016,679.0484119,0,0,0,10.9,128.928
5/6/2016,594.9667515,0,0,0,10.78,160.666
5/7/2016,677.0828908,0,0,0,12.66,52.517
5/8/2016,607.0270141,0,0,0,15.19,52.588
5/9/2016,641.4600742,0,0,0,16.78,183.097
5/10/2016,568.2926468,0,0,0,12.94,87.723
5/11/2016,873.4801505,0,0,0,16.01,155.847
5/12/2016,634.8381515,0,0,0,17,81.345
5/13/2016,597.7568249,0,0,0,15.26,176.451
5/14/2016,742.4063668,0,0,0,16.77,167.032
5/15/2016,610.9446314,0,0,0,12.85,188.463
5/16/2016,654.9204184,0,0,0,15.19,200.23
5/17/2016,643.3164007,0,0,0,14.75,75.572
5/18/2016,796.9974443,0,0,0,14.88,135.367
5/19/2016,609.4929483,0,0,0,16.56,136.818
5/20/2016,581.5967229,0,0,0,19.27,107
5/21/2016,698.7585251,0,0,0,14.2,81.935
5/22/2016,609.781113,0,0,0,17.72,61.427
5/23/2016,771.6678765,0,0,0,18.75,185.036
5/24/2016,631.3417516,0,0,0,18.07,140.605
5/25/2016,819.351165,0,0,0,23.13,64.868
5/26/2016,606.1513802,0,0,0,22.4,129.707
5/27/2016,571.7114142,0,0,0,21.23,103.06
5/28/2016,666.4491572,0,0,0,21.83,64.309
5/29/2016,605.6713724,0,0,0,21.47,103.399
5/30/2016,658.1777583,0,0,0,21.22,112.059
5/31/2016,624.7012389,0,0,0,23.51,82.244
6/1/2016,684.8398845,0,0,0,21.75,105.475
6/2/2016,629.5547759,0,0,0,18.78,153.64
6/3/2016,606.1157538,0,0,0,19.1,76.339
6/4/2016,630.9813341,0,0,0,22.55,104.289
6/5/2016,568.0735488,0,0,0,20.17,72.515
6/6/2016,762.3906061,0,0,0,23.39,73.547
6/7/2016,576.1267724,0,0,0,23.48,99.853
6/8/2016,711.2461044,0,0,0,18.76,143.174
6/9/2016,648.9062938,0,0,0,19.58,59.127
6/10/2016,537.7568045,0,0,0,21.18,32.299
6/11/2016,655.0119703,0,0,0,22.62,97.006
6/12/2016,614.6035835,0,0,0,23.3,60.848
6/13/2016,612.9043406,0,0,0,20.83,105.921
6/14/2016,638.5603722,0,0,0,22.04,196.925
6/15/2016,744.2238528,0,0,0,23.01,64.294
6/16/2016,631.7080795,0,0,0,19.87,145.57
6/17/2016,509.7644835,0,0,0,20.65,136.196
6/18/2016,628.0965362,0,0,0,23.58,171.421
6/19/2016,576.9246687,0,0,0,23.23,101.272
6/20/2016,751.4718694,0,0,0,22.22,100.652
6/21/2016,628.7674206,0,0,0,25.83,74.215
6/22/2016,791.1957839,0,0,0,25.98,152.147
6/23/2016,590.6998154,0,0,0,24.43,125.11
6/24/2016,533.7596882,0,0,0,22.61,72.886
6/25/2016,611.8506558,0,0,0,23.86,130.546
6/26/2016,568.2915743,0,0,0,24.01,161.387
6/27/2016,673.1076028,0,0,0,23.37,154.469
6/28/2016,615.8572493,0,0,0,22.33,38.792
6/29/2016,678.3684309,0,0,0,26.18,160.109
6/30/2016,596.9317307,0,0,0,25.65,63.82
7/1/2016,522.1597814,0,0,0,23.92,126.741
7/2/2016,614.3102159,0,0,0,23.83,124.864
7/3/2016,516.4430381,0,0,0,23.84,89.334
7/4/2016,707.7228642,0,0,0,24.58,109.123
7/5/2016,513.3004356,0,0,0,27.2,115.985
7/6/2016,605.7737519,0,0,0,28.19,39.292
7/7/2016,597.6405059,0,0,0,27.37,134.077
7/8/2016,539.5836897,0,0,0,26.5,63.843
7/9/2016,635.6702833,0,0,0,22.05,83.776
7/10/2016,559.5730741,0,0,0,25.9,44.751
7/11/2016,603.9199345,0,0,0,25.13,36.017
7/12/2016,605.2587225,0,0,0,25,125.165
7/13/2016,615.7692642,0,0,0,25.19,159.171
7/14/2016,603.0206811,0,0,0,27.44,38.467
7/15/2016,520.8303815,0,0,0,28.94,129.721
7/16/2016,654.1293144,0,0,0,28.03,184.686
7/17/2016,582.8610505,0,0,0,28.55,46.491
7/18/2016,720.480341,0,0,0,29.22,71.561
7/19/2016,560.4178196,0,0,0,27.64,153.833
7/20/2016,698.569173,0,0,0,26.05,173.544
7/21/2016,615.921829,0,0,0,27.8,166.224
7/22/2016,564.3206544,0,0,0,29.3,137.961
7/23/2016,673.4391707,0,0,0,30.9,172.36
7/24/2016,618.2346293,0,0,0,28.47,42.037
7/25/2016,682.5004377,0,0,0,28.59,168.469
7/26/2016,530.3548515,0,0,0,29.36,106.452
7/27/2016,694.4076227,0,0,0,28.82,125.546
7/28/2016,609.6290422,0,0,0,29.19,134.918
7/29/2016,488.7586751,0,0,0,26.69,24.589
7/30/2016,581.3776054,0,0,0,26.77,28.878
7/31/2016,511.3214068,0,0,0,24.98,94.96
8/1/2016,645.9678584,0,0,0,24.73,88.481
8/2/2016,555.5019316,0,0,0,23.33,133.369
8/3/2016,660.5591443,0,0,0,24.34,110.958
8/4/2016,549.3160977,0,0,0,24.56,138.507
8/5/2016,459.5249945,0,0,0,25.35,146.193
8/6/2016,571.524648,0,0,0,27.77,57.664
8/7/2016,477.4411205,0,0,0,27.7,121.166
8/8/2016,633.7061745,0,0,0,26.73,142.473
8/9/2016,570.7981843,0,0,0,26.65,63.303
8/10/2016,680.1716885,0,0,0,27.15,146.654
8/11/2016,541.2844284,0,0,0,28.01,110.478
8/12/2016,490.4087682,0,0,0,29.61,64.758
8/13/2016,579.1518217,0,0,0,28.96,75.626
8/14/2016,504.9031781,0,0,0,30.46,150.739
8/15/2016,538.6324872,0,0,0,29.51,100.515
8/16/2016,467.6102029,0,0,0,28.03,51.432
8/17/2016,614.7959558,0,0,0,28.23,163.97
8/18/2016,535.9575095,0,0,0,27.47,105.344
8/19/2016,508.30569,0,0,0,28.08,103.968
8/20/2016,582.8704244,0,0,0,27,32.853
8/21/2016,513.9496305,0,0,0,27.33,152.524
8/22/2016,594.0470693,0,0,0,26.1,102.788
8/23/2016,558.0801337,0,0,0,25.23,158.696
8/24/2016,608.8933207,0,0,0,26.91,52.373
8/25/2016,535.0686701,0,0,0,25.63,37.046
8/26/2016,498.2434879,0,0,0,30.24,36.83
8/27/2016,515.5853287,0,0,0,27.27,61.186
8/28/2016,544.5628846,0,0,0,26.83,119.568
8/29/2016,607.7624208,0,0,0,29.98,114.904
8/30/2016,488.8887913,0,0,0,26.05,59.248
8/31/2016,586.4304158,0,0,0,27.53,161.485
9/1/2016,567.6921918,0,0,0,24.88,88.921
9/2/2016,537.5745555,0,0,0,25.9,103.198
9/3/2016,546.678392,0,0,0,22.9,71.132
9/4/2016,566.0231416,0,0,0,23.74,61.722
9/5/2016,692.4551377,0,0,0,26.27,193.765
9/6/2016,548.0221809,0,0,0,25.61,82.349
9/7/2016,653.9483239,0,0,0,26.17,81.462
9/8/2016,617.6922937,0,0,0,26.98,146.644
9/9/2016,514.4433035,0,0,0,28.9,62.862
9/10/2016,601.6862197,0,0,0,27.97,106.915
9/11/2016,532.1173264,0,0,0,26.63,35.391
9/12/2016,608.5092794,0,0,0,22.8,184.599
9/13/2016,517.7594289,0,0,0,24.44,133.673
9/14/2016,708.062706,0,0,0,27.76,164.661
9/15/2016,612.23642,0,0,0,21.92,157.206
9/16/2016,543.3963568,0,0,0,21.11,168.267
9/17/2016,603.4431284,0,0,0,23.01,65.681
9/18/2016,535.1128299,0,0,0,25.83,108.669
9/19/2016,593.566705,0,0,0,23.08,164.315
9/20/2016,539.6007815,0,0,0,24.95,193.028
9/21/2016,637.9189606,0,0,0,26.26,162.11
9/22/2016,637.1311857,0,0,0,25.29,164.906
9/23/2016,558.1784949,0,0,0,26.5,109.779
9/24/2016,639.3572677,0,0,0,21.51,76.228
9/25/2016,611.3340422,0,0,0,20.26,76.846
9/26/2016,729.0378058,0,0,0,21.13,55.18
9/27/2016,585.2153675,0,0,0,21.35,162.689
9/28/2016,670.2131844,0,0,0,20.24,93.994
9/29/2016,627.2729824,0,0,0,18.22,92.782
9/30/2016,503.0302369,0,0,0,17.69,115.006
10/1/2016,695.2183698,0,0,0,18.44,111.648
10/2/2016,547.781341,0,0,0,19.05,94.626
10/3/2016,679.3064475,0,0,0,20.69,135.132
10/4/2016,648.4611142,0,0,0,20.07,90.925
10/5/2016,708.8312409,0,0,0,18.73,180.443
10/6/2016,685.7044094,0,0,0,19.85,91.216
10/7/2016,569.3686677,0,0,0,20.42,113.498
10/8/2016,700.108608,0,0,0,20.04,90.012
10/9/2016,630.7515345,0,0,0,18.47,159.868
10/10/2016,673.1540632,0,0,0,17.19,74.833
10/11/2016,553.8218578,0,0,0,15.81,99.473
10/12/2016,684.3925105,0,0,0,17.95,143.783
10/13/2016,604.2330116,0,0,0,19.58,132.396
10/14/2016,571.4507555,0,0,0,16.5,46.716
10/15/2016,618.6968273,0,0,0,16.77,106.019
10/16/2016,632.7865899,0,0,0,20.01,164.483
10/17/2016,670.6266357,0,0,0,22.76,169.565
10/18/2016,608.6411003,0,0,0,22.72,92.542
10/19/2016,745.9328942,0,0,0,25.78,120.794
10/20/2016,625.384901,0,0,0,19.78,44.393
10/21/2016,549.0720627,0,0,0,21.23,103.117
10/22/2016,648.512815,0,0,0,17.81,161.21
10/23/2016,588.8108561,0,0,0,16.79,71.774
10/24/2016,714.6812159,0,0,0,16.48,127.65
10/25/2016,533.1625697,0,0,0,12.26,192.64
10/26/2016,799.2053638,0,0,0,10.93,124.146
10/27/2016,618.6371776,0,0,0,15.37,146.667
10/28/2016,530.3090031,0,0,0,14.11,73.694
10/29/2016,640.5712374,0,0,0,16.7,76.907
10/30/2016,596.9065465,0,0,0,20.05,157.661
10/31/2016,666.2198925,0,0,0,12.64,177.132
11/1/2016,715.0744985,0,0,0,14.25,181.444
11/2/2016,719.552077,0,0,0,18.11,39.071
11/3/2016,698.2407043,0,0,0,18.89,63.531
11/4/2016,643.3380245,0,0,0,15.17,192.367
11/5/2016,729.7375851,0,0,0,15.98,182.782
11/6/2016,618.5475317,0,0,0,13.61,105.978
11/7/2016,764.9631186,0,0,0,11.38,34.623
11/8/2016,704.9723023,0,0,0,16.79,190.062
11/9/2016,787.355247,0,0,0,14.19,166.479
11/10/2016,683.3663358,0,0,0,12.88,44.354
11/11/2016,639.9406647,0,0,0,15.58,111.096
11/12/2016,746.1833946,0,0,0,10.14,121.057
11/13/2016,663.8294269,0,0,0,14.31,179.677
11/14/2016,705.9123273,0,0,0,14.67,34.693
11/15/2016,666.251577,0,0,0,12.51,57.619
11/16/2016,774.7499032,0,0,0,15.15,90.822
11/17/2016,696.2677884,0,0,0,15.13,170.975
11/18/2016,573.1617271,0,0,0,15.71,177.791
11/19/2016,735.6935424,0,0,0,14.44,50.631
11/20/2016,633.6357833,0,0,0,6.08,33.608
11/21/2016,698.2492912,0,0,0,5.61,147.72
11/22/2016,643.1845069,0,0,0,6.14,172.731
11/23/2016,804.9374919,0,0,0,7.83,98.005
11/24/2016,642.3686995,0,1,0,11.7,90.976
11/25/2016,650.167682,0,0,0,11.63,156.312
11/26/2016,730.2213965,0,0,0,10.53,158.814
11/27/2016,623.445762,0,0,0,9.61,142.735
11/28/2016,814.9313188,0,0,0,10.23,74.161
11/29/2016,642.1620697,0,0,0,14.23,75.04
11/30/2016,818.9586726,0,0,0,13.48,41.021
12/1/2016,759.1879577,0,0,0,14.69,127.687
12/2/2016,699.4088979,0,0,0,9.95,159.044
12/3/2016,821.545784,0,0,0,8.59,151.288
12/4/2016,700.2170647,0,0,0,7.01,70.516
12/5/2016,806.6940221,0,0,0,8.94,204.469
12/6/2016,695.3137142,0,0,0,8.08,223.185
12/7/2016,922.4240861,0,0,0,7.42,117.607
12/8/2016,822.8253851,0,0,0,6.82,52.798
12/9/2016,675.8662645,0,0,0,4.12,201.342
12/10/2016,811.9964571,0,0,0,2.51,49.073
12/11/2016,676.8226613,0,0,0,5.38,202.484
12/12/2016,890.9429223,0,0,0,7.13,208.407
12/13/2016,783.3936794,0,0,0,4.94,182.184
12/14/2016,898.6938649,0,0,0,5.47,177.896
12/15/2016,769.9691697,0,0,0,3.01,87.718
12/16/2016,730.4228326,0,0,0,-0.75,148.273
12/17/2016,831.0073474,0,0,0,6.16,124.535
12/18/2016,789.2427745,0,0,0,12.54,204.316
12/19/2016,881.7853134,0,0,0,-0.02,142.358
12/20/2016,640.7233222,0,0,0,1.06,62.9
12/21/2016,972.1282813,0,0,0,3.98,185.123
12/22/2016,805.1305945,0,0,0,7.47,113.714
12/23/2016,664.6567252,0,0,0,6.38,55.453
12/24/2016,784.5020576,0,0,0,6.37,138.974
12/25/2016,718.4658108,0,0,1,7.74,238.061
12/26/2016,880.5946485,0,0,0,7.88,174.511
12/27/2016,715.7211484,0,0,0,12.74,118.756
12/28/2016,859.0779718,0,0,0,5.11,104.904
12/29/2016,695.8803426,0,0,0,8.58,113.13
12/30/2016,633.1801093,0,0,0,4.5,63.627
12/31/2016,736.1794295,0,0,0,5.88,131.044
1/1/2017,721.2854444,0,0,0,7.74,209.918
1/2/2017,836.2247433,0,0,0,6.4,198.888
1/3/2017,710.1139182,0,0,0,7.77,233.657
1/4/2017,776.9591337,0,0,0,9.31,162.543
1/5/2017,773.9435512,0,0,0,0.76,134.342
1/6/2017,646.1748545,0,0,0,1.34,174.321
1/7/2017,777.6834808,0,0,0,-1.85,59.949
1/8/2017,812.8007486,0,0,0,-3.39,230.007
1/9/2017,952.2240327,0,0,0,-3.6,100.783
1/10/2017,816.0464404,0,0,0,6.4,98.221
1/11/2017,959.2614467,0,0,0,7.46,157.343
1/12/2017,773.9781716,0,0,0,12.5,60.514
1/13/2017,661.647333,0,0,0,10.23,125.735
1/14/2017,774.3700458,0,0,0,1.06,200.699
1/15/2017,675.1783779,0,0,0,3.51,97.689
1/16/2017,836.1827364,0,0,0,4.26,100.465
1/17/2017,721.9298187,0,0,0,5.26,75.614
1/18/2017,851.3566583,0,0,0,5.38,221.103
1/19/2017,761.240649,0,0,0,7.55,199.721
1/20/2017,667.9319649,0,0,0,6.73,105.016
1/21/2017,833.7806738,0,0,0,7.86,105.32
1/22/2017,780.5216216,0,0,0,8.78,120.225
1/23/2017,902.8102938,0,0,0,6.19,178.744
1/24/2017,788.904552,0,0,0,4.94,130.026
1/25/2017,971.4807324,0,0,0,7.12,190.804
1/26/2017,755.3885042,0,0,0,8.44,177.425
1/27/2017,676.3980544,0,0,0,5.05,144.374
1/28/2017,778.4758643,0,0,0,3.64,139.115
1/29/2017,701.755578,0,0,0,4.73,168.503
1/30/2017,859.7822049,0,0,0,2.24,35.019
1/31/2017,827.6667881,0,0,0,2.68,236.935
2/1/2017,853.3874934,0,0,0,6.41,197.185
2/2/2017,775.7237638,0,0,0,5.6,188.645
2/3/2017,657.4405568,0,0,0,0.23,133.785
2/4/2017,767.2375163,0,0,0,1.12,49.139
2/5/2017,704.7417728,0,0,0,4.84,99.854
2/6/2017,873.3970146,0,0,0,6.17,112.264
2/7/2017,761.7688552,0,0,0,6.84,90.478
2/8/2017,824.5257016,0,0,0,12.44,75.999
2/9/2017,739.5009897,0,0,0,3.8,57.837
2/10/2017,659.9860474,0,0,0,-0.49,55.3
2/11/2017,791.284085,0,0,0,4.75,147.009
2/12/2017,717.2602521,0,0,0,4.76,178.55
2/13/2017,804.1165531,0,0,0,2.8,153.038
2/14/2017,736.7666512,0,0,0,2.94,150.023
2/15/2017,757.2953822,0,0,0,4.67,139.214
2/16/2017,808.200178,0,0,0,1.23,59.323
2/17/2017,696.3401548,0,0,0,3.8,115.413
2/18/2017,822.7662276,0,0,0,9.58,183.707
2/19/2017,700.238902,0,0,0,12.76,102.668
2/20/2017,853.2759691,0,0,0,8.57,88.467
2/21/2017,638.4791306,0,0,0,5.76,195.077
2/22/2017,819.5945987,0,0,0,8.98,201.151
2/23/2017,789.7976517,0,0,0,11.9,63.81
2/24/2017,672.6309932,0,0,0,12.91,170.634
2/25/2017,785.7362841,0,0,0,11.72,157.099
2/26/2017,710.5179935,0,0,0,5.78,167.039
2/27/2017,846.6547178,0,0,0,7.86,122.546
2/28/2017,617.3517281,0,0,0,11.01,138.771
3/1/2017,781.8485684,0,0,0,13.78,214.592
3/2/2017,732.768089,0,0,0,13.13,43.645
3/3/2017,666.9435006,0,0,0,2.65,200.022
3/4/2017,684.2225134,0,0,0,-0.85,173.056
3/5/2017,702.3931619,0,0,0,1.01,38.796
3/6/2017,765.4083753,0,0,0,4.09,192.886
3/7/2017,670.5800211,0,0,0,8.86,197.919
3/8/2017,798.6177171,0,0,0,10.76,88.441
3/9/2017,788.6263652,0,0,0,11.44,170.475
3/10/2017,627.5086534,0,0,0,5.25,99.847
3/11/2017,764.4647304,0,0,0,-1.38,107.383
3/12/2017,664.0908948,0,0,0,-0.81,78.443
3/13/2017,816.9555335,0,0,0,0.87,167.931
3/14/2017,665.7778122,0,0,0,3.87,183.036
3/15/2017,843.4637386,0,0,0,-2.55,54.164
3/16/2017,706.1237564,0,0,0,1.8,57.18
3/17/2017,624.6428129,0,0,0,4.25,89.96
3/18/2017,696.5990304,0,0,0,4.72,174.619
3/19/2017,701.6983402,0,0,0,5.94,180.371
3/20/2017,894.9314176,0,0,0,7.62,186.091
3/21/2017,724.2266221,0,0,0,10.33,143.177
3/22/2017,897.7353483,0,0,0,5.65,106.938
3/23/2017,741.3000743,0,0,0,4.22,157.367
3/24/2017,627.3922651,0,0,0,8.74,192.461
3/25/2017,756.2472652,0,0,0,10.16,53.882
3/26/2017,635.12599,0,0,0,5.49,156.969
3/27/2017,814.8273552,0,0,0,10.47,81.485
3/28/2017,759.0578296,0,0,0,7.69,150.151
3/29/2017,842.5681682,0,0,0,10.69,123.148
3/30/2017,764.612147,0,0,0,7.66,85.153
3/31/2017,675.3797629,0,0,0,6.44,59.868
4/1/2017,732.6133179,0,0,0,7.19,151.902
4/2/2017,715.9233448,0,0,0,11.76,209.136
4/3/2017,786.4905895,0,0,0,10.14,130.646
4/4/2017,657.3626733,0,0,0,12.69,164.829
4/5/2017,740.0828439,0,0,0,12.61,160.78
4/6/2017,727.4269415,0,0,0,12.59,185.761
4/7/2017,666.808495,0,0,0,8.16,177.333
4/8/2017,766.3795229,0,0,0,9.73,126.594
4/9/2017,596.8559335,0,0,0,12.05,179.321
4/10/2017,824.9008991,0,0,0,13.95,41.834
4/11/2017,711.2650952,0,0,0,14.9,61.968
4/12/2017,854.5229969,0,0,0,16.32,175.1
4/13/2017,690.1205163,0,0,0,13.73,78.116
4/14/2017,630.6680155,0,0,0,12.38,135.17
4/15/2017,705.9414164,0,0,0,11.58,120.928
4/16/2017,667.7805127,1,0,0,19.97,44.882
4/17/2017,765.9106016,0,0,0,16.15,216.361
4/18/2017,656.2735674,0,0,0,12.69,181.473
4/19/2017,780.0684607,0,0,0,9.67,140.468
4/20/2017,750.8841988,0,0,0,13.87,44.021
4/21/2017,686.4367999,0,0,0,11.44,66.159
4/22/2017,723.5432053,0,0,0,12.26,130.934
4/23/2017,654.3432322,0,0,0,12.3,102.715
4/24/2017,817.5965964,0,0,0,11.47,189.067
4/25/2017,704.5111719,0,0,0,11.94,206.322
4/26/2017,970.3088826,0,0,0,13.87,178.814
4/27/2017,786.4966806,0,0,0,14.84,156.165
4/28/2017,663.4635826,0,0,0,19.97,34.158
4/29/2017,752.8234514,0,0,0,20.81,155.448
4/30/2017,694.2308784,0,0,0,13.86,195.152
5/1/2017,755.1286011,0,0,0,17.23,49.597
5/2/2017,627.0433981,0,0,0,18.36,56.756
5/3/2017,952.0713469,0,0,0,14.48,196.287
5/4/2017,682.9713957,0,0,0,12.48,152.164
5/5/2017,589.5813134,0,0,0,14.13,89.84
5/6/2017,771.8129376,0,0,0,14.48,170.905
5/7/2017,664.3833792,0,0,0,12.55,149.032
5/8/2017,762.6624837,0,0,0,12.61,54.611
5/9/2017,650.7124242,0,0,0,13.65,174.648
5/10/2017,873.6238292,0,0,0,13.72,184.487
5/11/2017,683.8854383,0,0,0,13.18,150.126
5/12/2017,689.5302624,0,0,0,13.17,60.082
5/13/2017,697.2657724,0,0,0,10.86,191.43
5/14/2017,652.8075391,0,0,0,15.74,214.577
5/15/2017,712.683847,0,0,0,16.08,91.722
5/16/2017,604.2333722,0,0,0,18.82,90.839
5/17/2017,752.6097631,0,0,0,20.52,94.756
5/18/2017,692.4418271,0,0,0,23.09,207.744
5/19/2017,688.8516788,0,0,0,23.83,156.966
5/20/2017,682.4418979,0,0,0,15.53,38.398
5/21/2017,657.1579892,0,0,0,14.89,40.64
5/22/2017,865.7433763,0,0,0,15.11,110.254
5/23/2017,612.6648678,0,0,0,18.55,73.326
5/24/2017,944.4157007,0,0,0,16.4,86.234
5/25/2017,666.1979163,0,0,0,15.62,90.721
5/26/2017,623.4900749,0,0,0,19.73,162.322
5/27/2017,726.2350672,0,0,0,19.37,147.287
5/28/2017,643.2901738,0,0,0,16.64,40.448
5/29/2017,791.2640916,0,0,0,14.08,88.344
5/30/2017,640.7996977,0,0,0,14.6,212.978
5/31/2017,814.6557081,0,0,0,19.48,55.086
6/1/2017,717.5584761,0,0,0,21.02,71.117
6/2/2017,585.3630143,0,0,0,19.65,160.421
6/3/2017,676.5389324,0,0,0,18.8,110.057
6/4/2017,620.3703522,0,0,0,18.12,148.321
6/5/2017,695.0663031,0,0,0,19.25,104.329
6/6/2017,603.7254966,0,0,0,14.97,91.048
6/7/2017,822.6758652,0,0,0,17.39,82.691
6/8/2017,662.6337755,0,0,0,16.72,160.163
6/9/2017,613.428014,0,0,0,21.76,78.475
6/10/2017,689.6812902,0,0,0,22.09,76.865
6/11/2017,581.6745818,0,0,0,24.08,189.008
6/12/2017,746.9703378,0,0,0,25.87,84.613
6/13/2017,594.8868538,0,0,0,26.29,199.224
6/14/2017,784.2118487,0,0,0,22.16,55.909
6/15/2017,645.8904603,0,0,0,19.76,67.733
6/16/2017,574.1241496,0,0,0,19.69,182.241
6/17/2017,757.6128708,0,0,0,21.23,35.123
6/18/2017,617.2414416,0,0,0,23.29,202.235
6/19/2017,776.3986388,0,0,0,23.55,178.681
6/20/2017,592.1575604,0,0,0,24.15,151.028
6/21/2017,728.7806341,0,0,0,24.19,180.12
6/22/2017,689.4106272,0,0,0,23.17,40.419
6/23/2017,637.0215154,0,0,0,24.05,63.133
6/24/2017,719.5211651,0,0,0,25.12,181.13
6/25/2017,605.3270742,0,0,0,23.66,107.426
6/26/2017,812.0258089,0,0,0,22.32,160.604
6/27/2017,656.5540343,0,0,0,22.12,159.993
6/28/2017,847.3276906,0,0,0,22.68,140.17
6/29/2017,668.9736032,0,0,0,22.91,154.368
6/30/2017,574.549836,0,0,0,23.69,25.711
7/1/2017,698.1916038,0,0,0,23.33,116.74
7/2/2017,653.1323176,0,0,0,25.65,62.658
7/3/2017,663.9862598,0,0,0,25.72,132.145
7/4/2017,554.0786291,0,0,0,25.73,145.38
7/5/2017,733.8562835,0,0,0,23.58,163.41
7/6/2017,668.1896714,0,0,0,22.07,118.017
7/7/2017,535.4049232,0,0,0,23.02,44.991
7/8/2017,647.6517685,0,0,0,25.83,145.795
7/9/2017,543.7520688,0,0,0,24.7,105.347
7/10/2017,704.4563726,0,0,0,24.94,69.81
7/11/2017,545.6985424,0,0,0,26.31,51.287
7/12/2017,654.8174101,0,0,0,27.14,49.418
7/13/2017,592.1492836,0,0,0,28.37,46.755
7/14/2017,578.5131686,0,0,0,22.73,113.709
7/15/2017,597.0170747,0,0,0,26.01,144.108
7/16/2017,621.4476572,0,0,0,25.51,128.248
7/17/2017,750.6858613,0,0,0,25.38,159.347
7/18/2017,607.4186969,0,0,0,25.98,138.685
7/19/2017,666.7697938,0,0,0,28.35,66.04
7/20/2017,649.4523454,0,0,0,28.97,78.894
7/21/2017,582.1725208,0,0,0,29.09,147.473
7/22/2017,692.991666,0,0,0,28.23,119.523
7/23/2017,539.0904911,0,0,0,24.28,82.851
7/24/2017,731.2368984,0,0,0,23.7,89.312
7/25/2017,589.4768864,0,0,0,21.03,75.765
7/26/2017,742.4032513,0,0,0,22.23,117.813
7/27/2017,591.6668111,0,0,0,23.87,70.229
7/28/2017,592.0706286,0,0,0,24.82,98.821
7/29/2017,704.4180248,0,0,0,21.9,136.288
7/30/2017,582.579744,0,0,0,24.79,187.772
7/31/2017,766.7189148,0,0,0,26.05,87.411
8/1/2017,532.0883585,0,0,0,27.73,100.067
8/2/2017,681.1818427,0,0,0,25.37,79.903
8/3/2017,592.9933341,0,0,0,25.4,157.881
8/4/2017,536.6940097,0,0,0,25.42,154.407
8/5/2017,622.8791733,0,0,0,25.25,125.462
8/6/2017,537.3241791,0,0,0,23.81,140.103
8/7/2017,753.4320636,0,0,0,22.21,76.98
8/8/2017,588.7628952,0,0,0,24.13,185.888
8/9/2017,770.6029047,0,0,0,25.17,47.698
8/10/2017,604.5591588,0,0,0,24.43,85.957
8/11/2017,552.5600507,0,0,0,24.11,109.724
8/12/2017,634.2151767,0,0,0,24.15,67.128
8/13/2017,592.2825172,0,0,0,26.37,49.401
8/14/2017,718.1147921,0,0,0,24.64,69.296
8/15/2017,559.3222856,0,0,0,23.43,134.439
8/16/2017,604.7481433,0,0,0,27.13,47.69
8/17/2017,608.6047264,0,0,0,24.59,154.246
8/18/2017,536.5453669,0,0,0,25.86,99.716
8/19/2017,641.1635657,0,0,0,27.12,156.539
8/20/2017,530.8660545,0,0,0,26.17,92.706
8/21/2017,640.7083956,0,0,0,26.59,180.449
8/22/2017,601.718014,0,0,0,27.33,115.205
8/23/2017,671.3249795,0,0,0,25.55,116.191
8/24/2017,598.9754122,0,0,0,24.95,145.633
8/25/2017,505.6026317,0,0,0,24.19,76.06
8/26/2017,572.7235017,0,0,0,23.39,43.131
8/27/2017,566.3836333,0,0,0,23.23,123.415
8/28/2017,679.695831,0,0,0,22.33,74.788
8/29/2017,559.2038394,0,0,0,20.44,187.321
8/30/2017,731.990698,0,0,0,23.57,106.273
8/31/2017,631.7341621,0,0,0,25.23,98.639
9/1/2017,509.1790409,0,0,0,20.91,180.475
9/2/2017,690.8820172,0,0,0,19.6,72.314
9/3/2017,658.300781,0,0,0,22.01,124.787
9/4/2017,716.7182827,0,0,0,23.77,113.811
9/5/2017,673.9605265,0,0,0,24.83,164.413
9/6/2017,734.264311,0,0,0,22.03,123.861
9/7/2017,624.0687208,0,0,0,21.92,55.309
9/8/2017,603.2110856,0,0,0,21.55,87.325
9/9/2017,656.5595111,0,0,0,20.57,130.88
9/10/2017,565.4927061,0,0,0,21.62,106.058
9/11/2017,789.3195267,0,0,0,22.82,149.986
9/12/2017,701.6218928,0,0,0,23.86,131.017
9/13/2017,826.2313222,0,0,0,23.79,111.612
9/14/2017,660.7142867,0,0,0,24.36,154.281
9/15/2017,575.6194526,0,0,0,24.34,77.824
9/16/2017,681.2727062,0,0,0,23.75,57.467
9/17/2017,617.9240465,0,0,0,23.55,53.853
9/18/2017,716.6272614,0,0,0,23.38,150.029
9/19/2017,584.4973757,0,0,0,22.12,65.869
9/20/2017,845.1375783,0,0,0,24.33,39.344
9/21/2017,617.9814783,0,0,0,23.73,40.191
9/22/2017,557.5833744,0,0,0,25.26,61.847
9/23/2017,675.5331233,0,0,0,27.15,150.448
9/24/2017,592.7791457,0,0,0,26.3,141.89
9/25/2017,703.8649016,0,0,0,25.1,42.91
9/26/2017,540.5667641,0,0,0,23.56,113.26
9/27/2017,691.3656512,0,0,0,25.35,193.715
9/28/2017,651.2432694,0,0,0,24.3,49.803
9/29/2017,564.3753926,0,0,0,19.77,158.654
9/30/2017,685.0007948,0,0,0,17.99,117.148
10/1/2017,663.6115402,0,0,0,18.73,146.621
10/2/2017,734.5689342,0,0,0,20.67,168.864
10/3/2017,675.5249612,0,0,0,18.98,79.824
10/4/2017,746.1417299,0,0,0,21.15,34.739
10/5/2017,637.9526186,0,0,0,23.94,94.754
10/6/2017,583.809587,0,0,0,23.94,48.959
10/7/2017,741.2405941,0,0,0,22.71,117.379
10/8/2017,606.2889151,0,0,0,23.23,166.087
10/9/2017,733.0446362,0,0,0,22.77,193.569
10/10/2017,607.2418208,0,0,0,24.85,200.986
10/11/2017,873.3013077,0,0,0,22.15,174.679
10/12/2017,669.773404,0,0,0,18.1,125.933
10/13/2017,630.5126672,0,0,0,18.63,75.315
10/14/2017,740.0051967,0,0,0,21.47,44.721
10/15/2017,595.8137256,0,0,0,22,124.687
10/16/2017,850.0927411,0,0,0,19.23,36.324
10/17/2017,575.4523947,0,0,0,14.4,124.752
10/18/2017,708.8298951,0,0,0,20.55,35.227
10/19/2017,657.3321101,0,0,0,19.82,36.813
10/20/2017,596.1901584,0,0,0,21.26,114.11
10/21/2017,739.3305771,0,0,0,21.76,78.619
10/22/2017,659.7610754,0,0,0,20.37,40.54
10/23/2017,822.3642348,0,0,0,20.6,223.52
10/24/2017,605.8372429,0,0,0,21.23,70.991
10/25/2017,758.9246852,0,0,0,18.2,87.901
10/26/2017,622.7391692,0,0,0,16.44,140.952
10/27/2017,611.5276119,0,0,0,16.13,161.998
10/28/2017,647.2970424,0,0,0,18.8,184.203
10/29/2017,701.0393668,0,0,0,19.32,106.898
10/30/2017,747.9807239,0,0,0,16.89,191.948
10/31/2017,615.8278123,0,0,0,13.93,105.752
11/1/2017,730.8715204,0,0,0,15.24,44.779
11/2/2017,735.9555445,0,0,0,19.5,176.776
11/3/2017,665.4363534,0,0,0,19.73,148.423
11/4/2017,787.575388,0,0,0,13.33,173.976
11/5/2017,676.6211524,0,0,0,16.45,92.62
11/6/2017,722.6767114,0,0,0,18.4,171.607
11/7/2017,707.8517269,0,0,0,10.19,92.965
11/8/2017,818.4225238,0,0,0,9.9,78.503
11/9/2017,734.0491231,0,0,0,12.26,159.886
11/10/2017,600.4108444,0,0,0,12.15,81.427
11/11/2017,723.1655626,0,0,0,3.87,132.039
11/12/2017,709.4066201,0,0,0,8.07,201.188
11/13/2017,755.7276633,0,0,0,8.93,196.82
11/14/2017,610.1859706,0,0,0,8.21,178.356
11/15/2017,798.8605025,0,0,0,10.73,97.124
11/16/2017,760.1757095,0,0,0,13.56,109.689
11/17/2017,671.4113313,0,0,0,9.08,86.782
11/18/2017,700.8646305,0,0,0,14.17,134.277
11/19/2017,673.3635856,0,0,0,15.01,57.076
11/20/2017,843.2592855,0,0,0,8.41,46.113
11/21/2017,731.1900353,0,0,0,13.22,210.896
11/22/2017,812.5213114,0,0,0,12.68,83.947
11/23/2017,727.532268,0,1,0,5.56,65.023
11/24/2017,691.4712414,0,0,0,9.62,80.611
11/25/2017,762.5336964,0,0,0,12.3,180.969
11/26/2017,650.5653252,0,0,0,8.6,95.14
11/27/2017,914.386365,0,0,0,10.36,82.233
11/28/2017,712.3742078,0,0,0,11.23,163.022
11/29/2017,857.4241416,0,0,0,14.4,35.459
11/30/2017,779.1104564,0,0,0,11.06,175.915
12/1/2017,706.3092821,0,0,0,10.37,103.071
12/2/2017,891.7300701,0,0,0,8.28,78.023
12/3/2017,725.7945464,0,0,0,10.09,233.846
12/4/2017,796.0855954,0,0,0,10.3,95.57
12/5/2017,790.5107684,0,0,0,13.87,111.433
12/6/2017,874.5596907,0,0,0,14.06,75.756
12/7/2017,766.0212956,0,0,0,7.37,87.619
12/8/2017,691.8178264,0,0,0,5.05,216.788
12/9/2017,877.4301646,0,0,0,2.67,51.648
12/10/2017,747.4437234,0,0,0,4.37,227.98
12/11/2017,925.9014925,0,0,0,5.08,245.636
12/12/2017,692.4802091,0,0,0,9.47,56.143
12/13/2017,828.0959437,0,0,0,0.52,43.204
12/14/2017,877.1154196,0,0,0,3.05,118
12/15/2017,686.1904172,0,0,0,-0.9,109.001
12/16/2017,879.2398115,0,0,0,4.55,188.092
12/17/2017,791.0029127,0,0,0,3.29,143.074
12/18/2017,1023.363735,0,0,0,7.63,114.231
12/19/2017,808.4309966,0,0,0,10.69,209.866
12/20/2017,1059.437567,0,0,0,7.36,240.648
12/21/2017,823.1457118,0,0,0,3.72,33.867
12/22/2017,694.1217885,0,0,0,9.02,92.297
12/23/2017,783.3016285,0,0,0,11.44,203.641
12/24/2017,753.0541849,0,0,0,5.14,72.065
12/25/2017,867.5219949,0,0,1,6.51,107.185
12/26/2017,751.7827593,0,0,0,-0.35,176.097
12/27/2017,938.5325748,0,0,0,-2.02,202.905
12/28/2017,809.5905267,0,0,0,-5.64,234.681
12/29/2017,717.9753706,0,0,0,-3.81,69.166
12/30/2017,855.0849401,0,0,0,-2.86,153.54
12/31/2017,811.8165562,0,0,0,-4.52,233.18
1/1/2018,936.3776156,0,0,0,-6.06,261.74
1/2/2018,830.6823032,0,0,0,-2.89,156.526
1/3/2018,1097.586564,0,0,0,-0.1,260.366
1/4/2018,946.7458453,0,0,0,0.26,223.511
1/5/2018,868.2429865,0,0,0,-6.34,65.198
1/6/2018,924.3278958,0,0,0,-8.85,184.116
1/7/2018,831.0848302,0,0,0,-6.25,248.145
1/8/2018,966.4885944,0,0,0,0.62,234.896
1/9/2018,788.5791134,0,0,0,4,147.573
1/10/2018,898.4322968,0,0,0,4.2,130.961
1/11/2018,965.6206633,0,0,0,5.9,223.649
1/12/2018,812.0703045,0,0,0,9.07,44.659
1/13/2018,967.5869439,0,0,0,10.01,133.183
1/14/2018,834.1576236,0,0,0,-2.94,50.208
1/15/2018,1145.748323,0,0,0,-0.85,70.467
1/16/2018,942.4417988,0,0,0,4.06,50.111
1/17/2018,1040.11404,0,0,0,3.86,133.057
1/18/2018,877.5696558,0,0,0,0.59,87.968
1/19/2018,812.3987439,0,0,0,2.58,158.65
1/20/2018,892.6025509,0,0,0,7.36,71.265
1/21/2018,908.6173908,0,0,0,7.19,143.4
1/22/2018,931.6431673,0,0,0,6.18,187.449
1/23/2018,877.8017334,0,0,0,11.69,178.4
1/24/2018,972.1475486,0,0,0,4.09,129.707
1/25/2018,998.2456267,0,0,0,0.96,157.097
1/26/2018,849.41642,0,0,0,1.8,65.486
1/27/2018,910.6456348,0,0,0,7.78,46.905
1/28/2018,893.3797412,0,0,0,7.87,262.825
1/29/2018,999.9765571,0,0,0,5.19,133.996
1/30/2018,817.7103064,0,0,0,2.2,95.519
1/31/2018,974.9009719,0,0,0,0.86,57.852
2/1/2018,914.3035008,0,0,0,4.18,86.685
2/2/2018,756.4033775,0,0,0,2.8,74.235
2/3/2018,952.9349124,0,0,0,-0.69,218.208
2/4/2018,793.1530957,0,0,0,5.94,53.832
2/5/2018,971.423366,0,0,0,2.74,91.589
2/6/2018,797.4499728,0,0,0,2.99,130.813
2/7/2018,920.1815109,0,0,0,7.53,254.168
2/8/2018,865.6035279,0,0,0,0.83,245.612
2/9/2018,839.1460396,0,0,0,3.64,179.983
2/10/2018,947.5609384,0,0,0,6.19,90.443
2/11/2018,749.6929105,0,0,0,9.07,180.276
2/12/2018,927.5387917,0,0,0,9.03,172.331
2/13/2018,860.5566966,0,0,0,1.83,147.78
2/14/2018,979.8831881,0,0,0,6.91,238.093
2/15/2018,920.5149029,0,0,0,8.59,182.236
2/16/2018,784.2597339,0,0,0,11.15,194.66
2/17/2018,1011.223742,0,0,0,2.94,75.616
2/18/2018,884.0931305,0,0,0,5.08,36.012
2/19/2018,1081.444763,0,0,0,7.07,135.265
2/20/2018,911.2018676,0,0,0,12.58,47.484
2/21/2018,1012.373566,0,0,0,14.34,181.572
2/22/2018,920.0076282,0,0,0,8.05,113.322
2/23/2018,835.1672695,0,0,0,4.95,123.343
2/24/2018,916.7470688,0,0,0,9.87,126.289
2/25/2018,802.0345956,0,0,0,6.23,163.147
2/26/2018,1037.426378,0,0,0,7.91,112.71
2/27/2018,913.712593,0,0,0,8.79,94.249
2/28/2018,869.1851863,0,0,0,9.54,181.873
3/1/2018,878.0304021,0,0,0,9.54,218.356
3/2/2018,801.0282104,0,0,0,5.19,93.114
3/3/2018,899.1937419,0,0,0,5.9,132.314
3/4/2018,837.0443012,0,0,0,5.93,256.536
3/5/2018,894.6461314,0,0,0,4.71,46.251
3/6/2018,747.2925744,0,0,0,5.29,238.317
3/7/2018,938.0713623,0,0,0,2.99,109.154
3/8/2018,960.3516758,0,0,0,3.61,159.61
3/9/2018,779.7923886,0,0,0,4.18,196.166
3/10/2018,962.9487459,0,0,0,3.65,234.638
3/11/2018,841.2908194,0,0,0,5.15,123.965
3/12/2018,887.8713398,0,0,0,4.83,31.833
3/13/2018,912.9357399,0,0,0,4.16,159.765
3/14/2018,1148.416789,0,0,0,3.44,176.971
3/15/2018,864.4263205,0,0,0,6.05,80.051
3/16/2018,727.0886538,0,0,0,3,109.93
3/17/2018,953.0108123,0,0,0,6.57,198.363
3/18/2018,805.693879,0,0,0,4.52,172.027
3/19/2018,1043.587066,0,0,0,5.79,63.783
3/20/2018,820.6716539,0,0,0,2.4,108.809
3/21/2018,902.7276183,0,0,0,2.3,62.244
3/22/2018,867.2899463,0,0,0,7.02,153.571
3/23/2018,788.880176,0,0,0,6.78,120.845
3/24/2018,918.9744355,0,0,0,7.12,42.437
3/25/2018,877.2301791,0,0,0,5.15,108.848
3/26/2018,876.9141506,0,0,0,5.77,72.327
3/27/2018,833.9893313,0,0,0,4.01,232.085
3/28/2018,853.8722556,0,0,0,8.01,54.582
3/29/2018,934.7271352,0,0,0,8.45,174.975
3/30/2018,718.6144341,0,0,0,10.99,153.41
3/31/2018,896.4283509,0,0,0,8.44,95.949
4/1/2018,845.683161,1,0,0,11.01,242.751
4/2/2018,921.3893275,0,0,0,4.98,35.823
4/3/2018,767.5236858,0,0,0,5.87,46.099
4/4/2018,1063.698782,0,0,0,12.29,61.043
4/5/2018,870.8543129,0,0,0,5.54,33.322
4/6/2018,777.0083382,0,0,0,9.67,64.512
4/7/2018,857.7281907,0,0,0,7.12,225.84
4/8/2018,795.4382058,0,0,0,5.12,210.294
4/9/2018,965.3371041,0,0,0,5.76,132.801
4/10/2018,874.9210959,0,0,0,7.69,99.641
4/11/2018,963.6337852,0,0,0,7.82,101.964
4/12/2018,950.1410963,0,0,0,10.37,133.246
4/13/2018,710.5976815,0,0,0,15.67,225.718
4/14/2018,894.1294795,0,0,0,16.09,111.526
4/15/2018,827.2578266,0,0,0,5.64,186.29
4/16/2018,898.5160505,0,0,0,12.41,179.697
4/17/2018,765.5057777,0,0,0,7.48,226.385
4/18/2018,1018.654227,0,0,0,9.23,163.756
4/19/2018,832.8490581,0,0,0,8.56,137.666
4/20/2018,749.6420482,0,0,0,8.88,150.029
4/21/2018,988.9635234,0,0,0,11.6,70.631
4/22/2018,833.441532,0,0,0,13.19,93.086
4/23/2018,941.1493534,0,0,0,11.37,149.537
4/24/2018,819.3734102,0,0,0,11.77,174.209
4/25/2018,1007.289995,0,0,0,12.13,232.52
4/26/2018,868.3939644,0,0,0,15.04,226.676
4/27/2018,786.6495012,0,0,0,11.48,205.326
4/28/2018,849.7889925,0,0,0,13.4,200.137
4/29/2018,764.4098159,0,0,0,12.08,216.804
4/30/2018,890.7294922,0,0,0,9.41,188.92
5/1/2018,710.9006088,0,0,0,18.74,98.055
5/2/2018,895.3380477,0,0,0,20.33,249.821
5/3/2018,885.6328588,0,0,0,21.26,91.612
5/4/2018,789.1697411,0,0,0,18.36,61.584
5/5/2018,810.106224,0,0,0,16.61,90.67
5/6/2018,777.5737284,0,0,0,13.06,249.622
5/7/2018,895.3594219,0,0,0,17.67,225.606
5/8/2018,782.5228796,0,0,0,15.46,160.118
5/9/2018,871.4400098,0,0,0,16.08,60.576
5/10/2018,794.8420926,0,0,0,14.65,227.198
5/11/2018,755.8289651,0,0,0,18.65,54.69
5/12/2018,833.0550943,0,0,0,14.74,109.103
5/13/2018,835.3288055,0,0,0,12.19,160.178
5/14/2018,914.9233727,0,0,0,16.68,185.41
5/15/2018,743.2528939,0,0,0,19.96,60.996
5/16/2018,1063.386012,0,0,0,14.93,125.723
5/17/2018,817.4601505,0,0,0,17.23,64.602
5/18/2018,771.3508875,0,0,0,15.01,146.49
5/19/2018,912.2256817,0,0,0,13.9,239.783
5/20/2018,805.2454986,0,0,0,21.46,64.15
5/21/2018,870.553023,0,0,0,19.37,164.801
5/22/2018,724.8244553,0,0,0,15.8,176.15
5/23/2018,1062.692844,0,0,0,21.48,90.431
5/24/2018,928.9301465,0,0,0,23.19,225.298
5/25/2018,740.4863788,0,0,0,21.71,190.014
5/26/2018,874.5441552,0,0,0,23.32,93.805
5/27/2018,757.5909693,0,0,0,19.6,186.054
5/28/2018,851.3414765,0,0,0,15.87,193.792
5/29/2018,714.4531743,0,0,0,22.23,117.714
5/30/2018,894.9820185,0,0,0,17.63,63.477
5/31/2018,870.864778,0,0,0,17.63,66.08
6/1/2018,643.0739366,0,0,0,21.04,90.073
6/2/2018,857.3824696,0,0,0,24.73,218.245
6/3/2018,737.5875586,0,0,0,16.21,76.374
6/4/2018,923.8603064,0,0,0,19.23,105.736
6/5/2018,769.7793334,0,0,0,19.6,162.165
6/6/2018,987.6296827,0,0,0,18.15,79.534
6/7/2018,765.3415355,0,0,0,17.2,53.217
6/8/2018,710.4813705,0,0,0,21.3,173.338
6/9/2018,884.1487172,0,0,0,22.24,140.641
6/10/2018,753.0753422,0,0,0,18.37,183.705
6/11/2018,935.3411683,0,0,0,18.4,148.762
6/12/2018,733.7834843,0,0,0,18.68,181.886
6/13/2018,1009.296438,0,0,0,20.83,146.762
6/14/2018,778.0247339,0,0,0,23.19,194.413
6/15/2018,671.2909664,0,0,0,20.73,208.702
6/16/2018,772.8815694,0,0,0,23.67,146.73
6/17/2018,703.8830604,0,0,0,24.51,39.679
6/18/2018,943.6819171,0,0,0,24.13,166.414
6/19/2018,814.92889,0,0,0,25.7,147.208
6/20/2018,903.9354595,0,0,0,23.3,154.195
6/21/2018,835.6914191,0,0,0,25.42,200.982
6/22/2018,762.1984332,0,0,0,20.85,129.574
6/23/2018,793.5513482,0,0,0,20.17,217.302
6/24/2018,808.4558184,0,0,0,23.71,116.123
6/25/2018,802.6257477,0,0,0,23.55,107.741
6/26/2018,796.3915177,0,0,0,21.17,47.3
6/27/2018,903.1109826,0,0,0,21.61,117.14
6/28/2018,820.1181805,0,0,0,24.87,140.626
6/29/2018,751.505023,0,0,0,27.62,180.946
6/30/2018,756.5946925,0,0,0,27.87,28.574
7/1/2018,641.3262512,0,0,0,29.97,186.142
7/2/2018,812.6221498,0,0,0,27.76,205.342
7/3/2018,661.729809,0,0,0,27.3,108.78
7/4/2018,821.7180216,0,0,0,26.84,46.821
7/5/2018,789.4745699,0,0,0,27.64,143.902
7/6/2018,673.838449,0,0,0,25.44,157.824
7/7/2018,782.2640969,0,0,0,21.83,143.715
7/8/2018,741.8357078,0,0,0,23.73,62.247
7/9/2018,938.0676226,0,0,0,25.54,125.659
7/10/2018,764.9242839,0,0,0,27.44,65.073
7/11/2018,795.0547314,0,0,0,27.08,51.844
7/12/2018,678.3024105,0,0,0,24.57,211.248
7/13/2018,624.415167,0,0,0,24.47,191.016
7/14/2018,760.7955557,0,0,0,26.87,69.236
7/15/2018,780.2827023,0,0,0,25.61,147.468
7/16/2018,805.5162,0,0,0,27.37,91.034
7/17/2018,668.2990012,0,0,0,26.29,104.014
7/18/2018,899.3155679,0,0,0,26.78,76.76
7/19/2018,687.3239278,0,0,0,25.01,140.69
7/20/2018,691.539337,0,0,0,24.7,71.772
7/21/2018,734.384417,0,0,0,22.67,59.664
7/22/2018,759.8421943,0,0,0,24.69,61.013
7/23/2018,720.6278177,0,0,0,24.65,174.103
7/24/2018,718.1455277,0,0,0,25.71,83.243
7/25/2018,870.6704849,0,0,0,24.73,87.631
7/26/2018,784.2360806,0,0,0,26.73,133.193
7/27/2018,711.3771455,0,0,0,26.3,206.05
7/28/2018,735.2640922,0,0,0,26.87,90.38
7/29/2018,692.9493086,0,0,0,26.15,58.944
7/30/2018,873.7927639,0,0,0,25.03,194.754
7/31/2018,732.9407966,0,0,0,24.92,190.618
8/1/2018,714.8019598,0,0,0,26.98,29.643
8/2/2018,727.7111001,0,0,0,27.21,29.843
8/3/2018,603.8431041,0,0,0,26.91,93.304
8/4/2018,783.2032126,0,0,0,27.37,72.611
8/5/2018,663.9034101,0,0,0,28.8,74.706
8/6/2018,733.1738524,0,0,0,29.21,60.811
8/7/2018,652.5736137,0,0,0,27.95,126.105
8/8/2018,896.5356366,0,0,0,28.6,79.931
8/9/2018,722.7838977,0,0,0,28.69,104.944
8/10/2018,571.5962183,0,0,0,28.54,27.374
8/11/2018,715.0057216,0,0,0,26.24,48.596
8/12/2018,625.2932868,0,0,0,26.19,121.9
8/13/2018,740.0014442,0,0,0,24.63,46.57
8/14/2018,625.2833706,0,0,0,26.13,69.057
8/15/2018,825.0952232,0,0,0,27.96,33.883
8/16/2018,731.2772432,0,0,0,28.61,186.966
8/17/2018,628.4544305,0,0,0,26.62,71.116
8/18/2018,768.2089938,0,0,0,27.38,119.002
8/19/2018,601.1500647,0,0,0,23.04,95.163
8/20/2018,731.558672,0,0,0,23.1,129.087
8/21/2018,652.3324775,0,0,0,23.62,43.646
8/22/2018,801.3164872,0,0,0,26.17,116.561
8/23/2018,767.6492667,0,0,0,24.11,160.209
8/24/2018,693.3109814,0,0,0,25.14,58.45
8/25/2018,767.1832249,0,0,0,24.26,84.6
8/26/2018,669.7267387,0,0,0,25.57,59.662
8/27/2018,841.9467142,0,0,0,27.92,94.095
8/28/2018,704.9592722,0,0,0,28.67,44.491
8/29/2018,877.6407311,0,0,0,29.48,98.413
8/30/2018,707.2050173,0,0,0,29.33,151.543
8/31/2018,632.630368,0,0,0,24.23,156.87
9/1/2018,729.3094005,0,0,0,22.7,218.648
9/2/2018,696.7874459,0,0,0,25.28,120.191
9/3/2018,912.9120124,0,0,0,27.9,134.572
9/4/2018,729.717526,0,0,0,30.19,217.042
9/5/2018,878.9014972,0,0,0,27.59,112.296
9/6/2018,811.8853397,0,0,0,29.59,34.098
9/7/2018,655.6700275,0,0,0,24.4,88.179
9/8/2018,803.1292623,0,0,0,22.62,86.629
9/9/2018,686.4666497,0,0,0,18.83,59.103
9/10/2018,860.8373206,0,0,0,21.25,142.644
9/11/2018,705.1200201,0,0,0,23.7,82.555
9/12/2018,886.1476239,0,0,0,24.29,35.01
9/13/2018,756.7099962,0,0,0,23.8,124.577
9/14/2018,683.1810238,0,0,0,23.01,91.913
9/15/2018,797.7573122,0,0,0,23.65,81.376
9/16/2018,722.8211439,0,0,0,24.36,153.319
9/17/2018,862.1115054,0,0,0,24.25,167.166
9/18/2018,714.7439611,0,0,0,25.15,70.996
9/19/2018,1009.991095,0,0,0,24.45,147.211
9/20/2018,775.4316329,0,0,0,21.16,101.771
9/21/2018,725.5410801,0,0,0,22.68,170.501
9/22/2018,809.2691696,0,0,0,22.19,124.877
9/23/2018,706.4318585,0,0,0,18.71,206.081
9/24/2018,834.4329434,0,0,0,19.58,196.055
9/25/2018,647.7326985,0,0,0,22.69,149.778
9/26/2018,794.3675065,0,0,0,24.51,147.743
9/27/2018,678.38066,0,0,0,21.09,190.708
9/28/2018,629.3545131,0,0,0,20.41,164.542
9/29/2018,733.6833376,0,0,0,22.01,152.074
9/30/2018,693.7105698,0,0,0,20.05,183.275
10/1/2018,786.6157767,0,0,0,22.8,227.162
10/2/2018,757.0270897,0,0,0,23.33,229.651
10/3/2018,923.7839091,0,0,0,22.87,99.055
10/4/2018,797.1094244,0,0,0,23.3,82.934
10/5/2018,691.3803658,0,0,0,20,161.004
10/6/2018,891.3412573,0,0,0,19.91,152.889
10/7/2018,701.9795017,0,0,0,24.51,103.778
10/8/2018,879.9814304,0,0,0,21.55,110.312
10/9/2018,700.2289619,0,0,0,23.15,229.968
10/10/2018,932.2061246,0,0,0,23.62,221.725
10/11/2018,733.0156334,0,0,0,23.35,190.582
10/12/2018,661.2442788,0,0,0,21.61,33.627
10/13/2018,769.6192502,0,0,0,14.44,91.113
10/14/2018,779.4509487,0,0,0,15.36,180.933
10/15/2018,900.1060681,0,0,0,20.58,140.266
10/16/2018,799.5325143,0,0,0,17.05,186.523
10/17/2018,832.0539154,0,0,0,16.83,38.496
10/18/2018,827.5193102,0,0,0,11.58,91.714
10/19/2018,734.5161122,0,0,0,15.44,135.919
10/20/2018,872.0617801,0,0,0,16.95,116.108
10/21/2018,757.5589696,0,0,0,11.62,224.589
10/22/2018,960.402841,0,0,0,11.89,89.163
10/23/2018,769.6120006,0,0,0,17.03,210.065
10/24/2018,912.2126447,0,0,0,12.96,84.292
10/25/2018,815.4045347,0,0,0,11.59,177.373
10/26/2018,801.9402824,0,0,0,10.45,90.877
10/27/2018,856.3355519,0,0,0,13.88,152.83
10/28/2018,735.6321577,0,0,0,12.89,223.511
10/29/2018,966.8984456,0,0,0,13.94,163.564
10/30/2018,836.9609482,0,0,0,12.91,59.721
10/31/2018,798.2232935,0,0,0,16.29,83.179
11/1/2018,831.3746863,0,0,0,18.21,156.963
11/2/2018,788.9114501,0,0,0,18.08,86.637
11/3/2018,934.8688247,0,0,0,17.52,209.437
11/4/2018,779.1927384,0,0,0,11.66,130.521
11/5/2018,847.8187917,0,0,0,13.12,163.112
11/6/2018,750.4001714,0,0,0,17.22,134.368
11/7/2018,949.7505869,0,0,0,15.84,182.923
11/8/2018,854.4139383,0,0,0,11.97,177.352
11/9/2018,745.5628895,0,0,0,13.19,225.028
11/10/2018,828.760609,0,0,0,11.36,83.835
11/11/2018,837.9058276,0,0,0,8.02,183.465
11/12/2018,977.6164926,0,0,0,10.05,189.08
11/13/2018,752.5062829,0,0,0,13.16,125.431
11/14/2018,1106.551347,0,0,0,6.27,92.3
11/15/2018,864.52188,0,0,0,6.27,158.263
11/16/2018,770.9059912,0,0,0,8.48,136.492
11/17/2018,877.2581524,0,0,0,8.62,139.262
11/18/2018,874.3628937,0,0,0,8.33,242.969
11/19/2018,889.649454,0,0,0,9.36,244.439
11/20/2018,874.860299,0,0,0,9.26,136.451
11/21/2018,985.4737011,0,0,0,7.68,187.178
11/22/2018,840.7852032,0,1,0,-0.59,113.307
11/23/2018,720.259821,0,0,0,1.43,155.382
11/24/2018,946.5718166,0,0,0,10.72,77.557
11/25/2018,790.897209,0,0,0,11.54,150.195
11/26/2018,983.3647767,0,0,0,11.47,218.698
11/27/2018,749.8182077,0,0,0,8.33,219.175
11/28/2018,969.9683626,0,0,0,5.4,245.026
11/29/2018,869.5627137,0,0,0,7.51,49.421
11/30/2018,789.3103727,0,0,0,6.19,80.411
12/1/2018,1015.8163,0,0,0,7.88,255.176
12/2/2018,910.572589,0,0,0,13.4,141.155
12/3/2018,1176.447969,0,0,0,11.09,74.079
12/4/2018,879.4085631,0,0,0,6.12,71.025
12/5/2018,1025.818901,0,0,0,2.96,277.025
12/6/2018,973.5819709,0,0,0,4.42,199.821
12/7/2018,888.2959981,0,0,0,4.21,173.067
12/8/2018,1084.299719,0,0,0,2.09,258.845
12/9/2018,863.7525776,0,0,0,2.34,144.343
12/10/2018,1111.372922,0,0,0,3.52,75.161
12/11/2018,924.3445269,0,0,0,3.94,102.752
12/12/2018,1071.348325,0,0,0,4.47,256.308
12/13/2018,944.8967036,0,0,0,6.3,224.9
12/14/2018,833.2659831,0,0,0,8.59,86.017
12/15/2018,1021.483179,0,0,0,8.42,163.688
12/16/2018,905.7497143,0,0,0,7.06,115.031
12/17/2018,1009.413963,0,0,0,7.73,53.074
12/18/2018,790.4810345,0,0,0,3.12,155.39
12/19/2018,1154.372227,0,0,0,4.57,64.614
12/20/2018,1005.998108,0,0,0,9.52,91.669
12/21/2018,875.5247366,0,0,0,12.26,262.993
12/22/2018,1078.750788,0,0,0,9.73,47.716
12/23/2018,884.4278034,0,0,0,5.48,143.055
12/24/2018,1181.642744,0,0,0,6.07,120.828
12/25/2018,929.1107243,0,0,1,4.37,289.856
12/26/2018,999.2605779,0,0,0,4.98,77.054
12/27/2018,1088.993411,0,0,0,5.58,133.808
12/28/2018,957.957714,0,0,0,10.73,148.384
12/29/2018,1024.366113,0,0,0,9.38,175.817
12/30/2018,955.3502511,0,0,0,3.99,201.723
12/31/2018,1038.550715,0,0,0,8.62,179.563
1/1/2019,989.8995074,0,0,0,12.29,85.645
1/2/2019,1263.202565,0,0,0,4.47,211.445
1/3/2019,1003.418407,0,0,0,5.94,192.156
1/4/2019,945.9225981,0,0,0,6.49,99.606
1/5/2019,1036.92824,0,0,0,7.05,181.345
1/6/2019,1011.990394,0,0,0,7.73,151.349
1/7/2019,1207.095962,0,0,0,2.19,82.268
1/8/2019,1020.44667,0,0,0,6.99,209.79
1/9/2019,1181.115564,0,0,0,7.15,71.345
1/10/2019,1056.699116,0,0,0,1.23,137.018
1/11/2019,934.9602481,0,0,0,-0.54,252.466
1/12/2019,1109.832854,0,0,0,0.57,296.832
1/13/2019,930.781678,0,0,0,-0.24,139.841
1/14/2019,1268.142431,0,0,0,0.32,75.632
1/15/2019,1006.561155,0,0,0,1.36,131.858
1/16/2019,1275.656414,0,0,0,3.37,291.661
1/17/2019,1071.635902,0,0,0,0.94,47.371
1/18/2019,912.0495167,0,0,0,4.01,146.154
1/19/2019,1046.756445,0,0,0,3.73,121.893
1/20/2019,906.0894024,0,0,0,8.31,186.8
1/21/2019,1197.860111,0,0,0,-8.1,111.785
1/22/2019,958.0767153,0,0,0,-0.45,246.503
1/23/2019,1238.066986,0,0,0,6.2,138.366
1/24/2019,1115.629954,0,0,0,11.19,129.672
1/25/2019,929.7458458,0,0,0,3.14,209.855
1/26/2019,1080.152208,0,0,0,0.71,286.921
1/27/2019,927.0710669,0,0,0,6.3,96.413
1/28/2019,1275.524436,0,0,0,1.92,211.203
1/29/2019,922.6197593,0,0,0,5.29,265.378
1/30/2019,1093.894158,0,0,0,1.01,193.402
1/31/2019,1070.229659,0,0,0,-7.13,77.095
2/1/2019,935.600408,0,0,0,-6.06,229.004
2/2/2019,1144.403757,0,0,0,0.19,179.147
2/3/2019,1017.502396,0,0,0,5.43,176.806
2/4/2019,1119.850119,0,0,0,7,273.991
2/5/2019,1014.123564,0,0,0,10.82,275.414
2/6/2019,1357.381605,0,0,0,5.3,239.903
2/7/2019,984.5046233,0,0,0,5.16,239.843
2/8/2019,905.4152723,0,0,0,9.14,170.988
2/9/2019,1043.15562,0,0,0,0.19,140.721
2/10/2019,988.43143,0,0,0,1.04,219.915
2/11/2019,1233.129975,0,0,0,2.29,299.306
2/12/2019,956.957593,0,0,0,4.82,248.559
2/13/2019,1185.858698,0,0,0,4.46,177.585
2/14/2019,1021.538436,0,0,0,4.61,232.103
2/15/2019,932.8243147,0,0,0,8.38,112.508
2/16/2019,1044.591672,0,0,0,5.46,157.427
2/17/2019,1011.036602,0,0,0,1.36,95.792
2/18/2019,1098.216009,0,0,0,5.06,299.86
2/19/2019,890.6880001,0,0,0,1.18,260.356
2/20/2019,1106.192309,0,0,0,3.02,91.786
2/21/2019,1003.366038,0,0,0,5.98,54.502
2/22/2019,914.8962258,0,0,0,4.35,82.937
2/23/2019,961.5131235,0,0,0,3.54,76.914
2/24/2019,905.045703,0,0,0,6.9,141.383
2/25/2019,1090.50734,0,0,0,3.98,219.956
2/26/2019,874.8059405,0,0,0,1.45,235.781
2/27/2019,1125.02896,0,0,0,0.12,199.081
2/28/2019,990.9721639,0,0,0,1.51,257.665
3/1/2019,896.0212265,0,0,0,2.12,179.855
3/2/2019,1088.352738,0,0,0,3.09,125.26
3/3/2019,906.1104682,0,0,0,3.76,111.186
3/4/2019,1166.8682,0,0,0,2.31,73.417
3/5/2019,841.4222177,0,0,0,-0.33,92.701
3/6/2019,1049.877729,0,0,0,-3.33,145.637
3/7/2019,1011.661901,0,0,0,-0.67,144.833
3/8/2019,901.2491113,0,0,0,2.35,36.988
3/9/2019,964.673297,0,0,0,5.12,249.808
3/10/2019,895.751692,0,0,0,6.38,121.791
3/11/2019,1136.90566,0,0,0,7.48,233.219
3/12/2019,944.1594125,0,0,0,4.34,277.83
3/13/2019,1151.392544,0,0,0,5.04,68.056
3/14/2019,958.4365075,0,0,0,7.66,260.659
3/15/2019,877.8606997,0,0,0,11.62,167.512
3/16/2019,1018.346221,0,0,0,8.01,254.963
3/17/2019,934.144178,0,0,0,5.41,123.55
3/18/2019,973.2874488,0,0,0,5.4,207.059
3/19/2019,887.666072,0,0,0,6.38,127.951
3/20/2019,1208.039075,0,0,0,7.09,195.415
3/21/2019,932.1958475,0,0,0,7.09,150.31
3/22/2019,805.285351,0,0,0,7.49,102.06
3/23/2019,1067.773394,0,0,0,7.01,95.969
3/24/2019,868.8364906,0,0,0,9.8,174.191
3/25/2019,973.3750193,0,0,0,8.09,104.925
3/26/2019,819.5151491,0,0,0,6.44,112.832
3/27/2019,1144.005528,0,0,0,4.67,117.438
3/28/2019,976.1844783,0,0,0,7.47,123.244
3/29/2019,952.1943886,0,0,0,11.14,121.233
3/30/2019,957.1894987,0,0,0,11.3,61.046
3/31/2019,902.988897,0,0,0,10.18,75.616
4/1/2019,1106.983035,0,0,0,6.14,227.274
4/2/2019,938.671826,0,0,0,7.18,242.649
4/3/2019,1078.552298,0,0,0,12.8,258.599
4/4/2019,1016.736942,0,0,0,10.71,158.93
4/5/2019,839.1512525,0,0,0,6.18,235.422
4/6/2019,973.9871878,0,0,0,13.84,163.529
4/7/2019,829.9220974,0,0,0,11.58,118.744
4/8/2019,1064.384539,0,0,0,16.68,178.661
4/9/2019,846.283167,0,0,0,10.49,44.652
4/10/2019,1157.956583,0,0,0,11.61,94.947
4/11/2019,969.9544732,0,0,0,8.23,104.039
4/12/2019,828.3470058,0,0,0,13.12,109.691
4/13/2019,949.5359277,0,0,0,15.59,187.652
4/14/2019,850.9248698,0,0,0,14.09,220.253
4/15/2019,1077.968379,0,0,0,14.28,160.225
4/16/2019,972.1908113,0,0,0,13.26,75.486
4/17/2019,920.4391469,0,0,0,11.44,246.505
4/18/2019,995.073535,0,0,0,13.48,67.814
4/19/2019,802.141845,0,0,0,15.46,142.058
4/20/2019,964.0445339,0,0,0,14.44,141.118
4/21/2019,835.1847342,1,0,0,13.82,264.501
4/22/2019,997.6329904,0,0,0,13.71,253.85
4/23/2019,816.4014502,0,0,0,17.8,151.853
4/24/2019,1043.187138,0,0,0,16.21,98.275
4/25/2019,939.2373404,0,0,0,12.35,97.52
4/26/2019,825.9567465,0,0,0,13.76,230.602
4/27/2019,981.7124131,0,0,0,12.63,161.432
4/28/2019,844.2768294,0,0,0,10.98,228.696
4/29/2019,995.0803962,0,0,0,11.66,117.413
4/30/2019,897.6032495,0,0,0,14.48,161.737
5/1/2019,906.8866735,0,0,0,11.58,161.824
5/2/2019,921.4386586,0,0,0,15.89,128.719
5/3/2019,813.5959915,0,0,0,11.82,230.741
5/4/2019,976.5309194,0,0,0,17.24,211.556
5/5/2019,917.7946139,0,0,0,11.41,147.049
5/6/2019,1030.389114,0,0,0,16.39,198.297
5/7/2019,929.1344493,0,0,0,14.87,96.903
5/8/2019,1066.905342,0,0,0,15.92,48.836
5/9/2019,912.1954984,0,0,0,12.38,62.095
5/10/2019,815.7782793,0,0,0,17.19,258.104
5/11/2019,1017.195899,0,0,0,17.92,204.242
5/12/2019,899.7104835,0,0,0,11.76,174.768
5/13/2019,985.788786,0,0,0,10.15,207.411
5/14/2019,832.1184688,0,0,0,11.05,47.414
5/15/2019,1109.058296,0,0,0,16.08,43.829
5/16/2019,902.5415031,0,0,0,17.98,163.487
5/17/2019,755.5908286,0,0,0,17.4,105.377
5/18/2019,1009.826956,0,0,0,18.65,246.909
5/19/2019,818.5657572,0,0,0,17.95,107.606
5/20/2019,1042.440789,0,0,0,21.48,116.79
5/21/2019,745.8773878,0,0,0,17.9,120.858
5/22/2019,1052.92368,0,0,0,19.82,48.916
5/23/2019,918.8444328,0,0,0,17.74,172.612
5/24/2019,758.502966,0,0,0,19.76,49.638
5/25/2019,966.2615782,0,0,0,16.76,140.69
5/26/2019,757.8032128,0,0,0,23.13,240.243
5/27/2019,1093.931319,0,0,0,22.92,132.676
5/28/2019,869.4148733,0,0,0,19.07,106.407
5/29/2019,925.1304075,0,0,0,21.08,136.859
5/30/2019,966.2120543,0,0,0,18.35,63.631
5/31/2019,758.1875576,0,0,0,23.34,105.486
6/1/2019,868.0360813,0,0,0,20.58,226.498
6/2/2019,869.7866695,0,0,0,21.49,85.177
6/3/2019,958.6955215,0,0,0,19.23,224.435
6/4/2019,732.2482986,0,0,0,18.94,106.497
6/5/2019,898.6019132,0,0,0,21.79,171.764
6/6/2019,823.8195374,0,0,0,24.76,83.407
6/7/2019,780.9520695,0,0,0,21.34,145.722
6/8/2019,921.7460963,0,0,0,20.39,220.638
6/9/2019,860.4556505,0,0,0,19.21,193.611
6/10/2019,1009.179329,0,0,0,19.11,135.735
6/11/2019,797.4801144,0,0,0,21.7,96.557
6/12/2019,1039.484856,0,0,0,19.29,211.838
6/13/2019,882.1749767,0,0,0,17.57,87.716
6/14/2019,846.8331488,0,0,0,20.04,76.594
6/15/2019,878.5173164,0,0,0,21.69,204.843
6/16/2019,857.1810062,0,0,0,21.94,58.303
6/17/2019,952.3001723,0,0,0,22.38,144.158
6/18/2019,828.4073896,0,0,0,21,140.781
6/19/2019,962.8364471,0,0,0,20.98,197.71
6/20/2019,860.9531349,0,0,0,22.87,87.36
6/21/2019,810.2156081,0,0,0,22.43,101.182
6/22/2019,948.1428188,0,0,0,22.99,214.388
6/23/2019,769.8831584,0,0,0,23.98,147.776
6/24/2019,933.5018065,0,0,0,23.65,148.918
6/25/2019,798.4891123,0,0,0,24.51,55.348
6/26/2019,933.5569539,0,0,0,26.29,182.827
6/27/2019,878.6939593,0,0,0,28.19,152.129
6/28/2019,760.4968343,0,0,0,26.96,109.192
6/29/2019,970.5277936,0,0,0,26.22,252.607
6/30/2019,792.0808769,0,0,0,25.55,58.46
7/1/2019,875.5817921,0,0,0,25.44,80.71
7/2/2019,856.4543271,0,0,0,26.18,231.144
7/3/2019,934.5318988,0,0,0,27.26,150.64
7/4/2019,850.8858791,0,0,0,25.71,78.793
7/5/2019,821.2906487,0,0,0,25.44,152.942
7/6/2019,919.0433635,0,0,0,26.83,99.519
7/7/2019,767.7926904,0,0,0,24.82,232.212
7/8/2019,980.5203016,0,0,0,23.23,246.005
7/9/2019,795.2769535,0,0,0,26.92,233.808
7/10/2019,1050.358165,0,0,0,27.05,80.973
7/11/2019,788.2078974,0,0,0,24.72,206.282
7/12/2019,703.4259854,0,0,0,27.43,151.835
7/13/2019,905.1864199,0,0,0,26.63,220.843
7/14/2019,830.7471638,0,0,0,28,208.737
7/15/2019,948.9181841,0,0,0,26.64,205.7
7/16/2019,698.8086546,0,0,0,27.32,53.055
7/17/2019,897.1301933,0,0,0,27.87,213.382
7/18/2019,770.782719,0,0,0,27.05,161.386
7/19/2019,690.0814728,0,0,0,28.07,88.552
7/20/2019,891.9807185,0,0,0,29.94,51.42
7/21/2019,825.2062508,0,0,0,30.46,125.604
7/22/2019,956.1562086,0,0,0,27.76,182.755
7/23/2019,760.4749509,0,0,0,23.77,138.88
7/24/2019,915.8268013,0,0,0,25.72,237.928
7/25/2019,769.5384681,0,0,0,26.62,58.697
7/26/2019,782.4508069,0,0,0,26.98,125.93
7/27/2019,962.1425638,0,0,0,26.03,198.51
7/28/2019,732.8401172,0,0,0,27.65,106.313
7/29/2019,890.4357983,0,0,0,27.94,206.816
7/30/2019,707.65995,0,0,0,28.37,53.836
7/31/2019,1015.562024,0,0,0,27.7,218.276
8/1/2019,786.0617488,0,0,0,27.8,202.979
8/2/2019,753.640082,0,0,0,26.87,157.737
8/3/2019,759.1038594,0,0,0,26.55,80.69
8/4/2019,686.1667216,0,0,0,28.23,174.939
8/5/2019,847.6786363,0,0,0,25.55,210.259
8/6/2019,672.2835614,0,0,0,25,158.505
8/7/2019,876.6529172,0,0,0,26.57,122.723
8/8/2019,728.8058717,0,0,0,26.81,75.545
8/9/2019,737.5154193,0,0,0,26.6,131.223
8/10/2019,808.9775492,0,0,0,25.95,198.508
8/11/2019,741.8741123,0,0,0,25.24,69.838
8/12/2019,805.245118,0,0,0,26.37,124.157
8/13/2019,704.0225608,0,0,0,24.7,183.47
8/14/2019,886.3114648,0,0,0,24.47,61.986
8/15/2019,769.198783,0,0,0,24.96,132.892
8/16/2019,695.7611966,0,0,0,25.19,59.492
8/17/2019,758.9467831,0,0,0,26.02,209.06
8/18/2019,715.8366713,0,0,0,27.44,95.016
8/19/2019,859.7731594,0,0,0,27.73,68.182
8/20/2019,769.5314885,0,0,0,27.55,79.049
8/21/2019,826.3966488,0,0,0,26.95,210.326
8/22/2019,760.5552798,0,0,0,28.6,176.219
8/23/2019,745.8543906,0,0,0,23.48,133.723
8/24/2019,789.647734,0,0,0,23.65,177.315
8/25/2019,735.4511528,0,0,0,22.41,76.145
8/26/2019,929.6517802,0,0,0,21.8,214.93
8/27/2019,691.9193027,0,0,0,21.58,145.565
8/28/2019,874.2369163,0,0,0,22.98,217.852
8/29/2019,808.9963834,0,0,0,25.53,47.837
8/30/2019,652.1789836,0,0,0,25.73,39.343
8/31/2019,840.7120126,0,0,0,25.76,184.979
9/1/2019,721.3094236,0,0,0,23.37,199.163
9/2/2019,996.2815701,0,0,0,24.77,254.233
9/3/2019,749.6138496,0,0,0,24.76,94.358
9/4/2019,866.7517021,0,0,0,26.01,173.585
9/5/2019,880.8386481,0,0,0,22.21,166.723
9/6/2019,706.3733926,0,0,0,20,130.172
9/7/2019,911.2576935,0,0,0,23.63,86.273
9/8/2019,752.155964,0,0,0,23.79,148.258
9/9/2019,855.2928733,0,0,0,23.44,200.32
9/10/2019,868.6175537,0,0,0,23.64,164.598
9/11/2019,1027.348116,0,0,0,26.33,112.147
9/12/2019,902.1092551,0,0,0,26.17,170.416
9/13/2019,765.4633106,0,0,0,20.53,53.322
9/14/2019,891.6691217,0,0,0,23.51,109.342
9/15/2019,796.9927571,0,0,0,25.28,118.298
9/16/2019,862.5266958,0,0,0,24.61,93.642
9/17/2019,773.9970341,0,0,0,23.64,168.375
9/18/2019,932.553284,0,0,0,20.32,189.617
9/19/2019,885.191627,0,0,0,18.83,236.065
9/20/2019,711.2643279,0,0,0,23.81,58.545
9/21/2019,910.8716328,0,0,0,25.11,225.555
9/22/2019,789.0248694,0,0,0,24.94,101.115
9/23/2019,1011.94474,0,0,0,25.94,78.142
9/24/2019,794.0809268,0,0,0,24.08,47.446
9/25/2019,1098.427593,0,0,0,23.63,46.91
9/26/2019,900.9251775,0,0,0,24.33,95.817
9/27/2019,726.945967,0,0,0,22.43,92.367
9/28/2019,921.7334443,0,0,0,24.45,76.028
9/29/2019,750.9097517,0,0,0,24.53,65.42
9/30/2019,916.7951686,0,0,0,20.48,114.066
10/1/2019,832.5850515,0,0,0,24.67,124.969
10/2/2019,991.7685413,0,0,0,28.87,76.5
10/3/2019,892.6865712,0,0,0,18.58,132.086
10/4/2019,807.6098455,0,0,0,18.98,232.157
10/5/2019,811.023272,0,0,0,15.05,163.666
10/6/2019,893.9634679,0,0,0,21.04,218.759
10/7/2019,944.4531194,0,0,0,22.91,238.145
10/8/2019,740.1930553,0,0,0,17.52,109.406
10/9/2019,1035.891483,0,0,0,15.42,177.736
10/10/2019,854.7014011,0,0,0,20.57,162.745
10/11/2019,777.86157,0,0,0,18.26,197.128
10/12/2019,859.4884081,0,0,0,18.91,54.638
10/13/2019,899.1378883,0,0,0,17.76,275.144
10/14/2019,945.6107632,0,0,0,20.72,212.443
10/15/2019,854.413704,0,0,0,17.06,119.955
10/16/2019,898.9259026,0,0,0,18.57,60.184
10/17/2019,808.1869974,0,0,0,16.14,75.702
10/18/2019,782.1018616,0,0,0,16.13,49.174
10/19/2019,931.6686048,0,0,0,14.98,160.446
10/20/2019,780.8685037,0,0,0,16.12,257.7
10/21/2019,947.6399554,0,0,0,17.78,239.641
10/22/2019,872.0987434,0,0,0,17.12,144.336
10/23/2019,1100.789302,0,0,0,18.14,239.453
10/24/2019,910.1599154,0,0,0,17.44,205.75
10/25/2019,722.0792038,0,0,0,16.52,139.584
10/26/2019,856.2257339,0,0,0,16.24,82.565
10/27/2019,743.5934449,0,0,0,20.31,86.353
10/28/2019,850.1872476,0,0,0,16.65,148.16
10/29/2019,834.871908,0,0,0,16.23,83.532
10/30/2019,1009.042468,0,0,0,17.53,40.486
10/31/2019,926.373644,0,0,0,19.75,120.605
11/1/2019,855.8855691,0,0,0,19.44,96.749
11/2/2019,908.9284639,0,0,0,11.47,125.332
11/3/2019,877.9594993,0,0,0,11.98,277.855
11/4/2019,1034.733671,0,0,0,12.92,122.392
11/5/2019,814.9723931,0,0,0,15.69,197.739
11/6/2019,1208.041541,0,0,0,12.32,233.273
11/7/2019,900.9203994,0,0,0,14.1,204.468
11/8/2019,869.1323271,0,0,0,6.19,119.212
11/9/2019,1088.006332,0,0,0,5.91,191.742
11/10/2019,905.2986183,0,0,0,12.01,160.613
11/11/2019,975.8672496,0,0,0,14.72,67.5
11/12/2019,845.7037874,0,0,0,12.86,204.087
11/13/2019,1117.140751,0,0,0,2.72,103.074
11/14/2019,934.7754867,0,0,0,8.22,135.646
11/15/2019,883.9673934,0,0,0,10.57,78.5
11/16/2019,958.1453125,0,0,0,5.3,83.262
11/17/2019,985.0273707,0,0,0,7.46,101.642
11/18/2019,1144.542954,0,0,0,7.15,89.778
11/19/2019,834.5925471,0,0,0,10.23,216.061
11/20/2019,1017.257494,0,0,0,7.39,56.848
11/21/2019,949.9493738,0,0,0,10.34,196.689
11/22/2019,824.9112331,0,0,0,11.26,86.034
11/23/2019,941.4322237,0,0,0,7.46,145.818
11/24/2019,861.6396168,0,0,0,11.75,260.612
11/25/2019,995.0401888,0,0,0,10.33,79.253
11/26/2019,958.8912922,0,0,0,13.25,92.663
11/27/2019,1183.203147,0,0,0,12.43,130.473
11/28/2019,917.8308015,0,1,0,10.07,130.588
11/29/2019,847.8369316,0,0,0,6.23,40.636
11/30/2019,899.509254,0,0,0,6.02,115.708
12/1/2019,1019.870655,0,0,0,7.08,275.048
12/2/2019,1104.851205,0,0,0,4.81,238.255
12/3/2019,1001.049575,0,0,0,3.19,267.65
12/4/2019,1384.908525,0,0,0,5.08,180.751
12/5/2019,1062.294618,0,0,0,5.47,71.856
12/6/2019,972.5849205,0,0,0,8.5,134.127
12/7/2019,1174.619137,0,0,0,3.73,291.025
12/8/2019,1026.766056,0,0,0,6.62,183.188
12/9/2019,1140.922562,0,0,0,11.78,284.499
12/10/2019,929.1456537,0,0,0,12.52,233.998
12/11/2019,1330.32038,0,0,0,5.13,63.416
12/12/2019,1041.78865,0,0,0,2.84,255.72
12/13/2019,935.5240246,0,0,0,10.4,150.04
12/14/2019,1111.969721,0,0,0,12.17,123.561
12/15/2019,980.7992317,0,0,0,8.26,136.453
12/16/2019,1111.58736,0,0,0,3.11,77.413
12/17/2019,948.4791273,0,0,0,5.66,103.629
12/18/2019,1281.067184,0,0,0,3.12,83.035
12/19/2019,1106.493019,0,0,0,-2.24,209.714
12/20/2019,890.3885436,0,0,0,0.56,123.566
12/21/2019,1252.049303,0,0,0,2.15,219.818
12/22/2019,1053.219959,0,0,0,5.95,38.949
12/23/2019,1267.438131,0,0,0,8.22,247.977
12/24/2019,986.4680983,0,0,0,6.55,101.77
12/25/2019,1107.147614,0,0,1,6.81,67.081
12/26/2019,1100.38837,0,0,0,6.98,266.154
12/27/2019,934.6073442,0,0,0,9.74,118.183
12/28/2019,1018.548607,0,0,0,8.47,223.553
12/29/2019,923.8100545,0,0,0,7.22,151.054
12/30/2019,1219.928602,0,0,0,7.76,95.429
12/31/2019,945.2570523,0,0,0,7.37,125.402
1/1/2020,1046.923245,0,0,0,4.07,223.193
1/2/2020,906.3443703,0,0,0,7.88,218.156
1/3/2020,820.0741412,0,0,0,8.13,51.65
1/4/2020,949.7886362,0,0,0,9.68,99.542
1/5/2020,896.023191,0,0,0,5.14,241.419
1/6/2020,1075.222333,0,0,0,7.01,42.385
1/7/2020,828.8607455,0,0,0,5.75,183.834
1/8/2020,982.5407228,0,0,0,4.68,95.307
1/9/2020,892.3975383,0,0,0,2.59,40.783
1/10/2020,766.2172295,0,0,0,8.94,85.979
1/11/2020,926.6451372,0,0,0,12.09,157.47
1/12/2020,901.0769311,0,0,0,14.58,109.042
1/13/2020,969.687307,0,0,0,8.22,81.645
1/14/2020,749.8148441,0,0,0,7.58,55.558
1/15/2020,1127.939049,0,0,0,8.7,85.83
1/16/2020,909.9370062,0,0,0,8.62,38.006
1/17/2020,750.1836671,0,0,0,0.55,233.965
1/18/2020,1033.643616,0,0,0,3.63,93.322
1/19/2020,899.5459339,0,0,0,5.54,162.516
1/20/2020,1017.30824,0,0,0,-0.49,187.886
1/21/2020,854.8760754,0,0,0,0.65,143.788
1/22/2020,928.4919755,0,0,0,2.46,248.738
1/23/2020,884.4832678,0,0,0,5.5,111.886
1/24/2020,817.95337,0,0,0,7.55,177.509
1/25/2020,923.715198,0,0,0,9.09,202.451
1/26/2020,808.1249555,0,0,0,6.82,74.172
1/27/2020,1091.464172,0,0,0,6.15,168.718
1/28/2020,862.5279571,0,0,0,5.12,274.272
1/29/2020,964.0715828,0,0,0,3.43,225.451
1/30/2020,897.8596968,0,0,0,2.87,212.281
1/31/2020,861.1377938,0,0,0,5.69,214.133
2/1/2020,965.2753547,0,0,0,4.89,192.317
2/2/2020,823.7724068,0,0,0,5.3,230.401
2/3/2020,954.2652619,0,0,0,9.32,237.309
2/4/2020,826.8891558,0,0,0,9.79,48.475
2/5/2020,1101.003535,0,0,0,7.52,153.272
2/6/2020,801.3937615,0,0,0,5.85,240.666
2/7/2020,771.7875768,0,0,0,11.8,189.587
2/8/2020,935.7866735,0,0,0,4.19,56.162
2/9/2020,798.5853375,0,0,0,6.68,219.392
2/10/2020,914.5393619,0,0,0,6.86,204.483
2/11/2020,832.3280301,0,0,0,6.98,229.101
2/12/2020,1024.709251,0,0,0,5.64,166.888
2/13/2020,887.808799,0,0,0,7.68,35.92
2/14/2020,759.2213021,0,0,0,3.61,205.094
2/15/2020,971.7341438,0,0,0,0.18,111.534
2/16/2020,877.5151465,0,0,0,5.71,49.735
2/17/2020,938.1881647,0,0,0,7.3,221.482
2/18/2020,865.562873,0,0,0,8.1,120.763
2/19/2020,1041.211031,0,0,0,6.79,115.179
2/20/2020,854.2767209,0,0,0,1.6,107.747
2/21/2020,754.7634042,0,0,0,0.54,65.889
2/22/2020,889.9125746,0,0,0,6.76,203.817
2/23/2020,852.8090271,0,0,0,8.16,259.769
2/24/2020,919.121553,0,0,0,8.76,154.03
2/25/2020,815.9549292,0,0,0,7.89,49.515
2/26/2020,1073.138589,0,0,0,7.51,92.694
2/27/2020,838.391095,0,0,0,8.64,173.418
2/28/2020,773.3007246,0,0,0,3.98,193.327
2/29/2020,999.4147682,0,0,0,1.35,227.063
3/1/2020,713.1743607,0,0,0,4.87,74.269
3/2/2020,849.344677,0,0,0,9.33,176.168
3/3/2020,794.9933159,0,0,0,10.05,201.113
3/4/2020,999.0890341,0,0,0,9.72,55.66
3/5/2020,780.0741123,0,0,0,8.12,48.684
3/6/2020,711.76136,0,0,0,7.23,152.852
3/7/2020,982.6650399,0,0,0,6.4,78.325
3/8/2020,784.8018204,0,0,0,10.18,253.352
3/9/2020,918.9625757,0,0,0,13.22,179.055
3/10/2020,758.5470095,0,0,0,12.57,113.67
3/11/2020,1001.178103,0,0,0,9.9,122.767
3/12/2020,808.4062494,0,0,0,8.07,171.109
3/13/2020,686.8977726,0,0,0,14.98,90.003
3/14/2020,873.3456502,0,0,0,10.11,84.046
3/15/2020,834.9069747,0,0,0,9.15,56.321
3/16/2020,930.94209,0,0,0,5.83,190.6
3/17/2020,825.1405193,0,0,0,9.98,207.627
3/18/2020,874.569685,0,0,0,8.72,104.389
3/19/2020,903.2480594,0,0,0,9.29,189.233
3/20/2020,717.7374735,0,0,0,14.51,181.278
3/21/2020,839.3590997,0,0,0,11.15,76.097
3/22/2020,763.7073391,0,0,0,5.04,168.668
3/23/2020,829.7495113,0,0,0,5.11,169.051
3/24/2020,737.291404,0,0,0,9.68,131.213
3/25/2020,998.2967377,0,0,0,7.41,239.894
3/26/2020,840.5505818,0,0,0,9.87,69.881
3/27/2020,756.2946825,0,0,0,14.43,163.634
3/28/2020,913.1926125,0,0,0,9.19,178.226
3/29/2020,759.3589505,0,0,0,9.19,101.109
3/30/2020,835.8985603,0,0,0,7.31,110.944
3/31/2020,831.9049002,0,0,0,6.97,102.061
4/1/2020,891.6526499,0,0,0,9.9,216.466
4/2/2020,784.7435389,0,0,0,11.37,43.713
4/3/2020,734.5911224,0,0,0,9.19,100.286
4/4/2020,930.4535122,0,0,0,11.62,158.721
4/5/2020,780.2383946,0,0,0,11.74,183.045
4/6/2020,907.7619895,0,0,0,14.06,180.769
4/7/2020,824.6173723,0,0,0,12.29,180.629
4/8/2020,804.2002404,0,0,0,14.08,111.092
4/9/2020,855.981925,0,0,0,13.74,29.418
4/10/2020,722.4645007,0,0,0,8.27,24.716
4/11/2020,885.0499091,0,0,0,10.42,101.624
4/12/2020,778.4684253,1,0,0,11.74,101.297
4/13/2020,889.837706,0,0,0,16.55,226.212
4/14/2020,725.5796624,0,0,0,11.32,217.85
4/15/2020,901.5839132,0,0,0,9.78,37.772
4/16/2020,802.638959,0,0,0,8.1,35.948
4/17/2020,764.4508358,0,0,0,8.66,169.486
4/18/2020,820.7026273,0,0,0,8.45,212.266
4/19/2020,816.2477555,0,0,0,11.71,43.736
4/20/2020,915.6771036,0,0,0,9.86,56.872
4/21/2020,782.1640166,0,0,0,11.69,185.179
4/22/2020,1050.227943,0,0,0,9.07,37.461
4/23/2020,767.8449168,0,0,0,7.9,126.313
4/24/2020,689.60502,0,0,0,9.66,193.518
4/25/2020,789.9873,0,0,0,12.3,65.161
4/26/2020,733.2940663,0,0,0,8.94,172.168
4/27/2020,841.7117902,0,0,0,9.58,208.549
4/28/2020,713.8252154,0,0,0,13.87,84.659
4/29/2020,852.6082456,0,0,0,10.78,219.945
4/30/2020,813.35785,0,0,0,12.79,81.772
5/1/2020,653.0550094,0,0,0,14.89,144.906
5/2/2020,868.9175493,0,0,0,16.83,41.242
5/3/2020,743.6072535,0,0,0,17.7,50.812
5/4/2020,834.1271864,0,0,0,16.13,57.876
5/5/2020,729.07185,0,0,0,13.33,211.993
5/6/2020,1037.494684,0,0,0,10.63,148.573
5/7/2020,793.124662,0,0,0,14.28,81.99
5/8/2020,748.340747,0,0,0,10.46,77.096
5/9/2020,779.3826719,0,0,0,7.83,47.101
5/10/2020,695.7424051,0,0,0,13.23,183.183
5/11/2020,847.3989735,0,0,0,13.06,75.921
5/12/2020,761.2514244,0,0,0,12.47,101.021
5/13/2020,919.3885145,0,0,0,13.14,38.811
5/14/2020,722.2811559,0,0,0,14.12,196.968
5/15/2020,711.0080652,0,0,0,19.26,151.972
5/16/2020,857.7920797,0,0,0,19.84,69.88
5/17/2020,764.6806402,0,0,0,13.26,162.437
5/18/2020,827.3055776,0,0,0,13.97,202.458
5/19/2020,685.9171455,0,0,0,14.83,220.903
5/20/2020,1025.194983,0,0,0,13.47,149.872
5/21/2020,730.5119764,0,0,0,13.25,180.019
5/22/2020,672.1342558,0,0,0,16.82,27.951
5/23/2020,852.7047452,0,0,0,17.84,148.655
5/24/2020,703.9812369,0,0,0,15.44,52.625
5/25/2020,874.3000754,0,0,0,15.3,158.532
5/26/2020,779.2951551,0,0,0,17.68,72.255
5/27/2020,975.7930202,0,0,0,17.78,61.075
5/28/2020,770.1136126,0,0,0,18.25,139.31
5/29/2020,629.1963914,0,0,0,20.15,147
5/30/2020,853.2248607,0,0,0,21.76,150.575
5/31/2020,768.3762463,0,0,0,18,68.898
6/1/2020,902.0062982,0,0,0,17.76,108.807
6/2/2020,652.0083298,0,0,0,18.83,175.435
6/3/2020,754.7855893,0,0,0,21.88,206.19
6/4/2020,749.1119128,0,0,0,22.08,83.143
6/5/2020,675.0609071,0,0,0,21.3,50.776
6/6/2020,777.6501508,0,0,0,23.9,138.164
6/7/2020,745.0776944,0,0,0,21.07,122.755
6/8/2020,766.4367972,0,0,0,21.49,75.943
6/9/2020,634.6986976,0,0,0,23.37,84.297
6/10/2020,746.7776019,0,0,0,21.34,115.051
6/11/2020,781.9865115,0,0,0,21.9,208.66
6/12/2020,672.9676603,0,0,0,23.97,76.853
6/13/2020,840.7754674,0,0,0,20.8,179.431
6/14/2020,674.4950512,0,0,0,19.3,85.808
6/15/2020,828.3571875,0,0,0,19.62,211.276
6/16/2020,685.894379,0,0,0,20.36,79.364
6/17/2020,852.8829393,0,0,0,20.6,37.276
6/18/2020,708.1348309,0,0,0,20.71,184.832
6/19/2020,646.2336554,0,0,0,22.42,113.937
6/20/2020,737.2152879,0,0,0,23.1,145.93
6/21/2020,667.1782096,0,0,0,23.48,135.449
6/22/2020,848.3070953,0,0,0,25.85,77.035
6/23/2020,628.9323381,0,0,0,24.64,94.315
6/24/2020,838.6397652,0,0,0,25.97,151.805
6/25/2020,727.6168824,0,0,0,25.49,56.625
6/26/2020,722.9983767,0,0,0,26.33,53.789
6/27/2020,751.2167766,0,0,0,26.01,158.476
6/28/2020,671.8118394,0,0,0,26.85,120.339
6/29/2020,770.1626795,0,0,0,27.64,99.121
6/30/2020,744.0753088,0,0,0,24.44,114.461
7/1/2020,808.9604963,0,0,0,24.51,187.659
7/2/2020,715.5039761,0,0,0,28.43,29.771
7/3/2020,644.1836899,0,0,0,29.6,106.957
7/4/2020,767.6494794,0,0,0,26.01,60.51
7/5/2020,609.3240938,0,0,0,28.55,146.437
7/6/2020,732.4730679,0,0,0,29.46,142.992
7/7/2020,637.1974983,0,0,0,25.08,35.865
7/8/2020,835.3475419,0,0,0,26.48,84.419
7/9/2020,663.7627395,0,0,0,27.42,119.04
7/10/2020,571.0695306,0,0,0,24.52,136.454
7/11/2020,677.106981,0,0,0,25.82,47.283
7/12/2020,619.5727743,0,0,0,27.55,70.552
7/13/2020,808.9326207,0,0,0,27.33,85.688
7/14/2020,661.7916444,0,0,0,27.63,114.384
7/15/2020,702.3313104,0,0,0,24.01,123.477
7/16/2020,695.3941523,0,0,0,23.33,95.627
7/17/2020,625.0248945,0,0,0,26.23,57.579
7/18/2020,775.2639249,0,0,0,29.01,135.236
7/19/2020,598.6642188,0,0,0,29.19,69.748
7/20/2020,754.2082378,0,0,0,30.05,84.817
7/21/2020,677.7136937,0,0,0,29.08,67.278
7/22/2020,804.3758922,0,0,0,29.3,44.585
7/23/2020,662.0470931,0,0,0,27.59,133.199
7/24/2020,594.6627343,0,0,0,25.58,162.497
7/25/2020,733.5749989,0,0,0,27.74,36.718
7/26/2020,638.0114566,0,0,0,29.9,92.349
7/27/2020,824.3308669,0,0,0,30.68,190.839
7/28/2020,658.5846218,0,0,0,30.61,178.331
7/29/2020,883.7311591,0,0,0,28.76,104.646
7/30/2020,707.0800319,0,0,0,29.07,182.744
7/31/2020,678.1116496,0,0,0,25.02,159.768
8/1/2020,687.6274219,0,0,0,28.13,105.877
8/2/2020,642.9239153,0,0,0,27.48,170.899
8/3/2020,698.3001712,0,0,0,28.76,58.304
8/4/2020,603.1689714,0,0,0,26.15,156.787
8/5/2020,746.7370753,0,0,0,27.3,45.518
8/6/2020,668.5283109,0,0,0,24.05,184.836
8/7/2020,591.9481497,0,0,0,24,52.809
8/8/2020,631.5771414,0,0,0,25.09,36.542
8/9/2020,576.7821398,0,0,0,26.44,137.585
8/10/2020,682.7314931,0,0,0,28.09,126.122
8/11/2020,581.5036431,0,0,0,27.04,79.094
8/12/2020,780.803299,0,0,0,27.69,154.781
8/13/2020,610.6126676,0,0,0,25.23,107.202
8/14/2020,571.0158228,0,0,0,27.34,65.132
8/15/2020,648.7078872,0,0,0,26.3,67.176
8/16/2020,535.5163704,0,0,0,22.75,68.487
8/17/2020,695.7048645,0,0,0,24.69,113.315
8/18/2020,584.1595535,0,0,0,26.37,147.82
8/19/2020,762.7493851,0,0,0,24.19,159.737
8/20/2020,632.4310712,0,0,0,24.94,92.397
8/21/2020,554.3618575,0,0,0,26.44,74.29
8/22/2020,614.5586823,0,0,0,27.27,47.292
8/23/2020,669.624572,0,0,0,26.33,26.967
8/24/2020,697.8255793,0,0,0,28.5,83.246
8/25/2020,637.0870145,0,0,0,29.04,103.465
8/26/2020,754.5178827,0,0,0,25.55,67.928
8/27/2020,658.6374255,0,0,0,29.79,98.083
8/28/2020,558.4888377,0,0,0,27.84,175.529
8/29/2020,611.9664649,0,0,0,26.31,45.552
8/30/2020,581.6641435,0,0,0,25.89,157.125
8/31/2020,654.0768837,0,0,0,23.74,32.654
9/1/2020,644.8163873,0,0,0,24.13,109.219
9/2/2020,831.7258065,0,0,0,25.51,72.212
9/3/2020,706.2402953,0,0,0,27.52,100.867
9/4/2020,576.3807124,0,0,0,27.65,63.092
9/5/2020,725.3453145,0,0,0,24.67,118.844
9/6/2020,701.5233971,0,0,0,25.65,32.445
9/7/2020,767.8286402,0,0,0,24.33,90.261
9/8/2020,574.8144729,0,0,0,25.49,65.614
9/9/2020,697.0724429,0,0,0,25.13,180.448
9/10/2020,690.4368148,0,0,0,25.38,162.52
9/11/2020,612.4325893,0,0,0,23.92,41.951
9/12/2020,674.7570622,0,0,0,21.31,132.005
9/13/2020,595.3345086,0,0,0,23.74,103.201
9/14/2020,685.0813105,0,0,0,24.37,140.935
9/15/2020,614.0156294,0,0,0,18.12,186.694
9/16/2020,730.7654925,0,0,0,21.36,123.366
9/17/2020,642.7842517,0,0,0,22.45,101.754
9/18/2020,623.6771268,0,0,0,21.54,102.133
9/19/2020,712.3551716,0,0,0,17.99,63.097
9/20/2020,636.8034811,0,0,0,17.01,155.472
9/21/2020,704.0334941,0,0,0,17.87,28.985
9/22/2020,588.1241664,0,0,0,21.72,182.932
9/23/2020,708.7634275,0,0,0,24.33,160.953
9/24/2020,667.4231251,0,0,0,22.16,98.082
9/25/2020,635.9644444,0,0,0,22.38,38.06
9/26/2020,698.6901565,0,0,0,22.33,53.215
9/27/2020,614.5671378,0,0,0,23.28,139.564
9/28/2020,864.027141,0,0,0,22.97,134.279
9/29/2020,594.1263515,0,0,0,22.73,86.277
9/30/2020,672.9005836,0,0,0,21.48,63.453
10/1/2020,718.8061235,0,0,0,21.87,38.912
10/2/2020,648.7760885,0,0,0,19.02,159.589
10/3/2020,777.3070899,0,0,0,18.61,109.09
10/4/2020,602.5543253,0,0,0,18.75,187.001
10/5/2020,835.4884806,0,0,0,19.08,56.961
10/6/2020,655.3148779,0,0,0,19.72,95.419
10/7/2020,781.8352981,0,0,0,22.73,160.235
10/8/2020,737.105248,0,0,0,18.34,143.911
10/9/2020,680.9679218,0,0,0,19.76,203.225
10/10/2020,699.8782045,0,0,0,21.32,165.432
10/11/2020,709.2140066,0,0,0,18.44,207.033
10/12/2020,697.6453129,0,0,0,15.63,134.47
10/13/2020,645.793362,0,0,0,17.49,75.112
10/14/2020,786.6891664,0,0,0,19.1,166.019
10/15/2020,747.9262007,0,0,0,19.87,146.506
10/16/2020,673.5576308,0,0,0,18.4,131.554
10/17/2020,758.806104,0,0,0,15.38,93.496
10/18/2020,698.0937567,0,0,0,16.54,37.293
10/19/2020,860.8257783,0,0,0,17.36,108.033
10/20/2020,696.8029495,0,0,0,19.53,196.103
10/21/2020,784.2506601,0,0,0,20.12,197.24
10/22/2020,730.7539155,0,0,0,20.27,42.546
10/23/2020,671.8655556,0,0,0,19.29,47.619
10/24/2020,713.6015827,0,0,0,19.57,29.299
10/25/2020,620.8549987,0,0,0,13.17,173.336
10/26/2020,724.4496878,0,0,0,16.54,174.576
10/27/2020,700.8248855,0,0,0,15.64,174.231
10/28/2020,900.6167521,0,0,0,17.44,64.122
10/29/2020,743.6801066,0,0,0,14.9,29.698
10/30/2020,580.4634781,0,0,0,10.03,43.604
10/31/2020,720.2104356,0,0,0,7.77,35.926
11/1/2020,651.0348285,0,0,0,14.2,60.835
11/2/2020,769.5295294,0,0,0,7.5,164.009
11/3/2020,617.6727354,0,0,0,12.37,102.167
11/4/2020,763.7046824,0,0,0,15.94,95.691
11/5/2020,706.5020085,0,0,0,17.06,188.679
11/6/2020,631.2131681,0,0,0,17.54,71.721
11/7/2020,809.7649104,0,0,0,18.83,159.515
11/8/2020,691.7485588,0,0,0,18.92,33.263
11/9/2020,835.0586805,0,0,0,18.79,179.85
11/10/2020,614.5016027,0,0,0,18.54,122.44
11/11/2020,912.6986978,0,0,0,18.15,32.714
11/12/2020,778.0861488,0,0,0,17.01,35.764
11/13/2020,688.0229593,0,0,0,11.92,67.352
11/14/2020,714.2689167,0,0,0,11.17,63.7
11/15/2020,643.551462,0,0,0,17.28,73.139
11/16/2020,850.671546,0,0,0,11.87,37.618
11/17/2020,698.3629602,0,0,0,9.54,81.908
11/18/2020,941.3951199,0,0,0,4.11,162.714
11/19/2020,720.8358235,0,0,0,9.03,198.595
11/20/2020,688.7851515,0,0,0,14.63,40.051
11/21/2020,762.6936523,0,0,0,15.12,37.92
11/22/2020,684.8698707,0,0,0,14.17,99.926
11/23/2020,826.4896177,0,0,0,14.47,193.541
11/24/2020,774.0036114,0,0,0,8.81,110.371
11/25/2020,879.4580852,0,0,0,12.43,170.424
11/26/2020,801.6181846,0,1,0,15.72,155.211
11/27/2020,706.1452979,0,0,0,14.32,206.276
11/28/2020,744.1703452,0,0,0,12.5,171.798
11/29/2020,670.8604158,0,0,0,11.21,134.959
11/30/2020,790.2762157,0,0,0,16.62,76.41
12/1/2020,859.9563419,0,0,0,13.47,135.564
12/2/2020,913.0517052,0,0,0,7.19,169.365
12/3/2020,834.9486806,0,0,0,9.3,186.759
12/4/2020,733.7961486,0,0,0,10.15,121.935
12/5/2020,766.5211623,0,0,0,8.65,86.481
12/6/2020,698.1711121,0,0,0,5.13,87.687
12/7/2020,890.9186038,0,0,0,4.43,48.025
12/8/2020,828.8733001,0,0,0,3.3,150.09
12/9/2020,912.1708923,0,0,0,4.09,127.128
12/10/2020,778.6902209,0,0,0,8.51,46.837
12/11/2020,693.9670845,0,0,0,11.54,74.306
12/12/2020,892.3245337,0,0,0,12.55,227.271
12/13/2020,787.7131404,0,0,0,13.04,233.286
12/14/2020,898.6033209,0,0,0,6.42,34.256
12/15/2020,731.8373757,0,0,0,4.23,61.36
12/16/2020,1022.056926,0,0,0,3.09,85.039
12/17/2020,841.1416019,0,0,0,3.7,78.815
12/18/2020,705.6333685,0,0,0,0.85,63.959
12/19/2020,955.9359891,0,0,0,1.23,73.439
12/20/2020,782.0509812,0,0,0,5.23,183.984
12/21/2020,948.6427071,0,0,0,5.94,153.478
12/22/2020,748.7618022,0,0,0,7.17,153.715
12/23/2020,974.3305159,0,0,0,6.26,163.741
12/24/2020,799.5367457,0,0,0,14.3,207.869
12/25/2020,736.7942183,0,0,1,15.12,102.026
12/26/2020,912.9236167,0,0,0,0.89,160.128
12/27/2020,685.9150258,0,0,0,2.89,38.674
12/28/2020,998.0511701,0,0,0,8.83,166.712
12/29/2020,847.1233994,0,0,0,3.48,161.865
12/30/2020,857.5210429,0,0,0,5.97,179.634
12/31/2020,783.8914943,0,0,0,8.22,149.221
