Point_ID,Feature_1,Feature_2
1,7.9741,-4.1180
2,-7.4558,-4.7302
3,7.6937,8.9522
4,7.6700,8.0387
5,-8.6304,7.1310
6,9.2216,5.6923
7,-4.6540,-2.5078
8,7.7155,-1.3784
9,-0.0666,6.6413
10,-8.0690,8.9218
11,-0.8933,-5.7890
12,8.1212,-3.8023
13,-8.1293,-4.3169
14,-8.0174,8.7764
15,7.2426,3.7837
16,7.6503,7.4074
17,-5.4181,-2.4060
18,-9.3195,-0.7813
19,11.7238,8.5094
20,-7.3359,7.4739
21,-6.7075,0.4056
22,7.5763,10.8968
23,7.0990,8.8562
24,-3.4785,-5.1473
25,-0.6190,-5.4433
26,7.8742,-5.9963
27,-7.5683,8.8892
28,-4.2552,-2.9678
29,5.0197,-2.4469
30,11.1479,-6.8423
31,-5.5900,-2.0203
32,-11.3752,-2.3105
33,-0.0820,-4.3281
34,-8.3347,9.0373
35,5.9138,-2.2497
36,-3.3234,-6.7180
37,9.0966,8.5986
38,4.7686,-3.7896
39,-0.8333,-5.9199
40,8.4330,8.9406
41,6.5725,9.1830
42,11.2818,-4.6892
43,-3.4133,-7.2115
44,-8.3267,8.5498
45,-2.7180,-7.0957
46,0.2073,-3.9865
47,8.7177,9.2789
48,-4.6214,-2.6626
49,6.8860,7.5560
50,10.0053,8.5434
51,10.8873,-7.3641
52,7.1745,-5.5859
53,-7.4851,-4.4518
54,-7.5127,-4.8509
55,7.8110,-8.3016
56,-9.0537,6.8574
57,8.1771,-4.2183
58,-8.8608,-1.0224
59,-8.2235,8.1987
60,-9.0841,7.8543
61,11.1972,-5.4464
62,6.9885,-5.3458
63,-4.5839,-7.0929
64,-8.2073,9.0583
65,-4.7854,-3.1282
66,-9.2628,7.9740
67,-6.0175,-1.2469
68,-7.6381,7.6896
69,-5.2428,-2.4421
70,-6.5786,-6.2454
71,-8.1010,-0.9147
72,-7.9902,6.1544
73,6.1851,6.2602
74,6.1145,9.0954
75,-4.3722,-4.1452
76,5.6750,-7.5654
77,6.2379,6.5135
78,11.1202,-6.1765
79,6.0689,-2.5229
80,-8.3060,8.0565
81,-9.1520,9.0349
82,4.9092,-6.1510
83,7.8113,8.6030
84,-10.2955,-1.9671
85,-8.1265,6.5118
86,-3.9767,-4.6676
87,8.5834,-5.3285
88,-8.8690,-1.3026
89,-7.0467,-6.0825
90,7.2371,7.5492
91,-8.6391,-1.1351
92,10.2888,-7.4085
93,-6.9859,9.0326
94,-7.0595,9.0047
95,-11.8536,-3.6530
96,7.5799,-5.5933
97,-9.9877,-1.6985
98,8.4382,-8.2027
99,7.3141,6.5887
100,7.3572,9.9965
101,11.3489,-6.8543
102,-9.4100,6.1493
103,6.0083,-8.1120
104,11.7161,6.4170
105,9.5377,-8.1156
106,-10.6214,-2.0186
107,9.7598,-8.0698
108,-8.5083,7.8088
109,5.3629,-2.9964
110,3.9811,11.0795
111,7.2221,9.0315
112,-9.3891,-1.0677
113,4.8783,-6.1655
114,8.4597,-1.5308
115,-0.4774,-4.3204
116,9.3702,7.9371
117,9.7696,7.3151
118,10.9716,-2.8368
119,-8.3468,8.2086
120,-12.0891,-3.4984
121,-7.9781,8.9374
122,8.0411,5.7173
123,7.2529,7.5553
124,-10.0226,-1.4412
125,5.8705,-2.1255
126,-4.4056,-3.1661
127,-7.6726,7.8639
128,3.8516,2.3700
129,7.5822,-8.2946
130,10.8438,-2.6532
131,5.3755,-7.5880
132,-9.0818,7.6425
133,11.4753,-6.3175
134,9.6792,-1.6398
135,-5.1372,-7.2549
136,-4.6449,-2.8527
137,10.1600,-2.2227
138,-8.8187,-0.7942
139,-7.7408,8.5244
140,-8.3532,7.4972
141,-11.5012,-3.4605
142,-6.4074,-6.7760
143,-8.1380,9.1395
144,11.5190,-4.5923
145,8.0820,-5.5770
146,-5.4418,9.3874
147,-7.7997,-4.3165
148,-8.2312,7.9367
149,-7.9166,-1.0422
150,7.3332,-7.9225
151,11.1898,-3.7812
152,-0.4414,-4.8451
153,-7.1219,7.3825
154,-4.1771,-4.3386
155,-8.0325,-3.6670
156,-8.6644,7.9716
157,8.6510,8.2476
158,-6.9660,-5.4061
159,-12.0345,-5.2057
160,-4.5066,-2.9858
161,-11.8606,-3.6645
162,8.2828,-5.6593
163,10.1649,4.1155
164,-8.8979,7.7482
165,7.5466,-4.5013
166,7.3205,-4.3314
167,-9.1321,7.2017
168,-10.1468,6.8224
169,5.3101,6.8834
170,-3.1372,-6.5773
171,-8.1489,8.0417
172,-12.1897,8.4431
173,-6.8025,6.7094
174,-8.8423,8.6161
175,-7.1578,7.2245
176,-8.6003,6.5538
177,4.8345,-3.7711
178,11.2206,-6.0588
179,-5.4120,-2.3440
180,8.6561,8.7674
181,-7.1963,-6.1562
182,1.2331,5.6273
183,-7.8862,-3.5020
184,-10.2752,-1.7291
185,8.7022,9.0890
186,-4.3620,-7.0597
187,4.6234,-4.5772
188,-7.5561,-0.5843
189,-6.4213,9.5240
190,-5.6601,-0.3243
191,-8.6999,-1.5229
192,-7.9906,8.9037
193,-2.5898,-6.6872
194,-10.1333,-0.4961
195,-6.6197,-0.9412
196,-4.8786,10.1180
197,7.6645,-4.8785
198,7.6641,-5.1805
199,4.4571,-4.8283
200,7.9705,-5.4747
201,8.6932,-4.6330
202,-8.7123,7.4139
203,-1.6477,-6.1705
204,-8.8998,-1.1584
205,-11.1567,-3.4602
206,7.7584,-1.2950
207,8.7786,8.0990
208,-9.0832,-1.4166
209,7.4565,10.9149
210,-6.9003,-1.4978
211,-2.2271,1.3934
212,8.8664,-2.0546
213,10.2638,6.6089
214,-5.9049,-6.3334
215,11.2512,-3.8996
216,-10.7949,-1.4589
217,11.5456,-4.6549
218,-7.2278,7.8914
219,5.8865,7.9690
220,11.6314,-4.2162
221,7.6070,-8.4618
222,-6.1893,7.3626
223,8.3886,-1.8129
224,0.1260,-3.4540
225,-6.5497,-6.3532
226,10.3317,-7.2855
227,-0.2142,-3.8353
228,-6.7824,-1.3718
229,4.5063,-4.6342
230,-6.0373,-1.2905
231,-8.1646,-3.8634
232,-4.9592,-1.9593
233,-0.7374,-5.7970
234,6.8631,-1.4556
235,-1.0373,-5.6035
236,0.0480,-3.0537
237,9.2864,5.2684
238,6.6343,-8.3403
239,-8.1975,8.5556
240,8.3036,4.0268
241,-8.2714,-3.4917
242,7.6416,6.8341
243,-3.7796,-4.3788
244,0.5105,-3.1105
245,0.4695,9.1909
246,-8.1798,7.6841
247,8.3410,6.0679
248,8.3199,-8.4139
249,9.2261,6.0435
250,4.8596,-6.6101
251,8.3936,7.2631
252,7.0456,6.8661
253,-9.9118,8.2720
254,10.9090,-3.4730
255,5.1266,-7.0375
256,9.0071,9.7431
257,11.4194,-5.9413
258,-5.3476,-6.2109
259,5.7017,-7.4293
260,-8.6188,7.3571
261,7.7542,-1.9024
262,-4.5614,-3.3203
263,6.8279,10.1577
264,7.3152,-8.4490
265,-1.9873,-6.3886
266,10.4653,-2.8901
267,4.5314,-3.0929
268,4.8419,-3.5602
269,-11.0719,-1.8682
270,5.6403,-7.7464
271,8.0309,6.7278
272,-4.2364,-6.8068
273,10.4643,-2.5021
274,-6.1729,-6.1815
275,10.7775,7.8680
276,4.2503,-5.2602
277,7.7560,9.4369
278,7.5941,-7.9644
279,4.2821,-4.3721
280,-4.9083,-6.8565
281,-7.4824,-1.2577
282,5.3158,8.1886
283,-7.9558,-0.5352
284,-9.1472,7.4796
285,9.0491,7.6638
286,9.0545,8.7371
287,7.5777,-4.7004
288,-0.2910,-3.4031
289,-7.6310,7.3724
290,-8.4489,-1.0994
291,8.0084,-4.7628
292,4.8688,-4.6730
293,8.5863,-0.9293
294,-0.3977,-4.4283
295,-5.9382,4.4219
296,6.5099,-1.6840
297,7.4798,-4.6516
298,-3.6830,-4.3244
299,7.9675,-4.7493
300,-4.2881,-3.5435
301,-6.9113,7.8185
302,8.5199,8.9827
303,7.9908,-8.9590
304,4.8149,-4.0764
305,-6.4713,8.9045
306,4.3649,-4.7604
307,1.8790,-9.1673
308,-7.6352,8.3238
309,10.5922,-7.3267
310,-10.5559,-2.2443
311,9.5250,10.3015
312,-12.0497,-4.8488
313,8.0289,7.7629
314,-9.3492,8.4003
315,-8.1547,8.0618
316,1.4280,9.0489
317,-3.1789,-7.2580
318,-9.6649,9.3009
319,8.5385,-8.4497
320,-2.1219,-6.5030
321,8.2833,6.3562
322,8.7281,9.3072
323,-4.3317,-1.2921
324,7.5723,-8.3802
325,9.9379,-7.6019
326,8.6370,4.8967
327,-8.1989,8.0754
328,-7.2224,7.7939
329,-8.8278,6.3021
330,-0.5129,-4.8834
331,-9.6344,7.9915
332,-11.6702,9.4162
333,-10.7723,-2.2452
334,-8.7410,-1.2582
335,8.8118,8.4267
336,-7.8797,8.4472
337,-7.8308,7.5692
338,9.7396,10.9559
339,-1.3885,-4.9686
340,-5.8427,-1.4201
341,-4.4055,-4.6453
342,-0.3000,-3.7987
343,7.5494,7.7654
344,7.7323,-5.5014
345,-0.4187,-5.4934
346,-5.5799,-1.9745
347,-4.3634,-3.4793
348,-8.8329,-1.0591
349,7.0767,5.5673
350,7.2376,10.9006
351,-8.0314,8.1438
352,6.8301,8.5582
353,-8.3629,7.8505
354,8.8106,8.1830
355,-12.5377,8.5076
356,4.9277,-6.8475
357,-4.7470,-2.8687
358,7.1120,7.4462
359,-7.3583,-4.3618
360,10.8502,-2.8619
361,-7.7273,-3.8910
362,11.5677,-3.5745
363,-7.6015,-4.0044
364,-8.4241,-0.9277
365,0.0678,-3.2040
366,-7.6017,-4.7296
367,7.9986,-4.8750
368,-7.7605,8.2572
369,-7.6100,6.5751
370,7.7325,-5.7422
371,-8.6348,6.5952
372,4.6548,-5.8651
373,7.9807,-5.0438
374,-0.2910,-3.2684
375,-7.5161,10.4441
376,-11.8476,-3.7301
377,-5.6982,-1.5612
378,7.7912,7.2901
379,-11.6193,-3.2763
380,-4.8469,-6.8127
381,-4.4827,-6.8113
382,5.1923,-3.1604
383,4.7047,-6.1128
384,-8.3764,8.2019
385,-7.9597,-3.9881
386,-0.0540,-3.9848
387,-7.1167,7.2478
388,4.9761,-3.8968
389,8.2113,-1.0886
390,11.6214,-5.2511
391,6.9599,8.1622
392,10.1885,8.2456
393,-7.9728,6.7765
394,-7.1508,-6.2244
395,-7.4810,7.8310
396,-9.7962,0.6819
397,-0.4354,-3.1929
398,-8.4029,8.8474
399,-6.5156,8.4119
400,-0.0046,-4.7142
401,7.8652,-4.3488
402,-2.4979,-7.1131
403,8.2172,6.3453
404,8.7015,9.4738
405,9.4462,-2.3092
406,-1.5500,-5.9186
407,11.8797,-4.5819
408,-0.5867,-5.2148
409,4.2694,-9.4258
410,-6.5129,7.7423
411,-8.0690,7.1272
412,-9.1971,7.8766
413,-10.3967,8.2942
414,-7.5139,-4.9411
415,-11.6451,-4.4678
416,-7.5330,-5.0664
417,4.9647,10.5266
418,-10.4340,-1.4888
419,3.9491,8.2029
420,-8.5803,8.6456
421,-7.0285,9.5467
422,10.6529,-3.1648
423,-1.5761,-6.6083
424,-5.7141,-2.1600
425,7.0762,-1.3614
426,-0.8480,-4.9916
427,10.8769,-6.5235
428,-10.7031,7.7322
429,10.2796,8.2329
430,-9.2577,7.1059
431,-11.9381,-5.1193
432,-6.6693,8.3818
433,8.1762,7.4618
434,5.3269,-7.0638
435,-8.8337,8.1768
436,-5.9890,-6.2336
437,8.1396,-5.8015
438,-6.6064,7.8567
439,5.5076,6.7527
440,-1.2537,-5.5799
441,7.8849,-4.8574
442,8.7173,9.5393
443,6.1669,6.7345
444,8.7409,-5.6702
445,-6.9916,8.1046
446,8.7318,7.9868
447,-9.4600,-1.1922
448,7.4024,-8.7253
449,8.2427,5.5323
450,-7.8456,8.7662
451,7.7946,-8.2100
452,11.3815,-5.1806
453,-7.5426,-5.0890
454,-6.3268,-1.1331
455,-8.4620,6.7695
456,8.1321,11.0719
457,9.4985,6.6056
458,7.2998,6.3486
459,-8.2678,9.5308
460,-7.0960,7.6858
461,9.2277,10.6748
462,-0.0884,-4.0124
463,-9.3671,9.8298
464,-4.1011,-4.0331
465,6.1730,6.5195
466,-4.3941,-6.9372
467,0.7231,4.5792
468,6.6581,8.4060
469,10.9858,-5.9305
470,8.0005,6.8234
471,11.3283,-5.7553
472,6.1889,7.8550
473,-7.8141,-3.9233
474,-5.1447,-2.1277
475,-8.7493,8.2701
476,-10.3604,-2.2214
477,8.2468,-1.0243
478,-0.4567,-4.2764
479,-4.3517,-2.8857
480,6.3638,-8.2350
481,-0.4058,-4.8159
482,9.0851,9.5709
483,0.1407,-3.3071
484,-12.0029,-2.8909
485,7.9272,8.2269
486,-10.3331,-1.7922
487,-5.9270,-6.9020
488,-6.1654,7.5412
489,-2.2049,-6.6864
490,-8.6807,7.1196
491,7.3275,5.8597
492,6.2211,7.3910
493,9.0431,5.1372
494,5.9384,-2.7816
495,5.6019,7.0573
496,-9.8183,-1.6917
497,5.7966,8.3942
498,-6.4677,7.8103
499,8.3672,-5.7865
500,-8.0921,6.9835
501,4.7472,-3.1445
502,-10.3059,-2.0036
503,-10.6937,-1.2630
504,-4.2080,-3.9781
505,6.8673,7.0697
506,4.2391,-5.6465
507,-0.2856,-3.8281
508,-4.0801,-3.8229
509,-5.6386,8.2539
510,-6.8697,6.1278
511,8.4790,-8.5358
512,8.2825,-5.6016
513,7.3879,-1.4648
514,8.2728,7.9154
515,-7.1793,8.1037
516,0.0496,-3.7602
517,-8.7330,8.4990
518,-6.5727,7.9792
519,8.0066,10.1756
520,-8.5454,6.5368
521,-8.3096,6.5921
522,7.4322,6.9734
523,-3.7323,-6.9395
524,8.7452,-5.3592
525,-7.1612,-5.1091
526,-8.0474,-3.1450
527,6.7739,-8.0702
528,5.1162,7.4618
529,4.6210,-3.9895
530,-4.8128,-2.1868
531,-0.3516,-4.6905
532,10.1566,-2.1506
533,-6.6751,-5.7122
534,9.3605,6.0983
535,-10.4093,-2.2727
536,5.0233,-3.5283
537,9.4918,-1.5048
538,-6.6592,-1.1236
539,11.5109,-5.9865
540,9.6938,8.3939
541,-5.9529,-1.3083
542,10.0344,-7.6105
543,-8.2355,7.3603
544,-7.8117,7.2651
545,-11.8966,-4.3891
546,-9.7324,7.4543
547,-4.0692,-4.0475
548,-1.1680,-5.6192
549,-6.0967,-6.2471
550,-5.0392,-2.5882
551,-5.7467,-6.7572
552,6.3883,-8.0955
553,-10.5343,-1.5278
554,-9.4841,-1.2649
555,8.7335,6.4580
556,-4.3393,-3.3159
557,-6.0318,3.5620
558,10.3425,8.4599
559,-6.5449,-5.9588
560,-8.3156,8.5650
561,6.3970,-7.7739
562,-13.7810,-6.5076
563,-3.8045,-3.8283
564,-7.1184,-1.3843
565,10.0217,-1.9980
566,6.2451,9.2011
567,4.6024,6.8889
568,-11.5000,-3.6534
569,-7.4232,7.7247
570,-9.0690,9.4137
571,-7.7722,6.6271
572,-8.2200,-4.1506
573,10.6216,-7.6676
574,-0.1896,-3.6610
575,6.9830,-1.8090
576,-7.7622,8.2629
577,-6.5098,7.9673
578,7.3292,7.8283
579,-8.3162,-3.2658
580,-1.7227,-6.1388
581,11.7742,-5.8732
582,10.0578,-1.6328
583,-7.8868,-3.5014
584,5.3241,6.3357
585,-8.7502,7.5255
586,-5.5667,-6.3032
587,9.0915,-5.4549
588,8.2790,3.5874
589,-0.2934,-5.1613
590,-8.6123,8.6363
591,-7.0053,7.9780
592,5.9242,7.8776
593,4.6486,-3.7940
594,-7.9657,7.7591
595,8.6073,-8.1498
596,7.2536,8.2835
597,8.7799,-6.1956
598,-7.8547,-1.0095
599,-7.8058,8.8646
600,9.5403,-1.3941
601,-9.0885,7.5740
602,-8.5245,7.9445
603,-10.0150,-1.5817
604,-3.0636,-4.0919
605,5.2396,8.2752
606,7.8618,6.8554
607,-7.2723,-0.8404
608,6.5083,9.1583
609,-7.0460,9.4146
610,7.2311,5.0293
611,6.3632,10.4710
612,7.8218,9.1281
613,10.9925,-6.3619
614,7.0727,8.2342
615,8.9741,3.4520
616,-8.4173,9.5509
617,7.9883,-5.0908
618,4.4579,-4.8251
619,10.0118,8.2495
620,-0.6634,-4.3005
621,4.6278,-3.4512
622,7.0789,6.7348
623,-7.7386,-5.4379
624,-6.3429,7.7860
625,-8.7041,7.7724
626,7.6239,10.3932
627,-2.4439,-7.1792
628,-1.3133,-6.7431
629,10.9250,-2.7695
630,10.4981,-2.6123
631,10.4040,-1.8505
632,7.8793,-5.3632
633,-8.0168,7.1366
634,8.8713,8.0223
635,-6.4737,-1.6713
636,-8.8183,7.4876
637,-7.1697,-1.3783
638,8.8934,9.0895
639,6.1575,-2.2305
640,8.4106,-5.0754
641,-3.7395,-3.9382
642,4.4933,-5.8528
643,6.8408,11.1286
644,10.1653,8.7561
645,-11.1390,-2.6910
646,-4.2031,-4.2020
647,-7.9733,9.3699
648,11.6932,-5.1951
649,-8.5016,7.5047
650,4.9619,7.3217
651,-8.1704,-4.1697
652,-1.2609,-5.8018
653,9.4698,-2.1310
654,5.5453,-3.0091
655,4.3156,-4.9487
656,8.1895,-5.0108
657,-1.6868,11.7355
658,-8.2096,-0.9166
659,10.7106,6.6551
660,-7.3547,6.0701
661,-6.9066,7.6052
662,-7.3927,7.3894
663,9.0779,5.5488
664,-0.6697,-5.0396
665,-5.1771,-7.0538
666,11.0302,9.9830
667,10.1002,8.0151
668,-1.3162,-6.1332
669,8.4948,7.1830
670,-6.8295,6.4370
671,4.8785,-3.2061
672,9.0651,-8.1497
673,-11.6510,-3.9218
674,8.7383,-1.5483
675,7.1206,6.7063
676,-7.3497,7.9947
677,-9.6683,-1.6418
678,-6.2424,-1.1483
679,8.6528,-8.2549
680,9.0981,7.2152
681,8.1727,5.6214
682,-7.8774,9.3086
683,6.6164,10.7054
684,-2.9293,-6.9638
685,4.5852,-4.4987
686,-11.4181,-1.8549
687,-3.5037,-6.6167
688,-10.9630,-2.0720
689,8.2306,-4.7886
690,-8.3264,7.7420
691,10.9078,-3.5290
692,-4.5164,-2.7194
693,6.3298,7.8367
694,-8.3174,9.2397
695,-5.1976,-2.2122
696,-7.5827,8.1185
697,-4.6931,-7.1010
698,9.7289,-8.2885
699,10.5011,-3.0496
700,-6.3688,-5.9969
701,0.3449,-3.0188
702,5.1351,-6.9204
703,11.6231,-4.4301
704,7.9541,4.8477
705,-2.7315,2.7154
706,-3.6691,-3.8487
707,-10.6163,-2.3143
708,9.6490,-1.9405
709,7.3025,-5.0848
710,9.1274,7.5801
711,9.8908,-2.0207
712,11.4585,-7.0693
713,8.0848,-5.0450
714,-7.2476,-0.8272
715,-8.4794,7.7810
716,10.9417,10.1511
717,8.1784,-3.9710
718,-2.5282,-6.6144
719,-11.6755,-2.7264
720,-7.7611,7.2733
721,-3.0088,-6.3670
722,-7.6942,-1.1522
723,12.6647,9.7111
724,-11.8278,-3.8089
725,-3.4853,-7.0394
726,-7.8805,6.9570
727,-11.6139,-3.6304
728,-6.1282,-1.3301
729,11.5140,-7.0083
730,6.7986,-8.5295
731,9.0614,-7.9963
732,-6.3717,-6.4903
733,-4.8142,-4.1618
734,-9.6919,7.2091
735,8.9040,-2.1099
736,5.4436,-2.6329
737,9.6614,5.7749
738,6.3037,-1.9719
739,9.5011,8.3385
740,-7.1281,-9.2608
741,-1.8884,-5.9695
742,6.4417,-7.7458
743,-3.8971,-3.9496
744,8.9469,9.4967
745,8.2382,-4.9088
746,-9.0554,8.1438
747,7.5543,9.3882
748,-9.0936,7.8187
749,-10.4210,-1.6109
750,-9.4165,8.7052
751,7.3793,11.0096
752,-7.7619,7.3240
753,-8.2922,7.2794
754,8.2405,-1.0163
755,5.3365,4.6078
756,0.0243,-3.5291
757,6.6141,7.8400
758,-5.5573,-1.6317
759,10.1816,6.1764
760,-9.4175,6.7173
761,-11.3209,-3.0751
762,-4.3691,-3.0256
763,8.6863,6.8983
764,7.5469,-4.0349
765,11.1115,-6.9243
766,-11.9724,5.6033
767,-8.9133,8.3422
768,5.0352,-6.8917
769,8.4116,9.3023
770,-3.5293,-7.0094
771,6.3092,-1.6507
772,-1.6262,-5.7159
773,6.6271,8.0091
774,10.8739,-4.0057
775,9.4403,-7.6716
776,7.0367,-5.8216
777,-1.5003,-6.2380
778,-1.8947,3.7551
779,-8.8697,8.3044
780,12.7963,6.9755
781,-8.2457,-4.5002
782,10.0924,-8.1349
783,7.9596,-4.6515
784,-8.0415,8.2166
785,-5.8985,-6.1591
786,7.8705,-5.2712
787,-9.2573,8.2414
788,-4.2240,-5.2486
789,-7.3089,-5.4745
790,8.4102,-4.1785
791,6.7923,-5.1324
792,9.6554,-7.9456
793,-6.8858,9.7172
794,5.5811,-2.6178
795,-7.3459,7.9084
796,9.1092,8.6064
797,-9.4289,8.2157
798,-7.4881,8.5294
799,5.2725,5.8622
800,7.4110,7.9905
801,-6.5228,7.7888
802,10.4230,-2.7265
803,-7.9636,-3.4090
804,-9.4324,8.3733
805,7.5062,6.4902
806,-11.4873,-3.0883
807,10.4150,-7.2046
808,-5.2416,-2.2430
809,6.5906,7.9602
810,-4.8403,-6.7862
811,-8.3998,7.5671
812,-0.1220,-3.6204
813,-8.7356,6.4686
814,-6.4427,-5.8000
815,8.9349,-2.1798
816,-8.3360,7.7011
817,5.6859,-7.5082
818,-3.7995,-6.8035
819,4.7517,7.5426
820,-7.8032,8.7987
821,8.2266,-5.1001
822,-3.9667,-7.0109
823,7.5410,12.9178
824,-8.5463,7.8357
825,-8.3892,7.4437
826,-7.8169,-0.7724
827,-6.6389,-6.0014
828,-2.2519,9.1563
829,8.1921,6.6563
830,-7.8435,7.1230
831,5.4380,-2.0067
832,7.6596,10.7715
833,-4.6874,-1.8650
834,8.2440,-4.9475
835,-4.6645,-4.2523
836,-7.1397,10.9150
837,5.1619,5.0292
838,10.2142,-7.5601
839,-5.7191,-1.6784
840,8.9476,10.2042
841,10.6054,-2.4819
842,-7.8360,8.0393
843,9.7446,7.8147
844,-3.9172,-4.8838
845,-11.8072,-3.9145
846,-0.2984,-4.5268
847,-10.4903,-1.8565
848,4.6229,-4.9604
849,-7.2083,7.0987
850,-7.6060,7.3624
851,11.4627,-4.7737
852,7.4706,10.7613
853,4.7297,-5.5616
854,2.6529,7.7257
855,9.8286,4.9200
856,-10.1047,-0.7950
857,-5.8263,-1.5921
858,-6.7843,8.5176
859,-8.5357,7.2438
860,8.5614,-4.5864
861,6.6247,9.5811
862,5.0599,-7.1299
863,7.5650,10.8857
864,4.8230,-3.9632
865,-5.0695,-6.7939
866,-8.1191,8.8194
867,7.3871,-5.2834
868,0.1822,-3.6692
869,5.3638,-2.9272
870,7.1735,-4.9243
871,8.3753,7.2138
872,10.8899,-8.4148
873,11.2323,-6.4941
874,-12.0428,-4.4070
875,6.7833,3.1260
876,10.8603,-6.4103
877,-11.6864,-3.6799
878,8.1887,-1.5029
879,4.1918,-5.6813
880,-0.3181,-5.5893
881,-1.1397,-6.2451
882,-0.3859,-5.1661
883,-7.6656,-4.2987
884,-10.9564,-2.1826
885,6.5953,8.0376
886,6.4334,-8.2212
887,-8.5590,8.3776
888,-7.7874,8.2423
889,9.3949,-1.7342
890,11.2542,-4.2972
891,-7.5508,8.1921
892,6.2643,-7.7853
893,7.7113,-4.5418
894,-5.4411,8.3341
895,9.1875,8.3688
896,-8.4402,6.5741
897,-5.9577,-1.5882
898,-7.2814,-5.5185
899,-6.0002,-6.3302
900,-4.5719,-2.7570
901,-8.2555,-0.7998
902,8.5394,6.5120
903,-5.2722,-2.1591
904,-3.3661,-7.1287
905,11.0643,-3.6622
906,10.5983,-3.1511
907,10.2180,-2.5173
908,5.1487,-6.7924
909,8.0421,-8.2468
910,-6.3659,-6.3921
911,-9.9462,-1.6798
912,7.4118,-4.4169
913,-9.2077,6.5653
914,-4.3715,-2.6323
915,-7.1497,8.6240
916,8.0149,-5.1336
917,-9.1881,10.3072
918,-6.4206,9.9737
919,11.0072,7.5840
920,7.1604,7.6956
921,-5.8332,-1.7848
922,-4.3334,-3.5128
923,5.4473,-6.5100
924,8.0220,6.6514
925,-11.7812,-4.2935
926,8.8734,9.5511
927,-6.9925,-1.3989
928,9.9210,-8.1985
929,-6.6475,9.0189
930,-5.8727,-6.4691
931,-11.2606,-3.2579
932,10.4052,9.2645
933,5.1494,9.0281
934,8.2697,8.3065
935,-7.7003,-3.1617
936,-5.1872,-2.1797
937,6.9672,9.0323
938,-11.7709,-4.2266
939,-5.0066,-1.7405
940,-6.2068,-6.5435
941,-7.4294,6.9807
942,-3.6470,-6.9007
943,-5.7638,9.4381
944,4.6510,-3.9659
945,11.4736,-3.9329
946,9.5606,-7.9881
947,-0.1462,-4.6556
948,11.3883,-6.9257
949,10.1525,10.2678
950,-6.3798,9.5515
951,3.9392,7.2626
952,10.5003,6.5626
953,6.0359,10.7981
954,-0.3785,-4.9245
955,7.6381,-5.0140
956,11.1021,-6.0391
957,5.9752,-2.2508
958,8.7823,4.7950
959,-11.0751,-2.7327
960,-7.7039,7.8147
961,6.7523,-8.3509
962,6.9531,8.2695
963,8.3764,-4.1827
964,11.3694,-6.1273
965,8.7228,-4.7703
966,-9.1262,7.2435
967,10.5283,-7.6941
968,-9.3151,-1.3882
969,-5.6081,-6.4801
970,-2.8419,-6.5324
971,-8.8646,8.3941
972,8.9910,7.5271
973,-0.4257,-3.6254
974,-11.1886,-2.6933
975,8.0530,-5.2014
976,9.8904,-7.5769
977,7.8598,6.6699
978,7.7192,6.9545
979,5.8448,8.6634
980,-9.1868,7.8541
981,-7.5911,7.2683
982,6.7856,10.1701
983,-7.3415,9.9134
984,-4.9982,-2.7720
985,-10.1185,-1.3487
986,-7.2302,8.4045
987,11.0576,-2.8587
988,10.0165,7.0349
989,11.2070,-6.7273
990,-8.5203,9.2975
991,-6.6601,-6.3587
992,-7.5011,-3.7206
993,-7.2270,-5.3904
994,-8.1465,7.0042
995,-9.6957,8.0298
996,-6.8566,8.4459
997,-2.1598,9.4900
998,-0.4721,-3.6381
999,-7.7808,8.7241
1000,4.4187,-5.2220
1001,-8.6597,-1.1661
1002,10.7230,-3.1748
1003,-6.1777,-6.4054
1004,-0.5246,-4.7823
1005,-11.7064,-3.2139
1006,8.2536,-4.8694
1007,7.5287,8.5300
1008,0.0341,-3.4407
1009,10.5825,-3.0244
1010,9.0711,-8.3122
1011,9.4354,-2.0547
1012,2.5029,11.3909
1013,-7.1913,9.3069
1014,8.1150,7.5117
1015,8.8003,7.4145
1016,11.1664,9.1323
1017,9.0253,-1.4671
1018,-0.5662,-3.5677
1019,-9.9769,-1.1061
1020,7.4717,-3.9015
1021,-7.9064,8.1124
1022,3.4572,7.7614
1023,-12.0376,-3.7780
1024,7.6280,-5.6329
1025,7.3814,9.6825
1026,8.0867,5.5641
1027,-7.3839,6.4367
1028,-1.7122,7.2408
1029,-7.9060,8.3838
1030,10.5604,6.1737
1031,-11.6589,-5.2276
1032,-1.3954,-5.1270
1033,7.2503,-4.3676
1034,8.6722,5.0247
1035,10.5817,-2.4411
1036,10.3454,7.7023
1037,-5.5143,-6.4285
1038,-8.4470,-1.3083
1039,4.8875,-2.4971
1040,7.8351,-4.8807
1041,-5.1049,7.4299
1042,9.9721,7.2035
1043,-8.5141,-1.6395
1044,-6.7733,8.1546
1045,9.0999,8.0390
1046,6.0128,4.7719
1047,10.8950,-1.1555
1048,7.8912,7.1924
1049,8.6422,-4.8805
1050,7.1196,8.0085
1051,-6.4229,-5.3291
1052,7.1055,-1.4244
1053,-7.8923,7.3516
1054,7.0077,9.6331
1055,-5.0696,-6.8619
1056,4.4600,-6.1254
1057,-3.2885,-6.7736
1058,8.6447,7.5551
1059,9.7463,-7.7690
1060,5.6797,-2.2372
1061,11.1433,-4.3900
1062,-4.3032,-3.9173
1063,6.0586,-1.8193
1064,7.6260,-5.1352
1065,9.8581,6.1244
1066,10.2442,-1.9244
1067,-10.2726,-1.1114
1068,8.1175,6.9559
1069,-5.9757,-6.3053
1070,-8.9647,7.7547
1071,-8.7832,7.9384
1072,11.6678,-4.9331
1073,6.9526,-1.4886
1074,-7.4703,8.8473
1075,3.8414,7.5996
1076,-4.8892,-2.5209
1077,-0.1698,-7.2321
1078,8.3604,-8.1603
1079,9.0666,-8.5771
1080,8.2030,7.7520
1081,7.1993,8.7724
1082,-4.1943,-6.9314
1083,6.4267,-1.8834
1084,4.7422,-3.9294
1085,7.1452,7.2510
1086,11.3309,-3.6233
1087,-8.0629,7.4253
1088,4.1415,-4.1969
1089,-6.9867,6.6408
1090,0.0189,-4.0626
1091,-7.9255,5.7707
1092,-8.4664,8.9310
1093,-6.1625,8.7458
1094,7.1239,8.9623
1095,-8.0139,-1.1415
1096,11.7341,-3.4529
1097,8.6290,7.6002
1098,-6.8832,9.7829
1099,8.7259,-5.4102
1100,7.7296,5.0286
1101,8.1853,-5.3863
1102,7.5537,-1.5618
1103,-7.0369,-5.2721
1104,-4.5959,-2.0640
1105,-7.6450,8.3129
1106,-7.8667,-4.7703
1107,-6.9087,8.4575
1108,-8.4067,-3.4692
1109,-11.5743,-3.9794
1110,-4.6183,-6.9902
1111,-9.0844,8.5260
1112,-5.3997,-6.7459
1113,7.6385,-5.9695
1114,10.2569,-2.9447
1115,8.0845,10.1194
1116,9.4975,9.4097
1117,9.2751,-1.5813
1118,6.6386,9.9820
1119,-5.4811,-6.7648
1120,-1.7793,-6.9237
1121,-5.9738,-6.4069
1122,10.6111,-7.4042
1123,8.4687,6.5819
1124,6.3885,-1.7808
1125,-4.6330,-3.8516
1126,7.7520,-5.4955
1127,-5.4325,-2.0399
1128,6.9748,5.8928
1129,-8.1903,8.3847
1130,-2.1482,-6.3558
1131,6.2305,8.5635
1132,-6.5007,7.3538
1133,9.4646,9.8557
1134,-5.2420,-7.1606
1135,-5.6312,-6.7772
1136,-8.1374,8.9892
1137,8.6169,9.6338
1138,-7.6403,-4.6915
1139,-7.1964,-5.2375
1140,-9.2263,7.4820
1141,8.5430,12.0355
1142,-1.7127,-6.4662
1143,4.4888,7.6764
1144,-7.4232,-5.2116
1145,-7.6878,-3.6218
1146,-4.5651,-2.7827
1147,4.7019,-3.3880
1148,7.5063,4.6723
1149,-8.4927,-4.2467
1150,-7.5735,8.7581
1151,-9.7184,-1.7917
1152,-2.8012,-6.7706
1153,-9.4778,7.1869
1154,9.5003,8.5550
1155,-11.6230,-3.6222
1156,8.6746,-4.7745
1157,3.4449,7.8475
1158,9.1400,9.0304
1159,-6.1856,-6.5652
1160,10.8207,-2.8206
1161,8.3368,-5.2675
1162,0.1717,-3.8507
1163,7.8307,-5.0393
1164,10.4790,-2.6203
1165,10.0646,9.6950
1166,7.0789,9.3332
1167,-7.8171,10.0718
1168,-5.8862,-1.4059
1169,-3.3378,-7.0933
1170,-11.6680,-3.8444
1171,11.4099,-5.4743
1172,-7.6768,7.9693
1173,-4.7636,-3.2199
1174,-8.3038,-3.1040
1175,10.0082,10.4260
1176,-0.5357,-3.5811
1177,7.2612,9.8144
1178,-7.2231,7.4631
1179,9.1257,8.1419
1180,11.5704,-5.2315
1181,11.1095,-3.9759
1182,10.8047,-6.4672
1183,-8.0683,8.3923
1184,-0.8170,-5.3564
1185,-7.3528,7.2152
1186,4.1441,-8.8034
1187,8.0229,-4.5480
1188,-9.1462,7.9089
1189,-8.8037,-1.6080
1190,6.2167,6.9875
1191,8.2347,-5.2279
1192,-8.5428,7.4616
1193,8.5368,8.5925
1194,12.6568,5.3604
1195,8.3422,-5.4150
1196,-8.5358,8.0737
1197,8.0475,10.7786
1198,-6.4740,-5.7576
1199,-0.7533,-4.7839
1200,-8.8965,7.7715
1201,-7.8887,8.7301
1202,8.2626,-8.5711
1203,9.6610,8.3832
1204,10.7126,-6.5535
1205,6.8957,7.8141
1206,-7.8707,8.9880
1207,8.6288,9.7709
1208,7.1870,-4.8978
1209,-0.4202,-4.1565
1210,-7.8267,7.5045
1211,-7.2951,8.1053
1212,4.4573,8.7288
1213,10.6483,-7.0957
1214,-8.2300,9.3428
1215,-6.4541,-1.2036
1216,9.6329,8.0492
1217,8.9868,-8.5806
1218,4.7437,-6.5167
1219,5.8569,9.5280
1220,7.9237,9.4384
1221,-9.5196,-1.1236
1222,5.1962,-2.9441
1223,-5.8909,8.4535
1224,7.4584,7.6085
1225,8.0048,8.3933
1226,-5.6465,-1.6894
1227,9.6271,8.0625
1228,-8.4289,10.0306
1229,11.4009,-3.9707
1230,-10.7431,-1.9272
1231,5.2361,-2.9991
1232,-5.4777,-1.7749
1233,7.5802,-5.2591
1234,8.0009,6.0143
1235,5.9354,-8.3619
1236,-0.2902,-3.2849
1237,-4.2592,-4.0094
1238,-8.4880,8.8934
1239,8.8648,7.4404
1240,6.6447,6.8050
1241,10.1464,4.9075
1242,-8.5102,7.9167
1243,-1.6806,-6.4459
1244,-7.4441,8.3825
1245,10.7067,-3.0078
1246,-8.8156,8.1828
1247,7.2996,7.4740
1248,-9.5748,-1.0424
1249,-5.4738,-1.4616
1250,7.2013,-5.6545
1251,8.8653,-1.1938
1252,-3.1949,5.1602
1253,-3.8499,-6.9184
1254,-8.7365,7.9295
1255,-0.2048,-3.7645
1256,-1.0529,-5.9410
1257,-3.8046,-4.4474
1258,-8.0337,8.2069
1259,5.7474,-7.3421
1260,-8.3467,7.1725
1261,-5.4207,-1.5777
1262,7.0748,10.2073
1263,6.3787,-8.3344
1264,-9.1862,8.3543
1265,6.9603,6.6243
1266,9.3851,10.7452
1267,-10.4216,-2.1615
1268,7.4458,8.3451
1269,-6.4305,8.2775
1270,-6.8143,6.4987
1271,6.7535,6.2901
1272,10.8717,-7.7346
1273,9.0745,-8.4575
1274,-7.9423,9.1041
1275,5.3653,-6.3989
1276,-10.4559,-2.0637
1277,-9.9667,7.9088
1278,-7.9129,6.6652
1279,-4.4471,-3.5245
1280,5.5703,9.0898
1281,-9.9043,8.9789
1282,-3.9509,-4.0794
1283,8.2916,-4.2422
1284,-4.1330,-3.3587
1285,10.7240,-2.6413
1286,-6.4137,-1.2261
1287,-5.6732,-1.1440
1288,7.4709,-1.4219
1289,4.8084,-5.6433
1290,4.4284,-5.9610
