Feature_0,Feature_1,Feature_2,Feature_3,Feature_4,Feature_5,Feature_6,Feature_7,Feature_8,Feature_9,Feature_10,Feature_11
-1.054266,-2.29624,-2.459637,-1.874818,2.63638,-2.269898,4.827108,-2.185177,1.93751,3.272413,-3.497244,-4.062711
2.639095,-3.826086,1.636696,-0.291402,-1.781908,3.441203,-4.013457,-3.026045,2.25385,-0.881871,-1.498044,4.225076
0.022883,0.194655,-1.05067,0.425139,1.66405,-0.392463,2.631261,-0.286825,3.595235,3.388625,3.206162,-2.365276
-1.599527,-3.617345,-3.438575,-2.449934,0.752997,-5.002587,3.276145,0.898836,1.868609,2.569622,1.17511,-0.577589
1.286312,-1.553566,-0.988465,-0.765493,-0.133875,-2.886042,4.009716,0.126832,-0.323238,2.854933,-0.602123,-3.845669
0.666584,-4.634012,-3.542458,2.474794,-0.474106,2.024553,-1.786737,1.701259,0.6654,-1.282388,-1.1547,3.78885
-2.194561,1.356978,-4.450428,-1.087494,2.003689,-2.715938,2.61496,0.862662,1.910036,3.997384,2.61842,-2.072122
0.557318,-4.489573,1.978942,1.922453,1.664106,3.152178,-2.975405,-1.48861,5.302383,-0.461194,-2.842964,-0.930689
5.328836,3.154974,3.128058,-0.7073,-3.28532,0.184908,-0.563144,-2.277254,3.818286,2.748963,1.938663,-0.199959
-1.668437,-2.490853,-1.04652,4.501365,3.911659,-1.728834,1.528631,-0.961529,-1.757485,-4.22664,3.484365,-0.802054
3.984645,3.453046,1.044179,-1.528055,1.486552,3.063696,0.541648,-2.344447,-1.347871,1.318926,-0.967878,1.413989
0.420653,-4.331989,2.685096,1.281908,-1.397411,3.422794,-2.645546,-0.87943,1.660766,-1.744794,-1.37744,0.289501
-0.86983,-1.889023,-1.077572,3.451317,3.120874,3.040834,-2.363409,0.471715,2.708155,-3.756427,-4.90955,0.724087
3.235687,1.286342,-2.455089,-3.212273,2.19501,-4.845405,3.550273,-2.842663,1.579681,3.196457,2.097437,-1.149799
-2.928798,-2.467132,-0.628927,2.6844,-3.188454,3.043065,-5.625455,-2.618674,1.679214,-1.516442,0.595026,2.012636
0.653651,-3.270083,-3.568608,-2.08742,2.061079,-3.294849,2.76043,-0.605177,-0.927749,0.5273,4.184093,-3.023709
-0.990134,-2.959403,-2.37433,-1.492419,3.93399,-2.630103,1.706554,2.224852,0.984495,2.273583,2.513631,-2.23045
-0.172808,-2.026213,-3.721828,-1.52843,2.007414,-0.359933,2.988869,-0.004381,0.943799,3.3506,1.31002,-5.214685
-2.566952,-0.112743,-2.858957,3.341691,3.847225,0.173638,-1.751267,2.549278,-2.571855,2.601163,3.946344,1.421505
-1.799268,0.86062,-1.153634,-0.038472,4.213757,-3.484105,1.054885,0.988814,-3.667187,0.652466,1.549796,0.790697
-3.029718,-0.1428,-3.935949,1.223194,2.683025,-1.357128,2.342641,-0.743079,-4.803861,-2.423545,2.132469,-1.135944
1.138342,-3.383122,-3.711623,-0.930473,2.129718,-3.710503,-1.103006,-0.534515,-1.676835,1.275082,2.589332,-3.111486
-0.891423,-2.418256,-4.073516,-2.82505,2.213133,-3.882816,1.308107,-1.062982,4.049419,1.780252,-1.205647,-1.23168
2.465797,-3.859018,4.478262,-1.026577,-0.351505,3.345331,-2.497707,3.692533,5.184263,-2.679248,-0.768312,3.289472
-2.668471,-0.050231,-3.341393,4.166374,3.423259,-2.515759,-1.435635,2.21614,-3.102722,-1.4631,1.191505,-1.279216
0.080133,-0.068249,1.872077,2.534864,1.792634,5.090178,-4.083311,0.867173,3.386076,-1.273915,-1.470955,0.8718
-0.330528,0.45706,0.870271,2.658662,4.562564,-0.308037,-0.485704,2.262334,-1.700422,-1.918844,-1.314898,-1.748506
2.569237,4.987858,1.526803,-2.167401,-2.324615,-0.282257,0.838506,-3.143882,0.618382,1.558642,-0.928041,1.369143
-1.136478,1.339418,-2.46753,2.534016,2.468585,-1.375935,-2.384064,4.342936,-3.134906,-1.126497,1.390492,-2.10774
-2.342369,-1.069595,-2.541076,4.917994,2.095304,0.522344,0.206116,2.490316,-1.224509,-1.779899,2.780067,-2.364129
-2.392789,-0.306223,-1.239211,0.685636,0.233977,-1.687335,1.343264,0.943359,-2.815724,4.924397,2.332415,-3.436637
-0.383599,1.798013,-1.170297,-1.818542,3.154384,-1.071149,1.788574,1.290171,-2.426358,-2.402716,2.487262,0.048163
-0.54242,-1.846757,-3.631245,1.097666,-0.104441,1.191313,-4.197579,2.606333,1.315517,-3.626431,-0.418401,1.049229
-0.957803,-3.827448,-2.535799,-3.299958,2.606099,-1.076405,-0.894243,-0.218764,-0.858474,3.772765,1.849637,-2.089098
-2.21812,0.334457,1.631847,0.858511,-1.435245,1.424007,-0.884347,-1.611653,0.598261,0.486531,-3.570098,0.522687
-1.317477,-2.29738,-3.985349,-0.910615,1.035919,-1.536029,0.68646,-3.117445,2.732911,1.989931,3.571928,-1.607918
-1.174877,-0.210393,-3.269087,-2.853517,-2.016754,-2.466847,1.171882,-0.447656,1.950875,4.658836,-2.185324,-2.060191
2.542614,5.768783,3.055339,-0.884837,-3.304956,0.903659,1.58362,-0.679161,1.150303,1.038308,0.874154,-1.02197
-1.134248,-1.364425,-1.791584,0.019093,1.379737,-0.656485,0.397452,5.959885,-5.428209,1.019304,1.377918,1.305092
-2.87652,0.67097,-1.430014,1.797603,2.544551,-0.096866,0.958286,3.650207,-3.804337,-1.405062,1.765572,-1.649011
-2.119965,-3.149277,-2.707062,-1.994055,-1.407645,-2.643611,2.867756,-0.169241,0.80533,4.121392,1.108361,-1.924487
4.767992,1.901617,3.026987,0.756376,-2.927826,0.106687,-0.800655,0.585074,1.246572,0.723398,-4.205023,-0.869413
-2.04127,-2.724154,-0.010589,-0.888816,0.047257,4.508076,-2.440055,4.033808,3.761537,-3.642827,-1.782477,0.431926
1.90991,-1.390122,3.334091,1.848713,-1.108911,2.791129,-2.419031,0.825893,3.566831,-1.809294,-1.479259,2.847143
-3.061989,2.706073,-1.686983,1.797697,1.380518,-3.305694,-0.230663,2.955758,-1.782622,-1.491297,-0.116331,-1.236905
2.290489,2.246095,4.094905,0.297939,-0.08924,-2.854443,-0.668224,-0.145822,-1.736094,0.776748,1.372595,-0.939404
-3.011019,2.475327,-1.124356,1.01695,2.472068,-1.559379,0.316884,4.209035,2.695438,0.084096,1.521818,-1.938759
-3.272693,0.609291,-1.705937,3.554725,4.463912,-3.561231,1.925515,2.196244,-1.870974,-1.487202,0.098265,-2.249365
-3.678009,1.416821,-0.135647,-0.443648,-0.925426,-1.190434,5.019799,2.229488,-0.055743,1.887748,4.414155,-3.722947
0.784395,0.894945,2.670777,-3.388,-1.287053,3.002108,3.090421,-1.500609,-1.189993,3.304883,-2.026579,1.244626
2.414812,-1.500796,-0.992185,1.509325,-3.28163,2.474488,-2.419342,0.081654,6.374522,-2.426729,-1.366187,2.958635
-3.831456,-1.217543,-1.446273,3.821786,2.273454,1.187423,-0.81212,2.271095,-2.237084,-0.822166,3.048551,-0.680373
-2.879535,-1.140607,-3.134522,-2.548619,-0.141026,-1.266508,2.338619,0.234114,1.869254,2.061109,2.642552,-3.23213
-2.069551,-0.311426,-1.586792,4.523515,-1.668047,1.704739,-0.952916,3.769174,-1.278461,-0.941585,0.222396,-2.654022
-3.168946,1.850194,-1.518809,3.813261,4.564908,-1.313799,1.271556,3.343504,-4.117775,-1.613621,2.616944,0.228066
-1.738929,0.673404,-1.779747,4.190178,2.528367,-1.929817,-1.190638,2.874939,-1.433585,0.317261,0.863454,-2.497646
2.044291,-0.0001,-1.591232,-1.728883,-4.736921,-0.208828,1.660658,-3.00382,1.13532,2.678236,1.94948,-0.139555
0.205486,-0.144573,-0.245105,-1.382147,-1.966412,0.928092,-0.069591,-1.821067,-0.591156,-3.285579,-2.182393,1.063295
2.920344,2.185269,1.987114,-2.100069,-0.584389,-0.20364,-0.319514,-3.428158,1.236676,0.072095,-1.13924,2.992633
1.961936,4.534623,2.657078,-0.638274,-1.636941,2.595629,1.495962,-1.809293,-0.794116,1.193767,-1.284745,2.245014
6.464433,3.22882,2.02984,0.522752,-1.179369,-0.969102,0.218076,-0.973692,-0.497913,1.305934,4.096273,-2.231095
-3.216505,4.025514,1.66437,5.463984,2.57906,-3.040453,-0.566701,0.213103,-0.95628,-0.946227,-0.250237,-1.161679
2.379026,1.89447,0.528007,2.179125,-0.885027,-0.219043,-0.060266,1.437989,0.903308,3.97472,-2.352166,2.749191
-0.049572,-2.888132,2.208363,1.848052,-0.466709,3.478833,-5.598825,2.964797,1.128122,-3.415672,-0.791557,3.050514
0.061157,-0.889454,-2.71089,3.245636,3.598419,-1.626927,-1.246308,-0.389572,-1.005984,-0.836446,-3.083759,-1.98592
-0.504201,-2.000773,-0.206591,0.756212,-2.177981,1.691451,-4.942053,0.624606,2.987767,-0.354287,-1.377262,2.103664
-0.196358,-1.014841,-2.645758,-1.832011,0.608875,-1.427024,1.069927,1.823245,1.060011,1.980654,-1.113121,-1.664251
0.185535,-0.064163,-0.608486,-1.34146,0.351842,-1.441093,0.009387,-1.127118,2.314018,4.813901,0.070071,-7.66314
-1.843782,1.118124,-2.575512,1.801024,2.384952,-1.39992,-1.100605,0.013135,-2.922699,-1.055571,1.98145,-1.258949
-3.695776,0.597718,-0.297824,4.119797,1.611348,-0.167946,-1.516967,4.27282,-2.187657,-0.645729,2.743656,0.339454
-0.27904,-2.894062,4.056439,1.229702,-0.323864,0.291447,-5.5933,2.371206,2.437579,-0.690277,-1.895027,2.548826
1.627864,3.077519,5.136574,-3.803876,-2.077219,1.043843,1.868832,-1.556178,1.72027,0.609936,0.716514,4.567222
1.734603,2.912855,4.015703,-0.879301,-1.724117,-1.345163,1.789582,-1.384419,-1.023939,3.642235,0.838936,0.178363
1.562702,0.885114,2.138472,0.448346,-2.19668,1.016421,3.967485,-0.012291,3.468761,3.484245,1.583547,0.310017
2.767361,4.409166,3.915379,-1.580829,-2.563705,-2.596214,0.926049,-1.862744,0.834023,2.06099,-4.067667,2.47493
-2.530476,-0.110276,-3.641715,-5.40388,2.771803,-0.211349,3.349714,-0.652128,1.651907,2.584455,-1.770441,-4.91673
0.896838,-4.646333,0.430726,1.792624,-0.433549,3.714276,-3.687419,1.428368,2.730726,0.430818,-4.587273,1.314954
-1.144162,-1.494144,-2.355107,-1.704637,0.713941,-2.812614,1.577971,0.300332,3.005321,3.811699,0.101303,-2.499835
-2.03559,-0.603472,-5.5944,2.790256,3.919897,-1.010141,1.299426,0.057762,-0.964214,-2.233065,2.544518,0.125472
-0.324252,1.622828,2.963631,-3.337871,-4.959647,1.666607,0.937668,-2.498211,1.695184,-0.293909,-0.563945,0.284155
-4.043189,-2.371506,-0.158771,4.163369,2.603591,-0.122176,-0.767628,3.773219,-5.254028,-2.241227,1.194777,-1.786344
3.901857,-2.296926,1.887721,2.514185,-1.497729,3.318535,-4.157118,2.877159,-0.152779,-3.330553,-0.355448,-0.058199
5.767349,2.050895,2.906908,-1.415845,-1.785342,1.334203,-1.381417,-1.612861,-2.208065,1.852818,0.908483,2.276453
2.352386,-4.486069,0.933015,0.380581,-0.16157,1.326325,-1.565559,0.449214,2.453377,-0.943873,-3.904187,1.935966
4.045854,1.825228,1.986522,0.711604,-3.191145,-1.374651,1.025255,-3.989744,1.025678,2.287469,-1.644048,-2.078714
-0.606608,-3.108075,0.224069,2.771274,0.77617,2.983844,-2.139494,1.898434,4.064686,-1.062563,-3.141156,2.806766
1.009468,-3.709876,0.267725,1.69154,-3.800149,-0.069311,-3.342895,1.405364,3.896716,-2.169962,-1.834675,3.061642
0.39377,2.159982,-2.261471,5.791497,1.924143,3.214477,1.510275,1.376404,-1.979064,-1.270895,1.879983,-1.360792
-0.60851,3.894323,-0.204031,1.729038,0.800624,-1.548535,-0.462012,3.696631,-1.409552,-1.390041,1.029887,-0.796514
0.799986,0.865643,2.558566,-2.550237,-2.702311,1.158342,-0.029091,0.405014,1.525878,3.672648,1.404735,2.413061
1.11182,-1.78543,-1.792076,3.195457,2.616218,3.129478,-0.779855,0.546253,2.745814,-2.537215,-1.564578,4.826195
-2.499674,3.102498,-2.455469,3.305791,5.46972,-1.613283,2.605915,4.172429,-2.901266,0.465033,2.916034,-4.691242
1.358169,3.022816,1.641656,-0.079051,-3.696037,1.501148,3.818796,-0.914185,0.710306,2.671056,0.78016,1.270417
3.332831,2.636562,-0.248691,-2.150418,-2.856427,-0.035136,-0.208418,-0.625732,-1.478528,0.034064,-0.608014,-0.236722
-0.811895,-0.432173,-3.536044,-1.523347,2.058508,-1.582106,2.384972,-0.495771,0.440165,0.94506,3.973316,-3.641588
-0.71092,-1.195159,-4.53444,0.601114,1.355849,-0.357544,-0.423737,2.282872,-4.755059,-3.179545,1.238754,-0.394096
-3.330254,-0.591386,-0.399901,5.228206,0.681297,1.122399,1.861436,3.556779,-3.550368,-0.474418,0.029649,0.635172
-2.180724,0.058048,-3.342708,-1.151924,-0.408837,-2.685591,4.579613,-0.380704,1.354276,1.744464,2.377112,-2.788328
-1.559891,-0.021607,-3.953531,-2.825242,1.318048,-1.689334,1.095646,-3.831804,-2.499524,2.752112,1.560024,-2.052124
1.96324,-3.725169,2.951311,-1.300122,0.107553,1.422767,-2.982057,-0.635445,1.88834,-3.672337,-2.041323,4.113132
2.113034,3.439856,2.507042,-3.328409,-3.027425,2.066744,-0.878824,-4.20446,0.781947,4.40311,0.947944,1.500809
-0.259458,-3.566311,1.476071,1.288149,0.332305,3.438324,-2.62789,0.464181,3.561553,-0.122203,-1.972804,-1.712745
-4.666895,1.886867,-2.750556,3.714878,-1.21846,-1.494633,-0.882599,2.212572,-0.87205,0.62554,0.442034,-2.071097
-0.686185,0.620603,-3.152722,-3.010565,-0.626645,-3.379949,-0.822709,0.728225,-1.650778,4.926603,2.776429,-2.332816
-5.148975,-0.784503,-0.173079,2.013506,2.392639,0.183544,2.018935,1.403826,-1.331156,1.886362,1.956432,0.630617
0.40678,-2.823412,0.409475,-0.353347,0.69813,4.73022,-2.524174,0.961548,1.689223,-6.723809,-2.968184,-0.36916
0.56497,-3.163529,1.75959,1.375067,-3.290155,2.714108,-4.6255,0.310879,2.322029,-0.166322,-3.303695,1.348561
-0.110363,-2.90064,-1.835935,2.118486,-1.205287,6.017175,-0.948164,-1.029259,1.175103,-0.425858,-1.200987,1.13932
-2.307229,-3.229117,0.792735,2.660261,0.821594,1.372425,-3.159664,-0.461693,2.250207,-0.845876,-2.666716,3.784827
-0.991501,-4.046933,-3.047738,-3.672857,-1.174831,-1.898674,4.433338,1.035851,3.098678,1.365867,4.32832,-3.556023
-1.68008,-3.782093,-1.723771,1.498126,3.528141,-1.431315,3.626265,1.535922,-1.934286,-2.825789,1.98083,-2.74098
2.202771,2.282282,2.349332,-2.267184,-3.981862,-0.542066,1.521263,-6.10285,-0.98948,4.209325,-4.143566,2.021411
-1.525579,3.319314,-4.884988,-3.454521,6.028975,0.944285,2.558444,-0.700793,1.615078,5.038327,1.98159,-0.606193
-0.081814,-0.707383,1.888789,-0.177184,-1.441061,2.56455,-3.284339,1.614693,3.518566,1.240304,-1.360347,3.063289
0.580636,-2.659827,3.594362,0.487357,0.413348,4.335952,-3.699346,1.510494,3.226489,-2.326713,-2.617953,2.813398
3.490088,4.770709,6.128181,2.206693,-1.251644,1.03423,0.771906,-1.600826,-0.58826,1.238423,-1.896348,0.308576
-2.188772,1.226716,0.155926,2.124617,0.934654,0.420076,-0.32579,0.269064,-1.208388,-1.442414,-0.332613,0.374731
0.628893,2.25471,3.745938,-0.494185,-2.488077,0.690423,-1.622311,-4.350917,-0.045512,1.5483,2.112647,-0.324289
1.499882,-1.440604,1.934751,1.641157,-0.785547,1.076357,-0.679531,-1.177205,-0.605082,-0.057766,-3.721096,3.438708
-0.257213,2.537957,-0.454352,2.432011,-2.803519,0.614183,1.175457,-0.828523,-1.285797,2.283084,0.771325,-2.149705
1.238129,2.704177,4.290798,-2.661244,0.095361,0.721156,-0.152437,-2.453453,0.216519,2.277979,1.747141,2.5418
1.977767,-1.344181,0.384873,0.857767,2.477416,2.344082,-3.850976,-0.616849,5.651463,-0.092747,-3.594203,1.339276
1.043455,-3.036688,1.782115,0.531434,-0.421814,2.37843,-1.769026,1.697278,0.444009,-1.392922,-2.765315,4.457759
-4.307461,-1.998092,-1.854679,-1.058757,0.297506,-2.893844,3.195472,1.524925,2.304421,1.609766,3.082393,-1.389718
0.595532,1.299339,-0.596172,-2.395138,-3.192002,-1.481232,1.335327,0.880161,2.026669,0.284056,1.377827,5.135788
-2.668516,0.691551,-1.540857,3.896352,3.728766,-1.552425,-2.759185,-0.654161,-0.32155,-0.030361,2.225962,-1.942331
-3.032608,-1.980713,-2.298507,-2.210476,2.33917,-2.877332,-0.006986,-0.122685,3.230279,4.37638,2.213948,-2.470749
4.199871,4.069457,1.259638,-1.781534,-2.684969,0.065438,2.910414,-1.988723,0.561648,3.256955,1.804807,0.129637
7.49593,3.983913,2.948867,-2.079309,-2.213392,0.961987,0.331567,-2.072797,-1.197729,1.903347,-0.73013,-0.041528
1.674695,-1.490981,2.557254,-2.368249,-1.525042,2.542617,-2.381142,1.524947,1.429868,-0.079154,-3.537646,2.567248
-4.128012,2.164486,-1.452657,1.647133,1.213981,0.96086,2.115762,4.15424,-3.672073,-2.334195,-1.777602,-0.697461
-0.156657,0.112935,-1.494945,5.19417,3.170504,-1.366666,-2.889345,1.282379,-0.231487,-1.288689,2.160935,0.401614
-2.154477,1.426181,-3.422342,3.968595,5.080605,0.312606,0.11918,1.80374,-3.597825,0.712755,3.546928,-0.835296
-2.561311,-1.804465,-2.361377,-2.836248,0.782296,-2.658678,1.355983,1.208932,-1.624136,2.373661,3.138032,-2.398568
3.476329,1.465075,4.067948,-1.573599,-1.679992,0.88425,0.140718,-3.619653,0.560559,-0.03958,0.23994,1.1299
2.05247,-1.572125,0.242259,1.870893,-1.555412,2.6017,-2.73067,-3.154029,3.493773,-2.175715,0.182081,2.391011
0.63318,-0.72513,-0.173304,1.863382,-3.147428,2.680655,-2.290351,-3.432528,4.540099,-3.778998,-2.146355,3.623888
0.775512,-3.071206,-0.266195,-0.670079,-1.013612,3.306491,-1.470617,-0.054344,2.344983,-1.601519,-2.714822,1.689299
0.114668,-0.628551,-2.82264,3.583715,3.254695,-1.78049,1.381983,2.305903,-1.864184,1.536076,3.460946,-3.164351
-2.331007,0.1031,-3.201559,-0.594357,-1.772879,-1.18825,5.52677,1.453231,-1.357839,3.630216,2.53758,-5.204559
-1.350257,4.043683,0.234979,3.999584,-0.612713,-1.850348,0.035355,3.006217,-0.578836,-3.865239,2.185836,-1.772345
-0.981729,-1.222314,-3.529527,-3.074336,1.088634,-0.763185,1.750275,-4.126793,0.121451,-0.546003,1.865996,-0.368552
1.210644,0.114112,-0.43394,-1.289514,-1.701322,2.786769,-3.946467,3.341562,3.32954,-4.688645,0.694711,1.789145
-3.104906,-1.319679,-4.036214,0.402263,3.352491,-1.589542,2.079606,-2.254583,1.645797,2.440315,2.009867,-5.152737
2.473879,-1.769731,5.683384,0.510174,-3.169352,0.537806,1.722085,-2.742209,2.382251,2.257327,1.807193,1.160553
-0.871733,-2.794165,0.522847,0.870072,-1.270372,0.705234,-0.888948,0.666935,1.72603,-1.767104,-3.345593,2.728609
-0.98266,-0.83371,-1.746192,-2.18322,-1.318268,5.945538,-5.285578,-1.380738,2.768243,0.799274,0.059879,1.36639
0.181495,-1.877482,-3.27791,-3.683071,2.214072,-1.915758,3.476421,0.52333,2.980775,2.853713,3.717495,-0.800786
1.426856,3.249771,0.873211,-0.414083,-0.454511,0.845285,0.566832,-1.696668,-0.91963,0.275742,-2.187973,0.20473
-2.021257,-0.366073,-2.326926,1.556534,1.481726,-1.291695,-0.018672,1.47124,-0.432214,0.009396,5.148153,-0.844675
7.618812,3.740595,3.905439,1.810601,-2.583772,-0.179649,-1.71163,0.379407,-0.311116,2.768842,-0.198836,0.178613
1.567569,0.317898,0.792119,2.399273,-2.709815,5.764755,-4.293568,-1.623165,4.617627,-0.479572,-0.411069,0.0454
-2.669934,1.348175,0.167587,1.114548,0.650263,-0.869815,2.106614,4.190988,-1.383672,-2.924709,1.898103,-1.648168
0.606211,-0.552202,3.138169,1.862919,-3.562718,5.027902,-1.334434,-0.406522,2.209354,-2.37872,-3.63048,-0.898037
-1.810236,-0.852518,-5.634535,-3.084809,3.103821,-1.803507,2.105715,-0.249775,5.344729,2.044134,3.000875,-3.732211
-2.872388,-0.552042,-0.800836,-2.180945,3.404187,-3.855034,2.047364,-2.997909,0.386545,1.798504,-0.826215,-2.075816
5.459306,0.286927,1.047723,-0.83658,-3.141651,-0.143636,1.467326,0.753072,-1.082457,2.790828,-0.564865,-0.211517
4.27053,2.959139,4.705336,2.061897,0.134401,-1.511539,-2.511092,-1.104339,0.542518,1.092841,-0.449544,4.411066
-4.275466,0.331761,-1.64892,2.193244,3.063677,-1.833867,-1.598661,1.814894,-2.155838,2.855415,2.196352,-1.174001
-1.027007,-1.217983,-1.14579,-3.504753,1.179198,0.144902,5.381045,-3.184948,2.360398,2.813815,-0.089707,-2.919357
2.038824,2.253416,2.158967,-3.08819,-1.917673,-0.676755,-0.239751,-2.779441,-0.937712,4.309167,0.467252,2.807785
-0.55333,2.828758,-1.911017,2.550244,1.143126,0.672626,-3.270187,2.513294,-4.376271,1.041294,3.773378,0.391451
2.411346,2.440112,1.893444,-2.408059,-5.389905,0.238444,3.134996,-1.01341,-1.895169,2.899215,-0.733595,1.209486
-3.924282,3.278283,0.268431,1.598106,3.014657,-0.071607,1.03962,-2.031846,-3.817703,-1.70214,1.669379,-1.65909
-3.149191,-0.571688,-2.803127,-1.356555,-2.183511,-0.644765,3.002725,0.616966,1.471688,3.03515,2.313449,-0.152374
-1.716387,1.258048,-4.910036,-2.848104,0.11281,-3.811795,1.783613,-0.018574,0.218543,-0.142663,1.949263,-1.66713
4.920499,3.884844,1.991165,-2.63536,-1.626516,1.26968,1.171829,-1.880582,-1.613786,1.548445,0.475994,-0.773733
0.096692,-0.961811,3.284842,0.518589,1.764214,2.499201,0.086718,-1.170252,0.785371,-2.651396,-1.029133,-1.715142
-0.290336,-1.861245,-2.782435,2.89696,1.641356,-1.854219,3.601672,-0.853963,-1.553307,0.917732,0.315866,-0.348774
2.348401,-1.003718,-0.023649,0.536583,-0.322212,2.775687,-2.583134,0.820025,-0.167684,-0.610943,-3.406151,1.756721
-2.503002,0.396804,-3.313629,-2.75638,2.076588,-4.524626,1.750805,-1.1899,2.262294,1.14992,2.982878,-4.351535
-0.0471,-1.386935,-2.350702,-2.058517,1.370537,-4.761115,2.558278,-0.581888,1.327252,4.491895,3.02026,-2.649504
-1.449438,0.198665,-3.800813,-0.875517,1.804442,1.583672,2.9143,-0.947853,0.343117,1.983255,1.274215,-3.367579
0.467442,-2.661791,0.858441,1.693755,-0.378502,4.657958,0.169413,0.759417,2.219034,-1.40235,-1.763016,6.589928
-0.739544,-0.401745,-6.588233,-2.187285,-0.636556,-1.10662,-0.771674,0.0238,-0.346051,5.875575,2.111536,-1.783054
0.366045,-0.255973,2.013617,0.826473,2.279538,2.927002,-1.676237,3.130105,3.013739,-2.995335,-1.757545,1.348369
-2.97631,-0.01472,-3.417429,-1.842318,2.968714,-4.021025,4.11099,1.120477,2.004199,0.542432,-0.245879,-3.434696
1.957507,0.784447,3.436096,-1.149363,-1.901548,-0.582427,0.238005,-4.249477,-2.45306,0.646185,-1.273739,1.308219
-1.283634,0.899113,0.387228,1.146825,2.498498,-2.240317,1.444525,-0.038235,-3.218765,-0.11568,2.407239,-0.127338
1.604784,-0.162645,4.445252,-0.077045,-1.242443,2.595156,2.122975,-3.706888,-1.704033,1.600779,0.991248,0.775103
0.820923,-1.058328,3.951572,-0.709899,-2.07731,4.435993,-4.587238,-0.577219,4.184213,-4.556043,-0.939269,2.243196
2.468539,-3.087767,2.23132,2.259825,0.347584,3.631064,-0.750379,1.064656,-0.666208,0.543156,-1.193832,0.993775
0.065336,-2.939216,-1.181833,-1.559023,-1.509199,1.815456,0.813699,0.188219,2.161435,0.389045,-1.48864,2.065875
3.010441,1.898777,1.665682,-2.405348,-3.62855,1.632834,2.47422,-3.8066,0.615962,0.924214,2.886473,3.676344
2.95259,-0.583372,1.539179,-2.097412,-4.493377,-2.429939,-0.541093,-0.834592,1.180315,4.028447,1.941208,0.289958
3.345266,-0.724815,4.533161,-1.483375,-2.158739,-0.215363,-1.261424,-3.574733,4.510908,-0.210201,0.904936,1.891017
1.534301,-4.645186,1.272419,-1.084128,-2.009382,3.185166,-1.927868,-1.041465,2.369639,1.021307,-1.158,1.36038
0.428958,1.706584,-2.933205,5.525582,-0.303579,-0.754142,-1.300697,4.571843,-5.058092,-3.224906,5.095818,-1.155166
-4.0855,-3.076413,-2.893178,-0.56068,0.814741,0.090178,2.314552,0.398936,0.759614,4.333592,2.826021,-1.803493
5.077661,0.895854,-0.162465,1.017141,-1.725412,2.252988,-1.244024,-0.452291,3.197242,-1.492077,-3.444443,4.613236
0.654981,0.113647,-1.924367,1.509365,2.555368,-2.800733,1.41424,1.247649,-4.507648,-1.791029,4.820179,-2.505061
2.416295,4.419383,1.480377,-0.078681,-2.464686,-0.313546,1.211177,-4.224388,1.540788,3.402329,-1.191138,0.586754
-1.172572,-2.278856,1.39577,1.156228,2.12895,4.845534,-5.444666,1.092585,2.404398,-1.057156,-6.748886,0.558138
-1.207597,0.9683,1.120587,3.682027,1.224803,-4.282556,-1.618028,1.705358,-2.46447,-0.881595,1.241623,-0.446064
-0.501229,0.325567,-4.073586,-3.532187,1.57022,-0.605688,2.976376,-1.166547,0.070325,2.654809,-0.560897,-5.763071
-3.429206,1.302446,-2.055086,3.944993,3.121083,-1.568076,-0.15173,2.593627,-0.071097,-1.587212,1.560283,0.078355
-2.530461,1.888783,-1.332266,1.783697,4.199432,0.423328,2.173122,3.590843,-3.087576,1.004469,0.837644,0.374373
2.596461,5.692638,3.206445,0.302323,-1.246299,-0.133279,1.278605,2.485869,-0.278681,2.718252,0.656719,-1.693131
-3.831404,1.414553,-1.184769,0.93561,-0.282656,-3.917657,-0.927194,0.557839,-2.611622,-2.022998,4.276274,1.149183
0.399219,-2.556162,2.899242,3.391901,1.417832,0.10198,-1.43092,-1.485839,3.938136,-3.517592,-2.71149,3.470499
-0.206766,-1.292616,2.101529,1.973342,0.490833,2.239635,-0.313186,0.552769,1.803962,-0.946061,-3.656092,6.523497
-1.788519,-0.568218,-2.981955,-3.467538,2.344672,-2.3678,2.014164,-2.260549,0.592612,1.329028,-1.63542,-0.224812
0.445512,-2.622637,-3.01716,1.362038,3.545156,-1.118209,0.557884,0.928241,-3.401297,-0.442292,0.303678,-3.542129
3.079997,0.993046,3.329133,0.071484,-1.730432,-0.945575,0.935269,-2.518175,-2.4326,2.972403,-3.076543,-0.014085
-1.180705,2.127054,-0.832589,3.883535,3.724187,-1.51442,-0.690882,2.405227,-1.490969,-0.072534,0.807439,-3.586228
-2.335176,-2.270774,-0.409807,-0.66568,-2.673693,-4.372033,3.319909,-2.342398,2.0559,0.962216,3.698984,-1.677211
1.40433,1.917458,-3.812174,1.3936,0.637891,0.335938,-1.701589,0.740312,-1.5693,-0.536483,-0.231676,-2.782854
-4.004981,-1.334517,-2.274236,-2.423162,3.690208,2.267762,3.0873,-1.132261,3.089492,3.539045,0.884456,-1.870009
-0.815911,-0.465181,-0.317673,-0.763661,-0.521276,2.521833,-2.960451,0.702062,1.473398,-2.572108,-0.221265,3.129647
2.916309,0.770844,0.609917,-0.123614,-1.853568,3.529101,1.424553,-2.812683,0.233416,2.440517,-1.819,1.836995
4.519972,3.232662,1.680623,-1.768793,0.504878,-0.875624,-0.118302,-0.816022,-0.939967,1.897147,-0.992848,-0.772254
-2.49456,-0.430014,-3.193246,3.305512,1.880296,1.024773,1.357186,1.035879,-4.708871,0.338421,2.142114,-2.414084
-1.406846,-1.512719,-0.560633,3.183942,3.051141,0.353348,1.637133,3.509775,-0.117102,-1.893246,0.227235,-2.996862
-0.765856,1.297409,0.100658,2.195342,-2.477185,3.763735,-0.919391,2.877439,2.426595,-0.72796,-2.15284,3.204914
-1.102035,-1.062469,1.116328,0.833297,0.991178,1.955801,-3.816137,-0.987931,1.604239,-2.437989,-3.5053,2.063779
-0.001772,-2.450153,-0.444702,1.671079,2.180707,-2.708635,0.653133,2.667392,-5.63976,-3.451616,1.613502,-2.823235
-2.124493,-3.310813,-2.732806,-3.911021,0.423571,-4.100181,2.893451,-0.999056,1.019155,1.154966,4.459936,-3.694199
-2.243612,-0.768609,-2.31103,4.050238,0.858623,-1.92717,-2.723751,3.739956,-3.925237,-0.722579,0.724129,2.092697
1.070649,0.997074,-0.836032,-2.843058,-3.371114,-0.96926,0.91436,1.798398,-0.849748,1.26524,-0.99641,2.728232
3.569635,2.248573,5.433372,1.636321,-1.786652,-1.022849,1.30501,-2.867055,-0.186563,2.876466,-2.285244,0.014593
1.450549,0.086961,4.477566,-1.419529,-2.216159,-1.104464,-0.285427,-0.409233,-1.508699,4.53643,3.01955,-0.335211
-1.748369,0.248804,-3.981736,3.315045,1.11766,-1.207343,1.318207,1.309201,-4.333151,1.116195,0.603841,-3.181283
3.483283,-0.259861,-0.104478,0.54114,-1.242136,-0.266651,0.550111,1.664414,-0.239333,0.49431,1.314307,0.366838
-3.19464,-2.036202,-4.397278,-2.145703,0.436856,-3.218758,1.976657,-0.18052,0.010519,1.099604,1.749604,-0.849439
0.383007,-3.867298,0.016295,-0.251846,-0.658527,6.609141,-0.692357,2.779587,5.009883,0.479031,-1.039147,3.61888
-2.912099,-5.110316,-1.158005,-3.322041,-0.215456,-3.011766,4.124872,0.389013,2.54867,2.983643,3.592726,-1.094864
-0.1948,-0.510424,-0.078384,2.284255,3.104214,-0.452624,0.731503,1.368361,-1.568799,0.281559,0.304812,0.867039
0.815502,-0.107004,-0.724265,-2.098547,0.714552,3.621136,-3.022419,1.508089,1.949396,-0.832267,-3.15896,2.723288
4.318537,1.786923,2.235282,-0.39862,-2.935318,2.412505,-0.28337,-2.122314,2.02363,4.294234,0.829043,1.07092
-2.765272,3.391433,-1.295399,3.56593,1.276757,-1.105652,-1.455874,1.170907,-0.258933,-0.51622,0.386815,0.610479
3.381788,3.972998,2.61401,-2.427313,-0.06373,0.391877,2.284164,-0.555897,-2.254313,4.028253,1.911379,-1.748956
-1.787122,-1.203186,-2.045876,-1.098493,1.2433,-1.014178,1.85279,2.335578,-5.854543,0.551999,-0.491255,-1.350791
1.457899,1.371646,0.610601,-2.029596,-3.053311,3.972225,1.664627,-1.25754,0.516841,0.773867,0.339781,1.658049
-3.963931,3.781262,-1.620015,4.471324,5.191364,-1.488556,-2.833286,3.245166,-1.344392,0.547097,2.167542,-5.214927
4.791736,3.13159,0.449349,-1.933998,-0.690445,0.142894,0.699679,-1.322806,-0.487583,1.917902,0.412377,2.115818
-1.587541,1.371164,2.699287,-0.59831,2.993622,-2.093702,4.455572,-0.369753,4.864526,1.637739,2.565513,-1.043598
-1.83675,-0.95701,-1.898655,-1.73446,0.493956,-1.748108,5.655104,-1.97142,-2.395904,2.618309,3.414775,-3.882073
-0.78633,-3.323423,-3.077174,-2.888212,1.977077,-1.695401,2.51236,-0.438427,2.143679,4.586612,1.181592,-2.264497
2.276271,4.524378,-0.072368,-1.025867,-1.194253,4.288445,2.372548,-0.320806,-1.251824,3.495563,0.652333,3.518394
-3.446782,1.732951,0.254585,3.548725,1.339172,-3.07031,2.444456,-1.021374,-3.684276,0.982968,4.386933,-1.251164
-2.801186,2.191111,0.556819,2.878607,3.969625,-0.753135,-1.359039,2.5241,-4.176212,-2.544525,1.05321,-2.695441
0.865661,0.721355,2.986823,1.125137,-4.078484,2.206917,3.000836,-1.458078,0.11715,3.713403,-1.380321,1.188669
0.445673,0.803908,0.429116,3.94106,-1.301698,2.22018,-2.605627,0.699404,3.222181,-2.442729,-4.660088,1.937719
2.669568,2.280999,1.469334,-1.714911,-2.265663,2.171873,-0.241603,-0.316911,2.461354,4.216291,-0.395612,-0.868645
0.872132,-1.792465,-0.304883,-1.361881,-2.39635,1.319794,0.195341,-0.050081,1.933075,-1.078401,0.363759,4.133459
-5.345552,-0.50874,-1.61328,0.200559,1.489838,-5.074626,-2.283713,-0.05671,-0.273185,0.1846,0.756089,0.660744
2.110246,3.437591,4.570121,-0.295293,-2.063018,0.287968,0.724871,0.615282,-0.788434,-0.692628,-0.943315,0.468288
3.006685,0.367024,-1.494556,-0.423603,-2.334176,1.173623,1.281373,-0.638658,3.787916,2.794089,-2.688518,1.804726
-0.554873,1.04297,-0.859259,-1.061946,2.340551,-1.56971,-0.055256,3.14969,-1.835906,1.003972,1.59766,-1.721697
0.691234,-0.673655,1.081115,-2.955608,2.593636,0.160249,4.7045,-1.082944,-0.972222,3.130429,1.670743,-1.218368
-1.349703,-1.802294,-1.225931,-5.118839,-0.692649,-2.923265,1.425158,0.997503,1.419208,3.523893,1.680129,-1.931319
2.008575,2.591552,1.612784,-3.641664,-0.559273,1.336975,-2.825264,-1.382788,-1.276722,4.360895,1.71999,-1.002381
3.525409,-2.027613,1.267546,-0.22635,2.077169,1.667477,-3.334412,0.533087,1.756333,-2.221996,-3.146234,1.957037
1.701808,3.639724,0.096902,0.397248,-0.146987,0.454415,1.081817,-3.967238,1.979113,4.027324,-0.220584,2.541659
0.439794,-3.054311,-0.502414,2.833304,-1.612529,2.111345,-2.151275,-3.030405,2.627262,-2.417917,-1.640235,3.051809
-1.905312,-1.392479,-0.790724,3.639752,1.869633,0.223875,0.208159,4.432927,-0.944631,-1.068659,0.16654,-0.20501
-1.841505,-0.876335,-3.636214,-2.465908,-0.007202,-2.989737,6.251256,0.196987,-0.907375,3.013282,0.630674,-0.305606
2.445094,-4.028666,1.478798,0.6598,-1.310297,5.081493,-4.412416,1.151908,5.682179,-2.301945,-0.839391,0.580201
0.625699,1.373935,-0.746315,-4.244388,2.352929,-1.431936,1.835367,-1.286925,0.638203,-1.135358,2.199944,-2.900021
-1.629582,0.926624,-2.718496,2.485146,1.992748,-3.018249,1.722314,0.995504,-4.843705,-0.557788,1.89731,2.292304
2.933612,1.231389,1.003668,-0.920296,0.003858,-0.16265,2.428356,-2.391446,1.303541,3.877498,-1.932802,0.305023
-3.829072,-3.180587,-2.252783,-2.223669,0.354936,-3.820618,1.265632,-1.855423,0.815702,2.511727,4.565506,-2.039074
2.97477,2.057132,3.572921,-2.402554,-3.12165,-0.701448,-1.016059,-2.733199,0.162007,0.647058,-0.373145,1.148899
-1.074478,-1.886641,-2.561411,-3.923833,1.338189,-3.65239,1.399931,0.39043,0.983667,2.409841,4.360727,0.686253
-2.35568,-0.55142,-3.956962,3.9763,2.992662,-1.432946,-0.252045,2.937862,-3.213403,-0.351935,3.858432,-0.068937
-0.026645,-1.22144,-0.761886,1.992108,-0.217572,-1.965967,2.205885,-0.738128,0.813385,4.961382,1.692437,-5.099428
4.552443,4.613911,3.037811,-2.464555,-2.660936,-0.881734,0.529456,-1.753291,-3.902112,-0.113992,2.054341,-0.138739
-1.770408,-1.778609,-2.421386,1.800001,2.198522,2.058683,-3.449032,0.768732,-1.684487,-0.188052,-0.041232,-1.713928
1.116456,-1.270614,-1.049873,-4.271783,1.85006,-1.683007,2.47682,-2.551,-0.741926,2.519301,2.308571,-0.890409
0.230842,-2.597046,-1.239379,-0.882494,-0.196889,1.703772,-3.609955,2.062335,3.909951,-0.710423,-0.06667,2.275745
-0.443721,0.970613,-4.887583,3.399758,0.568918,-1.63935,-2.295255,2.830833,-1.232165,0.374134,3.250415,-2.584074
-2.550763,-1.996937,-3.388114,0.930499,1.444053,-3.874672,2.022817,-0.996413,1.807724,2.197669,4.381022,-3.017172
4.214773,1.030287,2.937804,-0.636493,-0.348952,2.877852,3.701365,-0.591941,0.501274,2.273937,0.267365,2.201851
1.854413,-3.610068,1.640648,2.316753,-0.866923,2.625249,-2.43644,1.375625,2.789399,1.164088,-4.074731,1.744517
2.569656,-1.384154,3.199787,1.329485,-2.736302,3.671151,-5.184382,0.710399,3.061164,-1.234317,-1.112779,2.181558
3.115884,4.093442,0.35254,-0.757019,-1.627838,0.541378,-1.139851,-3.471946,1.339644,0.5862,-0.946201,0.060305
0.976819,-1.040597,0.719573,2.602763,5.891498,1.373874,-1.637816,-0.927873,-1.339003,1.842417,1.974322,-1.438849
-3.169956,-0.646256,-5.188414,5.051119,1.80045,-0.944718,0.388973,3.833447,-2.513828,2.420624,0.649956,-0.372477
1.238584,0.819467,1.989968,0.507887,0.932004,2.541515,-2.372514,1.598554,1.413677,-2.06162,0.240984,3.232807
4.284567,1.288339,5.210696,-2.153105,-1.232062,-1.407569,0.736494,-1.131182,-0.007298,1.949148,0.591787,-1.203781
-2.328744,-5.465302,-0.31766,-2.805434,2.520865,-0.813059,1.783945,0.566714,1.922552,2.610879,2.030448,-1.897466
-0.060801,1.367837,-3.6014,-2.836888,2.783951,-0.970819,3.272253,-0.17853,0.33801,1.948825,4.861927,-4.866184
-1.242247,-1.329072,-2.136884,-5.570923,-0.153862,-2.336329,1.68344,-3.278194,0.525167,-0.48378,4.588598,0.68956
2.096561,0.245494,0.016162,2.238013,2.207718,-2.162907,1.150329,1.114428,0.369409,1.041589,-0.412201,0.970037
0.583948,-0.250927,-4.406492,-4.214978,2.89003,-2.969708,1.142421,0.914859,1.779823,3.849054,4.291043,-3.661148
4.620592,5.192212,2.732052,-0.826762,-1.386066,-0.601599,3.531953,-3.66338,-0.308675,1.55617,0.492903,2.352655
-2.60201,-2.8465,-0.741318,-3.941306,1.664235,-1.075727,1.834851,-1.253068,-1.594007,2.010244,1.177126,-2.795975
-2.471526,-0.048161,-1.717291,-2.757287,1.222265,-3.598456,1.13111,0.663449,1.600889,0.083484,-0.339945,-6.467855
-1.24146,-2.55232,-7.109692,2.228517,0.249413,0.200601,0.033589,2.660261,-0.693297,-1.675729,2.682456,-1.479117
-0.786031,-1.583981,-0.208659,0.190611,-0.584472,-3.489763,2.398746,0.977675,2.30056,2.545198,2.659435,-1.839846
3.038808,-2.425791,0.750432,1.842066,-2.640937,3.967206,-4.741724,0.237431,1.977003,-2.609075,-1.715394,-0.129254
1.720274,2.51591,1.897057,-1.589008,0.976068,3.239152,3.243555,-3.013932,-1.355217,4.700426,-1.584535,-2.082264
3.751025,1.698369,3.643563,1.122587,-3.761673,2.088274,1.81114,-0.331577,-0.005189,1.864507,-0.384306,1.090321
0.554091,-3.520094,0.630458,1.130804,-1.628352,4.248,-5.61091,-0.924805,-0.51002,-1.659732,-1.54035,2.259988
-1.625793,-0.931751,-1.015849,-2.856203,1.914841,-1.327847,3.53227,0.496029,2.447715,5.109127,2.932394,-2.406836
-1.82215,-3.146963,-0.871001,3.552989,2.001574,-0.746995,0.551952,1.241011,-2.286474,2.49565,3.821976,-2.213841
3.876449,2.673513,0.068835,-1.580417,0.110586,3.160811,-2.746899,1.804151,-0.794954,1.267323,-0.988657,1.267546
2.493438,2.755474,2.233802,-2.109085,-1.353717,1.09477,-0.335262,-3.373708,-0.996923,2.959996,3.060156,-0.968282
-3.378564,1.730472,-0.923243,-5.008453,0.829263,-3.889839,2.692968,0.281175,-1.965418,2.866332,1.902589,-1.118767
1.986717,-2.436066,-1.76579,1.447471,1.974577,2.609322,-2.321717,-0.725897,4.733591,-0.394459,-2.975264,4.430901
-1.488665,0.727297,-0.481984,-0.403013,4.118733,-0.396636,1.303262,2.485332,-4.214887,-1.243158,1.428408,0.242486
-0.80323,-2.101972,-0.738046,0.231397,-1.997934,2.312669,-2.254154,-0.100629,3.224625,-2.861816,-0.206828,2.829936
1.360224,2.210764,-0.092181,-0.671851,-1.736476,2.82623,0.051817,-0.730613,-0.486464,3.695954,-3.894811,2.640366
0.008385,-0.20942,3.729038,-2.687057,-1.933697,-0.230464,2.205858,-1.946833,-0.767596,1.718765,-1.099102,1.819736
2.036358,-2.525115,0.674366,0.879089,-4.250068,3.525957,-0.642975,3.243114,-0.628344,2.547289,-0.956484,-0.466153
2.492705,-2.939201,1.880644,1.878865,-1.52533,4.156019,-1.753595,2.751901,3.631924,-2.750203,-3.999707,2.764225
1.308925,0.285692,3.121375,0.135008,-1.671431,1.619555,1.568987,-1.655824,-0.599246,3.117611,-2.381091,-0.690534
-2.374516,-0.462762,-2.439351,0.927478,6.240509,-1.816024,1.292509,2.033712,-0.976452,-1.843978,2.45211,-1.497693
2.744993,2.459725,0.559827,2.645334,0.395205,0.988842,1.194054,-1.40869,-0.027921,1.077663,0.770037,2.511617
3.083928,2.172241,1.165474,-1.961025,0.166862,0.17787,-0.202074,-0.909253,-1.415386,1.61823,-1.987387,-0.750933
4.864849,3.440999,1.410111,0.314853,-1.086533,1.59859,1.946646,-3.76093,0.513383,3.436188,-2.641407,0.969845
-3.67425,1.453709,-2.172197,5.013626,-1.930831,-2.350163,0.715961,-0.684581,-1.610947,0.976662,6.615652,-1.334935
-0.468707,-0.81034,-1.086286,-1.705779,0.457699,2.805065,-4.099015,-0.63424,1.76107,-0.830796,0.255282,1.938706
-0.598704,1.610173,3.658986,-0.839643,-1.00726,3.986476,-4.203485,-1.775408,-0.893416,-1.643348,-1.841808,1.31125
-5.492187,1.749993,-2.026442,5.767253,4.271695,-1.572978,0.33452,2.605987,-2.558152,0.56744,-2.020602,-1.421113
-0.809029,-3.558638,2.686469,3.110325,-2.216937,-1.219256,-1.69874,0.654328,1.523851,-0.873325,0.553754,0.196196
-0.889797,-3.173929,2.804842,-0.856824,-1.929868,1.999199,-3.017096,2.725009,2.809154,-2.081023,-4.289467,2.132351
2.033088,-1.265317,0.589599,-0.072163,2.653344,2.87279,0.511489,1.123429,4.944638,-1.619808,-4.130031,2.237586
-1.152089,0.70312,-0.103317,-2.417728,2.0431,-0.498946,2.109447,-1.107513,0.820642,3.824961,2.384872,-6.193422
1.654038,-0.865573,0.566715,0.037515,-2.158105,4.240351,-1.51491,1.146263,1.912418,-2.307521,-2.359044,4.085969
-1.259682,-1.535379,0.197512,-2.470871,0.101979,-0.338163,1.79017,-0.124633,0.626149,1.913714,2.69008,-3.07456
-2.182181,1.798127,0.583196,2.831594,1.777167,-3.917968,0.251771,0.530071,-2.315283,-3.643038,2.225904,0.415273
2.72938,2.13156,1.664827,-3.145039,-3.110766,2.826194,-1.085559,-1.86047,-0.523267,3.338574,1.947408,-0.764313
1.235194,4.486697,3.482363,0.062829,-1.512644,1.156868,1.021488,-2.040838,-1.594398,3.255616,-1.216663,2.953105
-2.761525,0.981197,-1.382376,4.611442,3.476119,-1.388813,-0.477272,0.521866,-2.938817,-0.656967,-0.306929,-1.444975
-2.32984,-1.096959,0.988254,-2.022084,-2.151957,3.145628,-4.247252,-1.745691,1.246688,0.642229,-1.346501,3.319705
0.425297,-1.337065,-1.18412,2.230592,3.665167,1.427301,0.785849,3.931312,-0.903598,-0.842574,2.185409,-1.678441
-0.662392,-4.351351,-1.907629,-0.419874,1.179125,2.512139,-3.805104,2.055073,2.435953,-3.642253,-2.396133,0.661454
2.165246,-1.553901,-0.00342,1.397439,-0.987044,1.819498,-1.581197,0.279186,1.78352,1.326663,-3.844424,3.426253
-2.070817,-2.683057,-2.070342,-0.229716,3.595919,-3.464315,2.898821,-4.048351,1.542685,-0.404034,1.929309,-0.113682
0.858716,-0.912923,1.007193,1.851716,0.636379,3.599213,-1.197857,0.820275,1.455398,-0.251727,-1.744393,1.996842
0.206368,0.764106,0.857665,-2.353145,-1.671493,0.365595,1.432007,2.395509,-2.680021,2.683028,1.866921,1.131118
1.283983,0.059355,-0.693349,-4.596558,2.917224,-1.299658,1.362066,3.010692,1.720184,0.557741,1.463995,-3.542111
-0.706223,-1.979739,2.06287,1.98832,-1.541921,4.56985,-1.000273,0.303342,3.590341,-2.570589,0.761684,3.381079
1.731303,2.809133,4.13503,0.564593,-1.491578,1.477088,0.114948,-2.756153,-0.206408,1.260908,-0.520682,2.310269
-0.24088,-4.674936,0.495525,0.304794,0.267789,3.156325,-0.616958,0.458393,1.545559,-1.04546,0.025622,-0.084986
-1.710386,-5.409281,-3.93119,-3.183838,1.24624,-2.980162,3.496977,1.224909,-2.937345,3.520991,2.037714,-4.285033
0.340488,-1.507189,2.12875,1.604972,-1.987924,3.546981,-1.613375,1.549287,5.070377,-3.316944,-3.271123,1.019906
-2.080427,0.101856,0.327391,2.07009,2.251029,-0.576581,-0.949546,2.669211,-0.678931,-1.192192,2.90374,-0.943301
4.039961,2.235491,2.31905,-0.673674,-0.300884,-0.286113,4.569873,-1.811956,0.271468,-1.40342,2.026521,1.010766
-1.808139,-3.205487,-3.916079,-2.391609,1.72639,-1.846929,2.706346,0.614914,0.525059,1.935414,2.126021,-2.0776
2.831963,-0.869512,3.540819,-1.705978,-0.615879,0.569176,-0.071819,-1.186538,-0.709417,2.005061,-0.137948,2.388469
-3.958283,-0.318441,-4.5851,-1.205442,1.432919,-1.702281,-0.057961,0.932043,-0.608158,1.010178,2.282393,-2.862132
-3.276783,-4.044725,-3.120162,-0.800299,0.604421,-4.085358,0.716642,2.219996,1.453898,2.216252,1.085042,-4.197966
3.612243,5.091602,3.662299,0.368262,-4.174933,0.305097,4.017002,-2.931473,1.739727,2.785861,-3.656433,1.206603
-4.840148,0.729078,-4.569123,2.153371,1.082108,-1.433916,-1.505271,3.113255,1.031114,0.80812,-0.340752,0.138241
-0.955407,-2.151685,1.371265,-0.515976,-0.122589,3.216925,-3.978579,0.811464,0.773076,-0.302147,-2.383005,1.796708
-0.992629,-3.836772,0.589082,1.611672,0.016116,2.419931,-3.692303,2.020899,3.674012,-0.806503,-1.952592,2.187304
6.617272,2.782246,2.020559,-2.544073,-3.78897,1.868944,1.142998,-2.921638,1.198885,2.840847,-0.047683,0.678163
-3.519978,0.816517,-1.516951,0.532863,2.483237,-0.823162,1.743046,2.105252,0.219901,-0.424523,2.384768,-1.450329
4.237193,4.269109,1.040377,-1.236686,-0.038739,2.214564,1.912878,-1.071422,-1.298669,3.123331,-0.906339,1.462703
3.254697,0.731789,3.878194,-1.017347,-0.371547,1.370823,0.155245,-0.145084,1.734725,2.198585,0.196224,-0.884835
2.147947,-0.223909,0.883424,-1.635454,0.717734,0.664134,-0.999037,-0.105482,2.182307,-0.058753,-0.458471,4.722109
-2.250184,-0.177076,-0.103964,-0.184528,3.396615,0.257097,-1.718485,2.181341,-0.571521,-1.980733,2.625358,0.969297
-2.109241,3.709055,-4.30568,-1.637038,-0.391646,-0.633902,0.87432,-1.387055,-0.598669,2.74196,1.141292,-3.851985
-1.091932,-2.134936,-1.868411,-5.038449,1.333128,-3.917637,3.45386,-0.452882,-1.838658,2.773658,3.175716,-1.724132
-0.076312,-2.79159,-0.421888,0.957948,1.125329,1.460433,-5.201667,0.61555,-0.299423,-0.972589,-0.438441,0.748907
-2.871813,-3.465922,-4.041762,-1.919704,3.276058,-1.974232,3.003763,-1.942947,2.414495,2.633101,4.443006,-2.252764
4.322153,0.58855,3.015386,-1.915408,-4.521597,1.264733,0.614904,-0.695291,0.989575,-1.178165,0.879938,3.293608
-0.522915,1.392558,-1.468805,1.862248,2.537256,-0.779283,-1.301892,2.231299,-1.931049,-3.836154,2.493709,0.800722
0.079116,-3.339953,-1.440188,-2.440845,-2.055364,-1.657642,4.148748,-0.722674,4.324925,6.173626,4.560906,-1.210329
-2.998464,-0.565552,-2.925968,1.309586,1.636619,-0.468142,-2.827943,1.887213,-3.234898,1.17839,-1.711931,-2.629171
2.703192,2.264351,3.511833,-1.048394,-5.102682,-1.231344,1.276719,-0.263702,1.948715,2.729048,1.205085,1.522666
-0.349689,0.216484,-0.366296,3.293763,3.987546,-3.330953,0.964518,3.719061,-1.058606,-0.529477,0.139907,-2.419727
4.042604,2.516419,0.384422,-0.508976,0.254039,1.917998,-0.771051,-0.567686,-2.860401,2.480086,0.523538,1.559682
0.825194,4.300363,0.960835,-1.034337,-5.348013,-2.244192,4.198458,-1.694739,-0.678357,2.653886,1.127073,1.248153
2.313089,3.599226,0.691377,-0.509628,0.296597,-0.896075,-0.674823,-3.780287,-0.597919,1.803438,0.576477,2.09845
-0.343502,-2.164907,-1.49233,1.711273,-0.849442,0.937827,-3.634615,0.807148,1.640539,-0.372756,-2.786786,2.234832
-0.824256,-1.403925,0.636182,3.703102,2.961652,-1.909563,0.984551,3.476188,-1.942841,-1.053481,0.421902,0.21159
3.516357,-4.424279,-0.350377,0.744612,-1.287412,0.911855,-2.496776,2.123474,3.889406,0.638505,-1.899852,0.911701
1.27998,-1.077522,-2.307692,-3.006725,-1.134349,-0.757797,4.7994,-2.535985,-0.047031,2.565112,1.67417,-5.067294
-3.036783,-1.682768,-3.308903,3.41646,4.232428,-0.745464,0.028862,3.279754,-3.248165,-0.872754,1.460889,1.698768
-0.079317,-0.714372,-3.90332,-2.604923,1.973721,-2.060746,3.240047,-1.433266,0.450664,3.134994,2.289775,-0.84897
1.88882,2.136341,1.741116,2.360489,-1.166734,-0.404706,0.74686,0.359845,-0.052696,3.404154,-1.189675,1.297812
-3.345718,-0.148461,-2.223894,-0.397075,-2.099201,-0.192658,-0.803881,-4.026303,1.218986,2.343613,2.918563,-6.601641
-0.845792,-0.689362,-1.448565,1.047741,2.985829,-1.409959,0.689838,-0.9816,0.060276,2.556657,3.961753,-1.958236
1.851137,-1.419616,0.604072,-3.762089,-2.908974,-1.073985,2.851674,-1.611405,1.743398,0.768257,-0.078597,0.393375
-1.010457,-1.723668,1.594599,2.191932,-1.243492,-0.217416,-2.225415,-1.380721,2.714158,0.597894,-2.209742,-0.205318
-0.965311,-1.850754,-2.03164,-2.686696,1.386502,-0.446966,3.022393,-0.967631,2.491658,-1.612882,2.801823,-2.922271
1.902871,0.299338,3.7502,-0.734606,1.835736,4.493729,-3.826555,-0.118859,2.309597,-1.297852,-5.20356,0.956138
-0.860602,-2.329561,-3.430223,-4.070567,0.227697,-2.871793,-0.797678,0.201807,0.015227,4.152026,-0.61008,-0.682539
-5.484072,-0.879817,0.248945,4.208115,1.659337,-2.017342,-0.731612,-0.238002,0.566267,1.352851,-0.904757,-0.095425
1.285992,-3.597728,0.666957,0.998631,-1.979309,4.750079,-2.389347,2.379931,3.474771,-3.272677,-3.82224,1.71689
-0.080308,-1.831178,-2.441608,-5.670912,1.50968,-4.711037,1.91175,-0.666878,0.695974,0.634058,4.260731,-2.549844
-2.379883,0.795115,-2.994728,3.737805,2.069429,-0.616439,1.072791,2.181768,-0.592179,-1.468242,0.975156,0.920366
-2.349559,-2.963121,-2.336696,-1.173261,-0.075709,-2.533286,3.641063,1.230584,2.955101,1.232829,4.175706,-0.987235
0.140162,-0.326495,3.651476,0.073692,-1.091201,5.108329,-3.85931,1.102065,2.55867,0.350121,-2.658903,1.502784
-0.808747,-0.644657,-3.07541,1.550915,1.004421,-0.336297,-0.558343,3.231693,-5.263367,-2.462157,1.987708,-0.494039
-1.829016,-4.07752,-3.175652,-3.13845,3.501936,-4.12897,2.406471,-0.882392,-0.03196,0.502297,2.28334,-2.812577
-1.373875,1.826343,-3.963577,-3.038913,-0.502687,-1.149791,0.659763,0.13913,0.997466,-0.838236,1.176008,-2.348555
4.229049,-2.200988,1.558993,0.409081,0.356116,4.687855,-1.697524,1.141156,3.711442,-1.862393,0.032543,2.755018
2.478474,2.488716,3.211488,-0.229494,-0.260414,0.105884,-1.790982,0.629361,-0.183566,1.282342,-1.96798,2.274243
-1.313949,-0.817861,0.676501,2.901958,1.865649,1.534153,-1.386203,1.085599,-2.114344,0.720541,-0.011197,-2.298803
1.372051,2.062735,-1.364464,3.4311,3.637813,-3.850688,-0.752124,3.676142,-0.70145,-0.469568,-0.252474,-1.394046
-1.143349,-0.692368,-3.661852,-0.069654,0.062,-1.489538,0.174926,1.456216,-1.002342,5.194817,1.916274,-1.568548
3.161362,-2.330684,1.650798,0.212234,-0.574609,2.629798,-1.535568,0.443845,1.129633,-0.47645,-0.689688,3.339031
-0.944638,-0.420288,-2.652612,-2.359629,1.345547,-4.678453,1.401813,-1.760186,0.811884,4.380613,1.146248,-2.509573
-2.373575,1.897061,-1.0369,1.760119,0.942755,1.099641,1.263551,2.330837,0.673847,0.731378,1.86684,0.229921
3.864254,3.234737,2.044646,-0.941847,-2.523833,1.229539,1.010686,-0.141864,3.286101,4.712857,2.111797,0.108075
-1.40548,-4.191058,2.722706,4.598572,-0.221801,2.722818,-0.139554,-1.155251,3.151201,-3.555531,-4.122375,4.700097
-0.343223,0.629811,-0.099554,2.809751,3.607834,-0.898207,-1.863357,3.432526,-0.524984,1.135203,1.770776,-0.478632
-6.484459,0.11137,-2.998007,3.38149,3.405406,-3.150319,-0.265958,3.274627,-0.789841,0.178487,5.526066,-0.315717
0.916674,-1.103736,1.359855,-2.422401,-1.890259,2.066879,-0.953181,-1.97287,1.534364,0.09336,-1.241926,1.17214
-1.032941,-0.890332,-1.473059,4.051477,-0.617202,-0.36236,-1.014059,-1.86724,-1.885138,-1.542638,0.481351,-1.493719
0.431869,3.093755,-2.326764,-1.94072,-0.535243,0.178848,3.50571,-1.263305,-2.324319,5.525472,-0.506446,0.598281
-1.09676,-0.593799,-0.192389,4.320104,0.969207,0.247216,-1.078528,4.928642,-2.008884,-0.809559,0.263888,0.921639
1.092752,-1.247457,-1.311012,2.800127,0.940634,5.158815,-1.67981,-1.710231,1.650161,-1.091083,-0.989221,3.549894
3.205821,2.868729,0.522653,-1.155125,-4.449729,3.286049,0.334641,-2.590711,0.672107,1.609489,2.173651,1.67791
-1.537965,1.59068,-3.257236,4.801661,4.055596,-2.985041,-0.379523,1.183128,-4.285338,-0.625638,0.317506,2.822329
-3.094183,2.344455,-0.016636,0.126299,2.71237,-0.832655,1.670183,4.795889,0.001103,-2.481308,3.216661,2.297711
-1.072531,-1.874678,1.05601,-1.19452,-2.215835,1.32324,-0.915259,1.127084,0.892167,-4.230566,-0.747511,1.234028
-1.525107,1.113061,-5.338386,-3.764292,1.94858,0.383335,3.438782,-0.659039,-1.327259,2.268381,3.252529,-2.872046
-2.392273,1.522175,-0.469629,4.291963,1.345374,-1.990201,-0.594989,0.542327,-1.674259,-0.516068,2.769418,-1.443749
0.150456,-0.595851,-5.587327,-1.067128,1.622878,-1.505154,5.557665,-0.45335,-0.306904,0.396058,1.993637,0.452767
-2.910837,-1.686269,-2.30434,-1.405613,1.186564,-4.182206,0.946338,-1.29837,0.836269,2.853285,0.70289,-2.123274
-5.821485,-0.119722,-1.147236,-1.469411,0.11113,-2.786256,0.687792,-0.61454,-0.902622,2.307495,1.581182,-0.483414
5.036221,3.331923,3.124369,-1.552175,-1.258899,-0.689129,0.351159,-0.862921,0.185876,0.76737,1.066338,0.219567
0.544078,-1.611185,1.173517,0.210258,-0.467924,5.81408,0.001645,1.810587,3.907681,0.121889,-3.376195,5.308149
-1.443838,0.355329,0.552076,3.644618,3.706214,-2.191313,1.094092,3.32201,-3.030771,-1.965347,1.371571,-1.992815
0.058768,-0.172221,1.452548,-0.403879,-0.599626,3.377295,-1.818522,-1.115168,3.982633,-1.816674,-5.034025,0.502875
-2.054657,-1.734802,-3.146442,-1.886714,2.696345,-3.151778,5.51785,-0.353131,0.135503,0.80128,3.50887,-1.970759
2.01999,-0.49034,3.160253,1.288345,-2.340023,3.017077,-2.605249,0.33175,2.085719,-2.954603,-0.891995,3.679655
-2.475201,1.364934,-2.727623,3.245873,1.458733,-1.355446,-0.520275,2.503099,-3.026584,1.437137,-2.352976,-0.945391
4.72276,2.618487,0.882101,0.78055,-4.055003,0.529543,2.016277,-2.706681,0.482271,2.300397,-0.644805,1.121429
-2.184915,-0.211729,-1.192415,4.581418,2.123563,-0.066256,2.241971,4.321602,-4.410869,-1.947621,1.578261,-1.473615
-2.356291,1.470062,-4.301575,-3.464808,1.008057,-3.114431,2.109448,-1.450848,1.337187,2.351645,1.305656,-4.154296
2.883902,-4.429199,4.387076,-0.906462,-1.569804,2.340227,-2.485742,2.986058,1.587112,-0.777846,-0.909376,4.039934
3.412831,3.347041,2.882088,0.852329,-0.737591,4.180476,0.161586,-3.790859,0.233975,2.867155,2.458296,0.62408
6.692302,3.750762,4.93729,0.165839,-4.092787,0.080961,-1.759499,-1.443683,-0.16627,2.219743,-0.429482,0.913487
-0.398969,-2.35337,-3.904449,3.54073,-1.239836,4.499996,-2.247917,0.891263,-1.486986,0.098442,1.682829,1.993972
-0.686297,-3.542806,-2.814981,-1.687834,0.307797,-1.630332,4.741059,-1.015573,0.915751,-0.242481,-0.100812,-2.551796
-3.136227,0.306402,-1.200454,-4.275214,1.35748,-3.361701,2.991647,-1.404341,3.563696,0.046522,0.459752,-2.426748
0.451889,5.714632,1.982933,0.372671,0.53091,2.308992,-1.510206,1.475582,-0.659959,1.288776,2.691445,0.073939
1.440893,0.98182,3.306371,-4.021045,-2.278488,-0.83709,-1.829717,-3.237849,-1.286347,3.013645,1.284394,-1.171521
-1.173109,0.392194,-2.670391,-0.355034,0.026581,-2.838825,0.808905,-1.914173,-1.095045,1.890794,3.84887,0.772009
-1.879991,-3.162586,-2.133924,4.89492,-1.679375,1.553513,2.17684,2.244696,-2.947302,-0.493411,2.053116,-5.597109
-1.879044,-0.193866,-2.228622,-0.491439,-2.125746,-1.859399,3.149904,-0.449526,-0.127147,2.968992,3.198551,-3.18638
5.612442,1.165978,2.355104,0.291429,-3.107874,-0.027064,0.846351,-0.83768,-1.561911,4.208743,1.527501,0.172403
-1.365313,1.757876,-1.785541,4.446672,2.032751,-2.558855,-1.261703,1.673806,-3.517284,-1.400838,3.787697,-1.376897
-3.141557,-0.326806,-1.354118,6.094112,1.461554,1.909754,-0.706741,0.925056,0.335429,1.006655,1.276828,-3.075263
2.89217,2.043791,2.772329,-0.914086,1.324053,1.191926,-0.452461,-3.057138,0.426053,3.772163,0.521835,2.970245
-1.787272,2.692982,-5.131939,0.477505,3.907867,-0.121915,-0.423426,-0.530932,-2.293415,2.042374,1.985926,0.6223
-1.847013,-0.025678,-2.4187,-1.131791,0.865363,-1.523323,2.795684,-0.675585,0.111239,2.367322,-0.195304,-2.436539
2.701483,4.001498,1.762267,-2.176625,-1.024617,0.918236,0.548407,-0.930697,0.04469,-1.714262,2.602474,3.953417
4.785083,4.134702,2.738282,-2.318768,-3.966179,-1.446631,1.5699,-4.165438,-0.933419,1.071365,-1.926126,0.569719
-3.18577,2.388472,-0.868891,3.989189,5.437358,-1.969207,0.982785,3.590707,-1.968262,-1.958157,2.717069,-0.593872
-4.653381,-1.640598,-2.473726,-1.991818,-1.915161,-2.786823,4.395843,1.074912,0.707882,5.792279,2.811155,1.042533
-0.848001,0.575573,-4.250913,-2.378614,1.761715,-0.341751,0.700772,2.671624,1.75589,5.655179,2.522164,-5.568268
-4.273523,-1.040475,0.115813,-4.312374,-0.521244,-1.497455,5.600326,0.828312,-5.44283,2.145815,1.244934,-2.230801
-2.551005,-1.292921,1.826609,-0.35716,-0.094642,2.787856,-0.313234,1.310715,-0.093237,-0.416104,-0.743328,2.070649
0.64895,-2.605823,2.058879,1.523026,-0.676291,2.655783,-0.711465,1.309842,3.281053,-1.141336,-3.064271,2.057105
-0.339341,3.67585,-3.632289,2.332722,3.00959,-2.646036,-0.554814,2.787126,-1.508173,0.066774,-1.610458,-0.278726
1.478042,-1.982412,1.803531,1.320701,0.562037,1.06604,-2.691355,-1.078371,3.524197,-1.853887,-2.260061,2.200124
-1.126872,-2.211086,0.089116,0.977884,0.470975,2.478172,-1.716783,0.840271,3.480396,-1.430032,-2.354244,2.03667
0.920707,-0.893071,-2.701439,-4.856159,-0.214973,-0.803927,1.738848,-2.830981,1.019965,6.624089,2.262632,-1.985691
5.802968,2.093207,2.467798,0.444953,-2.205471,1.673197,1.725558,-0.702356,0.741398,-0.848263,-1.88876,-0.290146
5.225657,-0.002155,3.199131,1.316046,-0.6854,-1.522544,-1.487644,-0.920169,2.145257,0.064077,-0.330401,-0.424345
-1.329884,-1.77349,-3.375449,-1.334722,0.230402,-3.143216,1.785612,-1.144981,-0.669536,5.344691,1.683652,-3.594947
-2.003646,1.998066,-2.287365,1.784616,2.307099,2.992248,0.569221,0.7216,-0.59701,-4.658775,3.08816,-4.276189
-0.714584,-1.826145,-2.364691,-2.21935,0.684942,-3.082121,1.830638,0.014766,1.650555,1.183838,1.607156,-0.049983
1.700312,0.101759,-1.173099,1.578861,0.697715,3.334239,-2.361003,-0.824449,3.965065,-3.573759,-3.939095,3.934764
0.423422,-4.497071,0.259232,1.275231,-1.975603,2.132636,-0.754084,-0.516623,0.434139,-3.558928,-0.305372,4.360869
0.833464,4.464321,1.116397,-0.399341,-1.087408,-4.027854,1.808141,-0.354917,-2.461705,2.459248,-0.515801,2.484773
-4.075224,1.173728,-5.531461,3.149782,1.998221,-4.827246,-0.350322,0.471499,0.50715,-0.139939,2.359294,1.657795
0.71476,-2.391726,2.251854,0.135879,-0.157923,2.440622,-4.885017,-1.500094,3.291414,-1.355006,0.231585,3.359216
3.872729,2.816167,0.621889,-0.253498,-1.181754,1.238802,-0.735149,0.0038,-0.310511,3.66671,-3.869411,2.263508
-1.782594,-2.869797,1.49866,3.443382,0.571079,2.385374,-3.708543,1.428405,2.203334,-1.516726,-1.150723,5.417046
-1.993711,-1.689547,1.28668,0.592579,0.403076,2.787352,-2.187017,-2.981723,3.046645,-2.586651,1.440549,-0.214955
-1.260089,0.504528,-4.350973,-1.89191,2.557886,-1.095017,2.238068,-0.333384,0.47378,1.917019,0.257259,-4.153976
3.995901,-3.07298,2.393204,-1.294766,-2.843459,2.375183,-1.483407,-0.78172,3.474307,-2.550193,-0.211653,1.828208
-0.236086,-2.175452,-2.708871,-0.723163,0.396786,-2.651178,1.518931,-0.677387,2.295865,-0.402106,3.959378,-5.128276
0.232963,-1.670516,1.251256,3.187262,-0.386504,2.496444,-4.114408,-0.722021,1.157908,-1.563386,-1.497123,0.933099
-5.716596,-2.614021,-2.334896,-1.616409,1.091394,-1.109583,1.392894,-2.588949,1.710728,3.007959,5.6931,-1.464205
-1.448732,-5.112812,0.174673,1.15906,0.136155,4.238004,-2.656735,-0.017095,2.602542,-5.201414,-1.610553,2.357966
2.08954,0.35769,0.416108,-1.954785,-1.351391,2.431841,-0.849972,-0.615869,2.501712,-3.451143,-2.30692,4.877114
-3.668888,-2.01824,-2.185808,3.800868,5.119544,-1.52492,1.090685,7.355815,-5.123504,-2.769348,1.285954,0.63563
2.08833,-0.064821,-0.264813,3.509519,1.771671,-1.599754,0.627002,-0.210784,-1.613972,-0.375143,2.028465,-1.261611
-2.900967,-0.172897,-4.263972,-1.720648,2.122419,-3.195844,1.59454,-1.302747,4.478324,3.771801,-0.344137,-3.429657
6.733704,2.536887,1.235578,-2.885867,-1.228631,1.276821,2.996419,-2.542236,-0.824546,3.995919,-0.414019,0.776555
2.596248,-2.708027,3.755771,-2.208011,-2.629931,2.533869,-4.120614,0.681197,2.481528,-2.484745,-0.232531,5.026608
3.982218,0.199123,3.99568,-3.821329,-2.545659,-2.402534,2.193512,-3.482078,-1.224699,2.513462,-3.67969,1.102272
-0.812505,-1.010924,-2.365093,-0.420644,4.742301,-2.387285,3.6488,1.63228,0.109859,3.497182,1.50532,-3.253886
-2.40369,-2.109168,-1.788647,-0.38751,2.455158,-0.277725,1.08318,-0.59848,4.444921,3.192238,3.847304,-2.336323
-0.952464,0.291258,-1.342171,-3.814891,1.760508,-0.730629,1.701726,-0.099933,2.920889,3.008465,3.117073,-3.916635
-1.046692,-1.517083,-2.241078,-1.615034,4.409303,-2.531049,1.940328,-0.449763,0.25702,1.556775,-0.852071,-4.35944
-0.145086,-3.162815,1.961716,1.972856,-0.106296,1.856174,-0.921272,-2.042571,3.295183,-2.310872,-3.668147,1.773188
3.625813,2.67321,2.87985,-1.910106,-1.806075,1.475304,0.936164,-1.159668,0.759544,3.238281,1.415495,2.053836
-3.006963,-1.364728,-3.001181,-2.943196,2.460094,-1.357004,1.455326,0.247256,-1.779387,5.443359,0.557563,-4.188045
-1.573336,-4.737177,-0.230116,2.587816,-1.088346,0.717074,-1.858078,-0.255259,1.290994,-0.930359,-0.113095,-0.557792
-0.416131,-3.191126,3.829246,1.523739,-0.284499,2.239732,-3.240485,0.373041,3.272935,-3.60644,0.944798,3.473436
-0.921994,-0.396837,2.083136,3.377381,2.506564,-2.015876,0.030309,0.44097,-0.940994,-1.00915,0.766729,0.848973
3.669229,3.500257,3.929224,-0.122926,-1.882161,1.497351,0.883816,-0.239685,0.443558,0.756947,-2.872327,2.49106
-1.241663,-1.023319,0.755356,3.865393,0.621869,1.328956,0.145105,1.068454,-1.138448,-3.699666,0.159623,1.036405
-1.837463,0.001203,1.335771,-2.70893,1.509086,-2.197851,2.396209,-2.172042,2.688125,1.963269,1.609781,-4.793995
-0.548413,1.142812,0.500647,1.635077,3.55304,-2.335288,0.741766,1.147268,-3.498385,-2.851824,1.578665,0.280536
0.173643,0.338333,-3.743429,-3.207499,-2.174935,1.137812,0.919185,0.894367,-0.1103,1.394518,1.726345,-4.129029
1.145174,2.451396,1.867545,-2.875223,0.378154,-0.761419,3.966884,-1.809199,2.132256,3.164622,-1.222879,2.301961
-2.020962,1.651678,-1.430099,4.633453,0.096381,-3.692239,1.356054,1.999335,-0.294369,0.042881,1.49456,-3.189543
4.673453,0.822883,-1.01161,0.920104,-0.632337,4.494167,2.627898,-0.839269,-0.729999,0.898501,-0.729121,1.458906
-0.315064,-1.107426,0.27043,2.551248,2.474614,-1.270135,-0.181583,2.083674,-3.816956,-0.965983,1.196882,-1.399713
-1.659887,-0.883087,-4.728633,-2.197932,-0.510789,0.136004,-3.219187,-1.36997,1.204337,2.722072,2.182734,-3.994681
-3.346477,1.468604,0.070652,5.600547,2.951736,-0.616712,-1.359103,-2.171834,-1.77666,-0.579301,0.228771,-3.174432
-0.845038,-0.603779,1.933512,3.693492,-2.145712,2.008528,-0.40502,0.75475,3.423496,0.654365,-1.125176,1.361692
1.609479,-1.19189,3.225605,1.590609,-0.48251,4.732651,-3.292972,-0.100107,2.947812,-2.466856,-4.023099,3.749612
0.14776,3.124702,3.703141,1.440138,-3.552772,-0.622673,1.035079,0.426696,-1.354038,3.282893,-2.679905,2.693835
-3.177569,1.556811,-2.512743,-3.549395,-0.414458,-3.019537,5.360088,2.246712,1.042667,4.386948,3.601051,-4.722162
1.996716,1.864948,-1.291992,1.280232,0.181928,3.904443,-2.408978,0.544682,2.1558,-1.714463,-1.927941,3.114202
3.231046,3.933293,1.039865,-0.526648,-2.615051,0.452891,2.254026,-0.53314,-0.344214,3.162256,1.265251,1.839793
5.84864,3.25848,-0.231438,-0.563271,-1.959029,0.345169,-0.552577,-2.334226,-2.4325,4.735355,-2.235307,0.574533
1.083905,4.525054,3.213357,-1.625338,-2.293852,0.25732,1.318869,-0.899752,0.716817,2.56902,-1.414774,2.165488
6.761745,0.250003,2.195605,-2.631872,-4.260836,1.934619,2.392093,-1.884618,-0.823512,5.192921,0.890681,-1.047282
1.950604,-3.679804,2.956839,2.678479,0.019722,1.244729,-4.827776,0.659846,3.371803,-0.139953,-0.425428,2.212064
-0.474336,-2.218107,0.350362,2.71143,-1.139294,1.99513,-5.030894,3.080569,2.525332,-0.967906,-2.376116,2.246846
2.627027,3.705576,1.410708,-3.556933,-3.030024,3.679842,2.37637,-2.513822,1.033878,2.053364,1.036637,1.401476
1.879925,4.158662,0.557001,-0.160274,-1.6246,0.272898,3.726445,0.835708,0.013955,2.370864,-3.034762,-1.524383
0.458729,-0.651515,-0.515842,0.46597,1.829396,4.811423,-2.68569,1.300345,0.341678,0.660147,-3.381147,3.100123
-3.375799,-0.406928,1.784427,-1.783651,2.013774,-1.978638,2.980465,-1.372477,0.707949,2.714452,-1.123089,-2.756286
-0.257805,-1.699967,0.450463,3.273574,0.552237,3.585987,-2.087853,-0.446021,1.897259,0.343681,-3.321915,-0.022215
-0.81906,1.529484,1.621142,3.752181,2.852229,-1.173595,-0.805788,3.989977,-4.451636,-0.643897,2.16449,0.533876
-2.45324,0.037028,-1.417066,0.255387,2.142586,-1.117332,0.43931,-2.548561,1.666904,2.90792,0.871031,-1.497898
1.444078,-2.917356,1.350646,0.554395,0.853566,3.413428,-1.999743,1.007127,-0.119537,-1.03188,-3.239789,1.121256
4.223323,-0.520492,1.877182,1.060377,1.445976,-0.626361,1.801495,-2.505987,-4.566956,1.62733,-4.09036,1.8812
0.272565,-2.838926,-1.18038,-0.051971,1.219992,-3.800825,2.403526,-1.804742,-0.451853,3.511038,0.105227,-0.93542
2.687431,-3.798029,2.042098,1.891069,-1.417448,2.640223,-2.718304,2.037312,3.412868,0.343231,1.151587,-2.339971
1.477363,-1.718227,1.606457,2.135861,1.002309,4.271796,-3.158308,-1.31434,3.978122,-1.238515,-1.148144,1.992745
1.573159,-5.589939,-0.730749,1.927124,1.442446,2.146432,-3.074614,3.111422,2.597762,-0.581528,-4.274171,1.651706
-2.989221,-1.828575,-3.655013,-3.275091,3.14505,-1.533291,0.469484,-2.549105,0.986512,0.905018,-1.508698,-1.695623
-1.883613,0.250554,-0.688185,1.366564,4.325336,-1.610592,-1.629439,3.402529,0.704096,3.979428,1.504783,-0.888962
0.299162,-2.07345,-2.494508,-3.112106,0.202658,-2.106976,2.315108,-1.4738,-2.107102,1.340092,0.670714,-2.337395
-2.309179,1.237224,2.243656,1.649851,2.068681,-1.935071,2.242782,1.224361,1.100717,-0.630657,0.118924,-1.436432
3.778662,-4.746289,-0.247451,0.941343,-0.086229,0.262203,-3.730595,3.519137,4.600365,1.068877,-1.959543,2.606282
-1.339764,-3.122146,-4.194081,-1.830889,1.313088,-2.254658,2.977676,-3.423355,1.049228,5.712433,0.505244,-1.121128
-2.571441,0.271559,-3.548302,-0.23305,4.85078,0.090529,1.446794,-1.357131,-3.484295,-1.188647,2.980578,-0.013037
4.754105,1.752885,0.287039,0.590544,0.548096,0.587655,0.304613,-1.812698,-2.716398,-0.15793,2.543226,0.459989
-0.992042,-1.035889,-3.92338,-2.036864,3.106044,-0.096467,2.270969,-2.212327,1.492934,2.83055,-0.342952,-2.985324
1.989525,-6.29112,2.034358,-1.215939,0.759184,2.142762,-2.052315,-1.945292,-0.758251,-2.163224,-2.603188,2.770012
-3.371578,-1.720059,-2.820795,-1.110094,1.13848,-5.273207,3.006527,-0.237571,4.108376,1.598001,5.24656,-2.408663
-2.40384,-2.974326,-1.311259,3.753589,4.051076,-1.373113,-0.149889,5.694873,-1.066687,1.282549,3.107088,-0.314881
-2.436846,0.842953,-4.640531,2.545357,1.998965,-1.521954,-2.542897,1.949022,-1.262541,-1.221418,-2.008279,0.840279
-5.458535,-0.350394,-4.569141,-0.552357,1.93531,0.054765,4.845525,1.065395,0.851636,2.56213,1.457846,-3.969892
5.453324,1.532845,1.831265,-2.726562,-0.648862,0.438752,1.95165,-0.779953,0.639839,1.839247,-3.166401,0.175753
-0.690728,0.027907,-3.053206,-0.137857,4.214051,0.058329,0.19217,-0.692082,-0.674625,1.089096,0.892078,0.082464
1.188102,0.47792,4.685222,-3.139069,-1.118546,1.187491,-0.197992,-0.456895,-0.574124,1.37624,-1.453273,2.188975
-1.179704,-2.319769,-0.825977,-5.363988,-0.433689,-2.845178,4.37662,2.793032,-1.180572,3.587191,3.128505,-3.796772
0.046405,-1.750997,3.465283,-0.089305,0.044005,2.411011,-0.123459,-0.346654,1.297828,-0.141219,0.204976,3.746791
-2.936132,-0.002571,-4.212343,-3.533713,3.202293,-0.833564,2.503651,-2.210084,-0.539371,-0.0566,-0.023832,-1.612104
-0.628405,-0.845127,-1.949596,-1.625915,-1.375735,-4.270735,0.723839,-4.8549,-0.81744,-0.789912,0.040063,0.066077
3.929621,3.897925,1.201024,-3.10135,-0.393793,0.128358,1.650398,1.680553,0.99859,1.507409,-0.158673,2.148455
0.305264,-0.497026,-3.95948,2.065011,4.618934,-0.583951,2.802648,4.737272,-0.690697,-0.654889,-0.933162,0.623445
-0.188845,-0.003588,-1.098876,1.485483,-0.350928,0.783977,0.535281,0.235991,-2.525652,-2.427813,3.064269,2.105934
-0.1045,-1.623205,1.166694,-2.13813,0.283446,4.934264,-3.766028,3.997351,2.698558,-0.25642,-3.329815,-2.732314
-1.124145,-1.199763,-2.973303,4.49107,2.588423,-2.869293,-0.893934,2.931778,-2.89838,0.193512,0.429047,-1.716735
-1.105596,-0.760127,-1.561815,3.779085,2.18655,-1.000866,0.701663,0.570733,-3.465822,1.862678,2.277145,-1.262421
-3.380429,0.067201,1.417893,2.336493,-0.179206,-0.400894,-0.768557,1.329885,-1.868191,-0.147354,1.941245,0.589112
0.81324,-0.561625,-0.480766,-1.464834,-0.151889,4.797492,-2.659777,-0.439123,0.856505,-1.463189,1.053284,1.237071
-0.466113,-0.018246,-3.287644,5.52264,4.486861,-1.450915,-0.689563,1.463175,-1.827794,0.282704,3.792952,-1.686047
-3.169261,-1.231719,2.718522,3.367617,2.938395,-0.761417,0.469172,2.418907,-0.045677,-0.888013,2.829859,-2.06383
4.147328,0.433497,0.165165,-2.685628,-1.309601,1.114963,0.56898,-2.078694,-0.677694,1.839066,-0.553587,-0.490247
-2.009786,1.531398,-2.750481,4.790082,0.722999,-0.59658,0.466812,0.404278,-1.615625,-1.102514,1.890316,-1.936632
2.136902,-1.731938,0.595091,-0.000783,-0.311125,3.329117,-3.577797,2.58082,-0.104605,-2.198206,-2.673431,2.784122
2.763988,2.685306,0.283021,0.641384,-1.763173,2.12264,-2.803253,-3.07944,-0.493654,4.138395,-1.364352,0.444033
-1.630568,-3.551702,-1.225816,2.138142,5.475739,-1.477832,-1.796927,-0.167932,-3.672315,-4.021838,1.581717,-3.122172
-1.895482,2.071654,-2.590956,-2.011559,-0.626273,-4.197901,2.348054,-0.454415,2.242093,3.975084,2.096437,-4.708757
1.131982,2.113426,2.539897,0.896914,-5.716281,0.994364,2.393218,-5.01224,3.173631,-0.156295,1.765383,4.133493
3.4087,4.899332,3.980799,-1.436286,-2.731748,-0.298562,1.474122,-2.443833,-0.874989,2.555432,-1.499302,-0.631502
2.757824,2.244661,1.048782,1.744452,-3.467015,2.46062,1.250542,-3.455457,1.784959,3.168707,-1.573079,-0.574244
0.893133,0.920562,3.286501,-2.517494,-0.69856,1.201119,-0.715437,0.676103,0.961017,0.610875,-0.251099,-0.43019
-2.152967,3.686116,-3.172444,1.570509,2.115313,-0.897714,-0.588605,-0.014631,-3.193082,0.435718,2.62648,-2.493589
2.150892,6.13029,2.705986,-1.223559,-4.851302,1.55519,0.45939,0.20718,0.773729,1.974336,-0.142247,3.505958
-1.106128,-0.91407,-1.292078,-1.540821,-0.434372,5.254933,-4.048793,-0.353438,1.723462,0.619857,1.246685,2.573063
4.071603,3.079155,1.472184,0.167121,-1.648344,-0.086729,-0.498749,-1.011722,0.193107,1.621062,-2.143482,-0.137315
-2.770087,0.267929,-3.031955,7.003292,1.803708,0.509477,2.277948,2.221311,-1.009769,0.10527,-0.487231,-0.712803
-1.05182,-2.36634,-1.340713,1.72648,4.208911,-0.40765,0.788266,3.046552,-0.163451,-2.768983,2.522268,1.833525
2.243386,4.638696,0.189139,-3.081044,-1.449455,1.364316,2.613365,-1.444571,1.96291,4.022464,-1.588919,0.075927
-1.78111,0.25102,-2.112976,3.885583,-0.190277,-2.415311,-0.508229,2.356975,-1.013921,0.165158,1.367162,-0.516848
4.027353,5.317897,3.263581,-0.884097,-4.568307,-2.174744,5.576835,-0.923688,2.908631,1.410701,-1.554843,-1.159744
0.562106,-4.170084,-0.25699,0.26362,1.39806,2.217791,-3.409122,3.810275,4.647239,-2.867825,-4.335781,2.346067
5.053917,2.503548,1.517258,-0.772054,-4.685391,1.540108,-0.541206,0.140655,0.868415,1.703278,0.54089,0.93109
-1.849756,-1.290953,-3.950818,3.938722,2.186156,-1.170648,-0.356004,7.760872,-4.790679,0.354425,1.490295,-0.926117
-1.839866,-1.553166,1.675851,-0.607795,-2.642186,1.738503,-3.222731,-0.330345,1.709622,-3.900843,-3.000677,1.812701
0.811939,-1.769824,3.185301,0.241103,-1.626804,6.235966,-3.820644,2.691343,2.052551,-2.258714,-0.866587,1.277835
0.212948,1.762452,0.260326,0.011967,-1.330481,-2.085693,4.402833,-3.004541,-0.177926,2.148385,-3.182788,2.535282
-3.070511,-3.781902,-0.803332,1.17365,0.677555,4.073262,-3.11065,-0.337008,1.795137,-3.95461,1.171111,6.487461
2.264309,-0.803474,-1.616066,2.768196,-2.791295,3.714992,-0.467525,-3.258711,0.05207,-1.8946,-2.853571,3.97718
3.443251,3.583128,0.02084,-1.276342,-3.49428,1.288879,1.485074,-3.833144,-1.850509,1.439804,-1.77602,-0.806822
3.15561,3.712509,4.400384,-2.426447,-3.258447,-0.238749,2.214001,-2.397515,-2.699333,0.438081,1.972862,0.965174
-0.785592,-0.89432,-2.931407,-0.42551,4.609224,-1.401416,4.133404,2.184167,0.739165,4.011057,1.679741,-3.457191
-1.45853,-1.275384,-1.514213,-0.804379,1.246844,-0.54731,2.970917,-1.106963,2.720979,4.189963,2.309867,-4.447442
-1.364765,0.497236,-0.63008,2.217823,-0.014105,2.379145,-2.838613,-3.224831,4.38194,-4.741248,-0.864644,1.729324
-2.26706,-1.20333,-1.632198,-0.074694,5.004048,-6.794392,-0.06913,0.890473,0.199864,0.910431,2.841632,-2.283271
3.006479,-0.860586,2.094291,0.723235,-1.091216,-2.61314,2.942411,-1.758923,-0.976456,5.164555,-0.938073,3.221154
-0.340712,1.020723,0.601467,2.691396,3.080796,-0.309733,0.9921,2.60602,-2.669295,-1.490369,3.670884,2.310083
-3.276911,3.174252,-4.742939,0.208455,1.350311,0.701521,2.186204,0.966121,-0.922415,0.425847,1.178196,-1.424097
-1.603924,3.704842,-0.447207,5.076627,5.345472,-1.356557,3.021275,2.584397,-3.860241,0.316795,0.836382,-0.298147
-2.251247,-1.436316,-6.990832,-1.623901,0.975647,-2.507002,0.83705,-2.271786,3.975619,5.578691,-1.514039,-0.334545
-1.539133,-5.120866,-3.495994,-0.913323,0.565749,-0.864404,3.177179,-0.869642,1.583516,0.69368,2.407644,-2.678383
-0.580481,-0.772586,-0.958366,-1.29976,1.113677,0.159004,5.627503,-0.104827,0.737519,0.096823,3.683674,-2.384894
-2.782423,-3.264953,-2.112747,-3.50379,0.444324,-2.785186,3.531495,-1.756813,2.426114,4.860262,2.984111,-2.993014
3.622548,1.701189,2.249077,0.425436,1.844678,3.064508,-1.177945,-0.281675,1.217184,1.615287,0.953867,2.101483
-1.534454,-2.630858,0.756953,5.867911,4.497233,-0.852116,0.259109,2.818116,-1.824487,1.172201,1.075655,-0.828916
-2.238673,2.740808,-1.245932,3.405898,3.62467,-1.801884,1.597037,2.20482,-3.623393,-0.074034,-1.595846,-3.839499
1.44264,-4.128538,2.523411,0.363523,-1.760606,5.638859,0.848401,-0.679308,2.740017,-2.235096,0.325082,3.248674
0.739092,0.662684,-4.303198,3.220218,1.732858,-1.607368,-0.53316,3.008796,-4.448188,0.191748,4.521634,-0.00742
-1.376004,-1.002602,-4.476414,-3.622194,0.632856,0.284351,4.178832,-0.364972,0.556684,1.455454,2.149755,0.982325
1.92743,-4.547978,0.340276,1.684543,1.355748,3.449837,-3.093589,-1.554288,5.284461,-2.028776,-1.316596,-1.928295
0.818154,0.036862,-3.682609,-1.085061,4.682554,0.726534,5.386523,-1.595308,1.374594,1.735321,1.213113,-3.205487
-1.858955,-2.364901,-4.371032,-1.261106,1.415897,0.192742,2.805933,-2.200012,1.360995,3.349407,-0.446709,-3.96323
-4.534898,-1.31174,-2.232253,-3.523663,0.381826,-1.416347,3.609958,2.87284,-1.513403,2.643344,0.422588,-2.268529
1.222195,3.175841,3.005923,0.382724,-2.291303,-0.661648,1.633011,-3.85235,2.173129,2.030601,1.276732,-2.23548
1.520225,-1.272781,1.778966,-0.668736,-3.468532,4.084227,-2.109961,1.247569,2.506992,-3.119663,-3.495954,1.028153
-2.18968,-0.985137,-0.572206,-1.829932,-4.227682,-2.847318,5.615349,-0.674871,3.953261,3.497813,1.081174,1.287626
-0.321092,1.315398,-4.005825,-3.290079,-1.599517,-0.018373,3.65326,-0.419945,0.494561,3.912716,1.235182,-4.589933
-1.395732,0.225922,-0.807021,1.642138,0.519432,-1.973847,-0.139739,3.117629,-1.093125,0.196007,3.91226,-0.146178
1.456193,-4.986039,0.85751,1.067694,-2.348321,3.083548,-3.773836,1.583701,1.200816,-2.916515,-0.068183,1.748407
1.064457,-2.808091,1.908472,1.961009,-1.176152,6.175008,-2.547132,0.471919,1.404859,-1.44027,1.654794,3.125874
-0.08235,2.010693,-2.728624,3.750612,2.3334,-0.08597,-0.138867,1.970161,-1.066292,-0.149141,-0.455523,-0.999805
-1.823069,-0.888136,1.564844,1.117699,-0.847502,3.345081,-1.141888,2.579435,1.497932,0.985728,-0.94313,2.150558
-0.578276,-2.606992,-3.135317,0.256457,0.481815,-4.638337,2.525317,0.836296,3.254664,3.233838,0.729258,-3.11274
0.942695,-0.096152,-2.458288,-2.241982,5.450523,-2.676926,4.212132,0.343353,1.692331,2.567258,3.769099,-2.089115
1.776356,-1.01369,1.794295,-0.456764,0.268064,2.080164,-1.707175,3.439732,4.654739,-2.381992,-2.661282,0.498499
2.806903,-0.978023,-1.12874,-0.393547,-1.274123,1.544398,-0.925756,0.278774,3.364453,0.159116,-0.646991,3.233617
-0.523432,-1.376112,-0.847252,-1.893721,-1.206098,-0.584075,3.430758,-0.480673,1.463871,6.95984,2.301354,-4.078691
-3.290573,-0.26491,-1.125435,-2.927701,-1.631926,1.99225,2.646224,-2.514006,-1.250339,-1.611404,0.680331,-3.176672
1.920601,-3.4941,1.780403,1.359908,-3.066018,3.08108,-1.146787,1.170685,3.484171,-1.721991,-1.229746,1.686406
-2.397749,1.710316,-3.595716,3.694165,-0.133268,-0.7092,-0.008225,3.074549,-2.690866,1.808197,2.577797,-1.204684
-1.877186,1.221499,-3.451082,4.500235,3.977994,-2.978583,-0.532515,4.074563,-0.935457,1.669801,1.889141,-0.170748
-0.74426,-3.333232,-0.739322,-0.025361,0.49627,4.733573,-2.113589,0.731751,3.87375,-0.649973,-2.918897,1.112412
-1.952017,-1.457921,-4.822232,-3.796761,0.312528,-1.666798,3.847276,0.156848,1.215099,2.703871,0.694634,-0.199606
-0.279843,-2.599215,0.957514,0.832819,0.196239,2.693147,-3.936861,0.763036,3.136196,-3.810545,0.256696,1.525576
-1.313581,-1.369658,-3.762774,-3.360086,3.709613,-1.426587,2.732808,-2.167488,3.119276,2.476323,3.574153,-5.180389
4.831727,2.204363,0.253279,-0.508416,-1.26457,3.348658,1.016622,-2.397922,-3.316282,3.739485,1.313161,-0.397747
4.093499,3.723425,3.864666,-1.44622,-1.882269,2.524646,-0.051369,0.931243,3.178192,3.852317,-2.925214,-2.775259
4.547627,-1.720662,3.044702,1.592792,0.995764,0.066445,-3.382188,1.879703,3.29199,-2.533949,-1.09225,0.10546
-1.718126,-2.52253,-0.37311,0.650744,1.605496,0.149764,-0.990851,1.25917,-1.782294,1.104495,0.215363,-0.747656
-1.105587,-3.091737,-0.824183,-1.038214,1.00506,1.696366,-2.208677,1.977146,4.545161,-2.380919,-2.702784,3.721476
-0.015306,-2.924159,-0.331568,0.901177,-0.796459,5.000252,-0.978601,1.27998,2.505154,3.060774,-5.370885,1.588671
-3.013395,-0.683719,-4.047261,-1.84545,5.563092,-2.44881,-0.883223,3.633734,-5.840548,-1.868829,-0.67297,-0.729387
0.922593,3.874696,0.183066,-2.973642,-1.20615,1.388689,2.782234,-0.855041,2.623316,1.805561,-2.083311,-3.193798
-2.094425,-2.096664,-3.602435,-0.487092,0.951611,-4.025238,1.390116,-2.786106,-3.743481,0.413237,1.358917,-1.072427
-3.404981,0.275563,-2.901463,3.261746,2.011168,-1.31964,0.285397,1.242361,-0.648493,-0.621968,0.946215,-2.097406
-1.806454,0.489501,0.241778,3.824103,4.606468,0.307044,0.523188,2.023323,-1.533854,-3.568086,1.541529,-1.370187
0.592913,0.437957,0.167688,-4.496296,-2.544747,0.480569,-0.718325,-3.890171,-0.186247,3.522649,0.263291,-0.149369
-1.585954,0.655672,-2.181479,2.866903,2.687701,-1.955615,1.589449,3.130447,-1.381416,-2.594937,2.385089,-1.353276
-4.828158,-3.308797,-4.979917,-2.664655,0.402661,-0.290282,2.502955,-0.69485,3.966358,2.330513,1.703754,-1.756691
-1.127288,0.908437,-0.65619,0.581119,3.770068,-1.967529,-0.601227,0.832533,-5.454126,-0.868933,2.124091,-2.203374
4.954707,2.478669,-0.408513,-1.758744,-2.042697,1.105668,-0.08419,-2.380774,0.822507,3.106917,-1.502866,-0.119244
-2.365643,1.611635,2.48347,4.889116,6.011616,0.613104,-1.011326,4.062803,-4.103524,0.476021,1.895312,0.292851
-2.46219,3.780885,0.257481,-1.146025,1.638684,-0.029853,1.064571,3.898157,-0.762462,-1.875407,-0.010777,-1.242573
-0.488598,-1.999604,-0.144358,-0.126668,-1.048272,3.324233,-0.453149,2.021412,3.617593,1.036096,-3.085839,0.906281
4.014788,4.255977,2.88204,-1.617619,-1.309699,0.120229,1.963763,0.883017,-1.525733,-0.458904,-3.061258,4.157968
4.504282,1.67978,1.923191,-3.560357,-1.930201,0.446199,0.188882,-1.600798,1.884164,-0.596681,0.428617,0.806643
-0.872772,0.714721,-1.421604,3.10223,2.454629,-2.017692,-2.267982,2.848637,-0.065869,-1.940271,1.913501,1.002892
0.064818,-2.573088,-1.321708,-0.525917,1.418453,-1.430568,3.123388,-2.91968,-1.520044,2.264636,2.691666,-0.698074
-3.690867,0.007761,-1.439356,3.49304,2.315974,0.868454,-0.654943,-2.515301,-3.436349,-0.493123,0.850043,0.011842
1.092639,-4.034064,-0.546495,-0.037639,3.365216,2.933242,-1.650951,2.412429,4.908036,-0.678372,-4.532256,-0.134931
-1.263907,-0.07453,0.380416,-0.581583,0.49102,5.227465,-0.583794,-2.337239,2.313059,-1.323549,-1.824902,-0.159403
1.16172,-2.047892,-1.067832,1.920439,0.987405,0.79453,-3.792798,0.711801,0.145635,-1.987071,-4.961041,2.041934
-0.290143,-1.643552,-1.168588,0.546702,-2.232739,4.119463,-2.666788,0.380127,1.90175,-1.426331,-3.714623,3.879782
-0.97221,-2.034335,-2.082542,1.272239,2.628116,1.546568,1.861365,-0.993362,-1.259382,3.195501,0.711031,-3.111726
-0.638872,0.772689,-1.403734,3.889184,-0.426612,-3.929998,-3.149008,2.178434,-2.334571,2.384506,2.131395,-1.074119
-2.97295,-4.01197,-2.939715,-1.007103,1.863886,-2.048574,4.698466,1.096201,1.678293,3.581491,1.372375,-1.76197
-0.036813,-3.631925,-2.256328,2.104783,0.105727,3.118353,-1.139659,-0.166228,5.720033,-1.810376,-1.468684,2.39461
0.358006,-3.61056,-3.646465,-1.418888,0.757784,-2.909299,0.825742,0.056108,0.54618,2.353828,-0.14598,-3.122767
-0.672066,-1.628089,-4.776649,-2.856681,0.441452,-5.02858,5.303395,-1.227106,2.516142,3.243645,0.757007,-2.103315
4.188456,2.638057,4.806732,-0.745556,-0.422482,0.669299,0.921445,1.683979,1.235552,1.992515,-0.14051,0.745479
-2.914048,-2.290388,-2.554618,-2.010182,2.859652,-4.822898,3.502961,-2.230898,2.232874,4.313663,3.342413,-3.334578
-0.871515,2.895559,-1.257706,2.352385,1.538699,-1.679343,1.263791,3.077742,0.831319,-1.361028,1.953891,-2.204132
7.081361,3.321344,3.447099,-1.463536,-0.928258,0.552103,-1.458512,-0.927974,-2.324633,-0.2005,-2.777652,0.451365
-1.980563,1.221735,-1.486098,3.624073,0.792375,-2.215679,-1.605249,1.008324,-1.139558,2.162942,0.551614,-3.117611
-2.240279,0.501192,-1.895864,-0.141542,2.947895,-3.070875,0.394782,-2.054117,3.215184,0.432303,-0.592611,-2.72953
1.441619,2.143775,2.40305,0.853813,-0.113551,3.539864,1.193018,-3.260686,1.465988,3.31655,0.131611,2.014578
-1.87411,0.46119,-3.202424,2.347096,2.058075,-2.323209,0.915818,0.094181,-4.601914,-1.607076,0.242207,-1.207265
4.600253,3.930636,3.997751,1.62204,-0.797407,2.967588,2.135301,-0.05559,-0.138111,0.104051,1.324992,4.328987
2.339899,4.506015,2.481203,1.381476,-2.900878,1.976142,0.47404,0.227888,-0.380038,3.807516,-2.991783,2.925988
-5.087103,2.605486,-2.070539,0.433458,0.71058,-1.793789,-4.833192,1.21146,-1.410432,-0.328452,-1.166836,-1.636978
2.585897,-1.103834,1.807687,-0.258603,0.23491,1.625841,-2.262212,1.111637,1.387122,-2.944497,-1.868652,1.011989
-2.439081,-2.082514,0.077289,-0.530884,1.103688,2.373606,-4.125711,-1.392378,4.027911,-1.661835,-2.90216,1.919599
-1.727203,-3.630228,-0.814937,-3.551643,-0.759741,-0.733701,4.173906,0.262143,-0.037387,3.24377,0.327622,-2.770425
2.474894,-3.659016,3.564435,1.595953,-2.649413,4.55039,-1.546577,1.667321,1.944407,0.9078,-6.132524,3.991099
4.07689,3.014302,-0.002881,-2.447603,-3.369154,2.219451,0.86025,-1.076791,-1.179216,1.789427,-0.875242,2.791932
-1.469325,0.661484,-4.908318,-0.5096,0.32138,-0.092809,2.457306,-1.19848,-1.781224,4.576753,3.8522,-3.729279
5.609697,2.482989,1.730922,-3.735767,-2.343974,1.302289,0.896118,-0.761108,-0.230131,0.779428,0.266233,0.505278
-2.226803,-3.162413,-2.824822,-3.539745,0.37142,-3.012224,1.085999,1.418701,0.356662,-0.057572,-1.036264,-2.977512
-3.794323,-0.25247,-0.915721,4.77063,2.884663,-0.743397,-1.705785,5.285078,-0.323417,2.56776,0.664555,0.594295
-2.028131,2.257482,-0.0615,-0.01851,4.454128,-1.064154,3.382292,-1.159263,2.733293,2.711194,2.375037,-1.245043
-0.961079,-1.258164,-1.428379,-2.052123,-0.932496,-2.10346,0.973903,0.512683,4.458708,3.622636,1.877149,-0.918773
-2.777471,-3.064141,-1.599612,-4.308161,2.155255,-0.814851,1.554097,-0.331111,0.532457,1.869606,1.287838,1.532674
-0.503828,-2.207141,-5.145776,-0.231354,4.613055,-1.653421,1.026879,-1.149163,1.694379,2.171601,3.53426,-4.81878
0.812175,-3.41592,-1.337267,-1.144885,-0.50768,-2.293877,2.621432,0.604858,-0.127312,3.196512,1.565607,-2.694481
-0.710014,-1.872751,-3.158252,0.236764,1.050596,-0.49394,3.308089,-0.11165,-0.316513,1.267937,2.997567,-0.228196
-1.20921,0.124709,-3.167758,-2.640795,1.815076,-3.322613,4.065207,-2.346474,0.627095,2.45643,0.224079,-5.469403
-1.767132,-1.319157,-0.346671,4.05089,1.666113,-1.217047,-0.272064,0.867414,-0.833312,3.247689,4.644015,-0.692746
3.945852,0.798929,3.454528,-1.764344,-3.587426,0.713922,3.098474,-0.853948,0.997441,1.885785,0.368467,-0.915962
0.594218,-1.403717,2.001039,-2.104,-2.639761,4.14389,-4.319274,1.418945,-0.124133,-1.055146,-3.462371,-1.568333
0.645587,-0.338329,3.645729,-1.564365,-1.631727,3.537124,-5.229218,-1.390081,1.544656,-4.880645,-1.526869,0.87513
-3.151256,-1.899843,1.373728,2.148792,2.443093,-3.23404,-0.783048,3.273333,-0.405083,0.335375,1.513304,-1.153637
3.397021,3.039311,-0.117987,-4.584024,-3.609799,-1.20141,-0.346271,-0.935166,-1.69297,3.176957,-0.546065,-0.487951
-0.030228,0.47012,-4.317844,-4.003313,0.709081,-1.687274,1.486539,-1.719937,-0.962799,0.413781,2.438522,-0.666794
2.638889,-3.167119,2.169134,3.907218,-2.005437,3.221951,-2.769162,0.979063,2.954089,-1.803984,-1.541619,3.533471
0.015912,-1.335696,-3.224932,3.904643,1.886561,1.012202,-0.640543,-0.030861,-1.58118,-2.092476,0.482746,-1.425713
-1.247616,1.148307,-0.83834,1.790611,2.89893,-1.872801,-3.142674,1.34695,-2.43033,0.739347,0.494717,-2.060099
3.144444,4.812369,-0.249404,-3.483661,-3.643228,1.606043,1.855008,-1.056163,-1.214986,2.398863,-1.495395,2.011214
1.094834,-3.230391,1.369574,0.583304,0.926131,4.491044,-2.510746,-0.022573,2.319616,-1.766977,-3.244721,-0.677739
-2.70812,-1.714864,-1.170644,-4.259928,-0.472401,-2.345628,2.442631,1.9375,-0.007235,1.492588,0.311613,-0.684983
-3.279317,0.133044,-0.16625,5.499769,5.747816,-0.551145,1.235677,3.048505,-3.540917,0.983297,0.52029,-1.531842
1.912584,3.302858,2.600716,-1.968983,-0.021726,3.490036,1.499638,0.629829,3.113693,5.183662,-2.043492,3.029504
-0.737666,-0.056749,-4.602778,-3.730643,1.69989,1.186455,2.004549,-1.992529,2.678386,1.994377,0.561074,-2.447535
1.333746,-0.106237,-1.140561,2.779245,2.244974,-0.226013,-0.622662,1.677304,-1.902122,-3.038043,2.739007,-1.473027
-1.071084,-1.569973,-0.288274,1.958524,-0.716637,2.089689,-0.170637,-0.954185,5.220873,-6.289861,-1.259984,2.429643
3.004895,4.778106,-0.676699,0.181505,0.974733,-1.357718,-1.174184,-0.963037,0.36674,2.383649,2.213092,2.83317
-1.889361,-3.593678,-2.517076,-1.389846,0.219502,-4.332133,1.580291,-0.479826,1.843858,2.360427,0.507214,-1.592104
-1.659255,0.338998,-2.952066,0.574118,0.23926,-0.123703,1.925804,-0.303572,0.912807,2.157854,1.430317,-4.439133
1.713917,-0.791406,2.053456,3.678017,1.690205,1.537432,-2.020955,-0.063053,2.122639,-3.927072,-0.290613,1.76816
-0.110058,-1.765624,2.980958,3.127375,-0.483565,4.272336,-6.246917,-0.380015,1.77089,-0.587862,-1.662655,-1.450428
-5.134596,0.471184,-0.125407,2.488372,2.053676,-0.921874,0.14712,5.696938,-4.33172,-3.367121,0.30959,-0.206941
-2.427848,1.833216,-1.852583,2.494365,3.879254,-0.613388,-0.003152,0.267876,-2.993533,2.180274,0.701343,0.147531
3.1891,0.888756,1.175841,-2.382846,0.033853,-0.756908,-0.669822,-2.172982,0.082229,3.01069,0.373749,2.662051
2.097872,3.770316,3.421914,-0.179205,-1.517178,1.020983,-1.85863,-4.168705,0.463804,2.089226,0.17589,-1.233973
3.651374,3.828145,2.386712,-2.106803,-5.468161,1.33085,1.434972,1.030185,0.222697,1.101438,-0.09777,-0.241233
3.02837,1.309832,4.421789,-3.027009,-3.241067,-0.891102,2.757807,1.137094,-1.347294,3.611867,0.263815,2.4221
1.328382,-0.331575,-0.370333,1.406598,-1.73983,2.802498,-4.25342,-0.587776,2.188295,-0.505467,1.006975,-0.790878
4.378894,1.917649,-1.331363,-5.101787,-1.834068,0.054884,2.441272,-1.058357,-1.059706,1.880506,0.150886,0.851101
2.864532,-2.840119,1.149312,0.683541,-1.396637,2.923065,-2.845923,-0.654746,1.927834,-3.2968,-1.749134,2.424862
5.147633,2.049082,4.921087,-1.437384,-2.731388,-0.004192,0.816358,-1.360554,-0.76267,1.910002,0.690235,0.515986
2.227812,-1.429844,0.492667,-0.04042,-0.783528,1.136927,-3.085552,-1.336744,2.44543,-0.27431,-2.37977,0.743447
2.142363,2.703263,0.896655,2.183546,-0.40465,1.477957,4.055419,-2.375956,-1.284048,0.926766,-1.337039,-0.747198
2.106669,-2.045693,2.480732,3.994694,1.259718,1.94359,-2.127021,-0.354127,1.518851,-2.279929,-4.691525,2.938682
-2.875278,2.637513,-3.428069,2.995779,2.435227,-0.517104,2.952495,2.548453,-2.157615,-0.076504,2.6301,2.221829
-2.937083,3.981548,-2.374785,0.627628,3.947134,-2.166148,0.50989,4.082799,-0.646627,1.107228,4.654187,-2.274591
-3.40671,0.879003,-1.770892,1.44084,4.407861,0.931593,-4.338072,1.059499,-0.734127,-1.313987,0.346201,-1.202743
0.342158,2.312777,-3.542283,2.607601,1.866668,0.020901,-1.770214,2.604197,0.154096,-0.609454,0.698452,-0.690362
2.164254,2.393695,1.783865,-2.155805,-3.117109,0.485643,1.351742,-1.477308,0.612256,4.073698,-2.07274,1.790279
2.788484,-0.557119,-1.450502,0.68281,-1.078333,5.426114,-1.363917,0.204627,5.005762,0.442778,-1.159426,3.157367
0.12027,-0.954611,-3.019604,-2.829859,0.834915,-3.980608,2.575918,-1.055015,3.740407,0.874922,2.746815,-5.488122
1.394027,0.107628,5.330845,0.065035,-4.805819,2.699034,-0.040573,-0.602995,2.882245,0.000743,-1.100956,1.136824
-1.019774,-2.844936,-4.145398,-3.410347,1.645538,-0.840652,6.45551,-2.600941,3.946357,2.745174,0.691337,-2.872565
-0.571701,2.164732,-2.414282,6.005987,1.876179,-1.945659,-0.298112,4.927794,-0.87722,-0.897629,3.863056,-3.418265
-0.224279,2.528448,-1.53148,-1.142641,3.389995,-1.801675,-1.106044,3.847788,-0.785062,-1.987117,2.465132,-1.374841
0.512057,0.542895,-4.885831,-3.788678,0.248722,1.856177,4.010534,0.501259,3.130628,4.98534,1.767605,-2.65804
-1.550694,-1.975091,-3.719595,-1.669453,-2.028497,-0.36387,3.727309,2.050197,1.505659,3.568724,1.416934,-2.703609
2.351182,0.677671,1.301726,1.401677,0.406845,0.976439,2.211137,-1.255686,-1.815097,1.751222,0.257142,1.490548
-3.67472,1.580412,-1.172731,4.694767,3.043929,-0.448861,-1.121429,5.098356,0.026492,-0.376271,0.77757,-2.924782
-4.728454,0.598464,-1.909998,5.640668,4.511917,-3.843944,0.520684,3.672022,-2.842485,-1.202301,0.003429,0.608537
4.965392,3.356323,1.819436,-1.951933,-1.133416,-3.405418,0.385816,0.139006,0.334525,2.61415,0.303902,3.382528
-1.449038,-1.591014,-1.761872,4.79227,2.463522,1.226701,-2.296847,1.487102,-3.480401,-0.42337,2.918538,-2.46767
2.087828,3.576625,4.375188,-1.280993,-3.009244,-3.962064,1.297691,-2.953376,-0.258748,3.746253,-0.016856,0.755467
-3.019327,1.731439,-3.481092,-1.810352,1.640808,-1.464749,3.478245,3.047484,0.990771,2.217499,-0.117553,-0.643376
1.129537,-1.201123,1.588493,0.781047,-0.665738,2.397914,-1.862478,0.441759,1.384618,0.914584,-2.86298,0.660464
2.877152,2.38423,-0.519375,-1.517329,-1.161134,0.106551,1.693565,-4.556534,0.431331,2.1443,-0.073834,1.723744
0.277548,-2.282556,0.309097,-0.250996,-1.01636,2.077099,-3.168166,0.893119,1.849881,-4.390554,-0.438852,-1.210601
1.211879,1.919498,0.089258,-1.887329,-0.289335,2.70217,2.182909,-5.185559,-0.287701,1.72063,-5.323686,1.884674
-0.345431,-2.064431,3.964241,1.030009,-2.09175,4.176698,-2.528836,1.884798,0.916202,-2.567638,-4.359116,2.485512
1.725619,2.460216,3.432469,-0.53868,0.023404,0.260263,2.745031,-1.992121,-1.023539,-1.835663,-0.365914,-0.79699
-1.334006,1.366494,-3.625216,-4.018169,1.450542,-1.640538,0.318077,-2.098985,4.939893,3.772459,0.360782,-2.413831
2.448605,-0.102406,2.450802,-1.637978,-1.982972,2.634811,0.846896,-0.342719,0.845808,0.940136,-1.312759,0.528925
2.416192,-1.207196,1.815006,1.302342,-0.35872,0.171213,-1.367289,-0.704238,2.978668,-5.698957,-3.758115,0.154398
0.530913,-4.58502,3.369579,1.431504,2.019502,1.602534,-2.83901,0.770016,3.513913,2.095018,-3.338527,-0.207682
-1.559771,-5.8497,1.249578,1.028608,-0.807007,2.0509,-1.25504,0.516722,1.038236,-4.473096,-2.926407,1.634957
2.041917,-2.148103,0.283413,1.752169,-1.221342,1.005216,-2.924626,-0.576638,3.879625,-1.139424,-6.019346,4.399052
-2.388516,-2.910744,-2.026782,4.490717,2.470738,-1.698177,2.136991,1.288416,-1.294619,-1.312532,2.033118,-1.995956
1.155796,5.830294,3.213871,-0.30747,-1.807281,2.969879,3.807394,-1.226878,2.450211,0.78916,-2.598043,1.589763
1.804201,0.71448,0.633558,0.357548,-0.392333,3.421207,-3.84269,-1.054951,2.075384,-2.717074,-2.211352,1.107476
3.204146,-0.810879,-0.067178,2.936359,-0.712063,3.922833,-5.184302,1.571278,-1.090035,-1.160383,-2.947834,-0.226885
1.608278,4.987452,3.168542,-0.540463,-1.510439,1.266411,-0.53008,-1.734048,-2.833439,-0.454507,-1.346066,3.229795
-3.422894,-0.880104,-2.97981,1.859859,2.451301,-1.962869,-0.58729,4.344381,-0.175767,2.833073,-0.519239,-1.423982
3.572159,-2.715737,0.301002,-1.023317,0.977817,3.983746,-5.153334,-2.531714,2.794997,-0.402575,-0.375057,1.222945
2.522057,1.870207,0.687383,-2.680099,-6.0732,-1.440442,-2.798405,-1.952685,1.11848,0.753039,-2.042172,2.862864
1.295564,1.146299,-2.313483,-2.014464,0.892382,-0.471868,2.032774,-0.378565,1.700209,0.77581,1.942418,-3.982822
-0.736857,1.871827,-3.323522,4.659463,2.471672,-1.282101,-1.585441,2.400333,-0.800819,-2.292759,0.712364,-2.76823
3.529591,0.730662,2.471152,-3.087789,-2.51597,0.192082,2.642434,-2.174511,0.657838,2.444458,-1.779136,-0.760674
0.718708,-0.418271,-5.177244,-3.741166,-2.910151,-2.102553,3.364068,0.153251,0.820766,4.30217,0.953514,-3.12621
-1.254038,-2.375466,2.429829,-1.200685,-2.179348,2.833351,-3.092162,3.449518,2.369377,-2.116232,-1.39448,3.14251
0.39713,-4.15065,-1.766755,1.858998,4.281901,-2.077592,-1.147556,4.735411,-2.328899,-2.364516,1.362839,-2.543739
-2.328582,-0.323253,-1.72232,-0.809482,2.864483,-1.605018,2.622357,-2.300566,1.13499,2.192902,4.792487,-3.063827
-2.346693,1.089708,-1.958761,-1.531102,2.392389,-4.294561,2.442546,-1.802336,-2.842636,2.821733,4.558483,2.599473
-0.795026,-2.191643,1.430331,-0.248601,-0.250593,5.462337,-3.944006,1.475967,1.525828,-2.044613,-2.171321,1.39815
-5.203091,1.002611,-1.515963,4.697793,2.493184,0.951851,-1.022119,2.810738,-4.924448,3.929214,2.478021,-0.311345
1.567742,2.908198,2.354612,-3.056514,-3.281959,-1.78063,0.026582,-1.571454,3.939518,2.739456,-1.475106,0.747979
-4.463601,1.03176,0.08186,3.262624,2.142284,1.506883,2.166557,2.16824,-0.384917,-0.279302,-1.1215,0.416532
2.852092,-2.024035,0.34839,0.365585,-0.120211,2.152674,-0.656107,0.580646,3.4736,0.819789,-1.814622,2.179306
3.879565,2.184672,4.981781,1.305922,-3.190727,-1.650639,-3.00879,-0.881645,-1.176008,0.890214,-3.050985,-0.559593
-2.652681,-1.751743,-1.871835,-2.408534,2.349401,-2.049908,3.817067,-0.334124,3.233723,0.476419,-2.125739,-0.525343
-1.225069,2.76057,-0.608814,4.234022,1.249432,-4.020536,2.100985,3.252583,-2.381503,-0.764914,2.023429,-2.138548
-1.657339,-0.281994,0.530588,3.624488,2.929526,0.439475,0.271751,-0.429819,-1.943574,0.509421,3.580763,-0.740522
-1.594032,1.085599,0.504801,2.12475,-0.436245,2.24468,-2.578484,-2.423942,6.040289,-2.164736,-2.084208,4.036043
-0.330621,-0.347273,-0.520641,-1.979825,-0.517216,3.1765,-2.823479,-0.782654,0.789538,3.096234,-6.008767,2.620836
2.610633,-3.312862,2.092993,1.081896,0.431909,6.589252,-3.193401,-3.16781,2.525276,-4.923379,-4.76322,3.203919
-1.716025,0.934395,-2.327464,4.50395,2.59419,-3.599375,0.436195,2.207641,-2.435065,0.351476,-1.039395,0.179109
3.015311,1.837226,2.362871,-0.566163,-2.258439,1.322058,0.35608,-1.303586,-0.822423,1.428736,-1.191213,1.734426
2.650215,3.75645,2.225575,0.075993,-2.225651,1.47662,1.394131,-2.57502,0.930105,0.354276,-2.2999,4.40101
-0.6907,-0.97055,-5.098534,-2.10487,1.93737,-2.56537,1.71534,-1.272564,0.278657,1.677713,4.341682,-2.501562
-3.120822,-0.303507,-3.136922,-1.279184,1.149387,-1.304503,5.72382,2.624482,1.756458,2.0354,3.695473,0.088958
-1.854675,0.611511,-2.998244,-2.192179,-0.415607,-1.115341,0.972688,2.827785,1.466575,1.64332,0.845418,-3.686229
-2.426473,1.740287,-4.991039,-2.357084,3.2086,-4.123372,1.104335,-0.365742,1.035217,2.84955,2.582706,-4.100833
-2.137833,3.74565,-0.761627,3.079484,1.808146,-0.912774,-2.425542,3.663356,-2.523442,-3.126011,2.010146,1.819934
0.953332,-2.210197,2.31591,0.894286,-1.215686,6.149583,-1.672419,-1.502898,-0.663826,0.022124,-1.318265,5.865195
-1.130455,1.763238,1.447625,-0.305609,6.62797,-2.124707,0.95993,1.977351,-1.546613,-1.820748,3.546207,-1.409934
5.432068,3.236996,2.3481,-1.165919,-3.437679,-0.29896,-0.990775,-4.027951,2.224061,2.736453,-0.878058,2.393627
1.903091,1.368309,0.870926,-0.146557,0.056935,-2.624824,0.418246,-3.475461,0.583884,1.302511,-0.678528,1.551861
1.252797,3.214663,2.22666,-0.790332,-3.993527,0.101762,0.774945,-0.717495,-0.952045,3.125838,-0.551985,0.550263
