x1,x2,x3,x4,x5,x6,x7,x8
48.186,17.076,79.182,34.786,52.381,30.681,83.898,12.563
50.117,15.476,81.9,33.0,53.583,30.771,88.179,11.791
53.411,16.383,99.668,33.345,56.452,29.313,96.754,4.554
40.454,19.789,78.811,32.872,34.329,20.654,72.509,18.584
59.1,23.112,93.602,21.973,76.31,18.891,62.236,8.739
62.684,23.052,115.147,20.049,63.391,26.458,83.566,13.156
51.858,14.815,82.051,32.614,53.632,30.455,89.404,11.376
63.551,22.635,105.572,17.891,67.19,26.593,78.854,13.145
36.336,22.896,148.139,36.767,56.562,19.42,73.274,7.838
51.512,18.036,113.888,19.136,73.573,26.467,61.49,12.596
58.742,24.833,90.917,22.667,75.254,17.342,62.876,7.881
48.137,17.572,80.142,35.91,57.316,32.668,82.05,11.243
62.637,27.395,90.067,24.24,73.862,17.17,67.212,7.927
48.475,16.35,101.159,32.444,34.682,8.903,83.652,-2.275
30.949,15.472,136.647,28.718,69.636,26.638,51.204,12.512
62.881,27.794,89.033,25.637,71.367,18.702,69.942,7.568
47.213,15.896,99.102,32.303,35.861,9.194,83.218,-2.247
48.227,15.635,94.813,29.736,32.202,9.248,83.432,0.584
55.523,21.026,97.573,20.324,77.16,20.81,60.917,10.006
54.231,18.107,111.875,18.958,74.228,26.319,60.241,12.616
50.122,15.882,80.246,33.488,54.658,31.353,88.432,11.993
53.582,18.217,113.619,19.356,72.86,27.435,62.974,13.006
66.296,22.495,98.268,21.703,66.216,29.227,89.463,12.178
48.119,14.593,81.291,26.356,33.239,13.616,84.063,10.715
50.299,15.716,81.068,33.072,52.037,29.024,87.747,12.678
63.858,22.289,109.864,18.8,66.749,26.214,79.749,13.19
34.359,14.7,131.5,26.213,72.003,27.314,50.068,13.102
48.844,17.38,80.75,34.845,54.339,31.524,83.344,12.242
50.245,15.485,79.873,33.886,53.807,31.207,85.151,11.933
65.072,22.639,98.664,23.113,66.907,29.609,88.23,11.788
48.956,16.941,78.867,36.073,57.211,32.689,84.153,11.612
49.757,16.561,80.199,33.552,51.929,30.774,85.459,12.467
53.299,17.803,108.377,19.095,75.222,25.807,60.934,12.269
55.32,18.305,86.76,33.862,66.485,34.838,87.329,9.825
47.794,15.207,93.926,29.713,36.615,11.717,86.948,1.355
64.166,24.836,92.925,23.657,69.669,24.522,81.753,10.309
50.472,15.078,82.197,32.477,51.707,29.877,87.689,11.63
48.19,23.736,134.942,30.024,57.674,21.98,80.766,9.74
65.491,24.361,93.223,23.624,68.232,26.256,80.899,11.502
52.724,15.497,98.308,34.418,56.82,28.831,97.658,4.101
65.565,26.555,93.227,23.418,70.755,21.303,74.482,9.329
55.929,20.74,95.849,20.915,78.259,19.532,58.12,9.011
53.731,15.845,99.375,33.886,56.372,28.819,97.55,4.283
35.655,11.549,120.51,20.421,77.47,26.584,39.419,13.218
66.315,23.535,95.887,22.033,67.702,27.412,82.447,12.248
48.096,18.215,81.286,37.006,59.109,33.098,84.272,10.669
49.055,17.133,79.797,35.108,56.08,32.118,82.019,11.931
51.214,17.812,110.081,19.616,75.065,26.018,58.572,12.764
48.855,16.387,104.497,37.961,48.243,18.334,90.538,-2.957
46.744,24.506,138.982,30.909,57.502,20.621,80.003,8.985
51.252,24.17,134.039,28.86,57.615,21.605,82.011,9.584
65.453,25.475,93.789,23.138,70.514,23.316,76.46,10.327
56.432,23.201,123.862,23.368,60.438,23.942,83.022,11.787
65.778,22.98,97.069,22.288,65.677,28.527,87.21,11.827
32.727,13.897,132.258,24.784,73.572,26.908,45.545,13.302
33.17,34.018,97.325,57.013,56.748,20.506,40.161,1.118
33.278,20.409,147.56,36.116,59.961,22.009,65.346,9.54
33.305,16.986,138.991,29.626,67.545,25.533,58.869,12.045
66.546,24.14,94.396,22.883,67.972,26.819,82.026,11.093
49.76,14.867,82.586,33.283,53.264,31.327,88.328,11.816
65.055,25.508,93.247,23.342,70.072,24.265,77.554,10.297
31.467,16.984,142.309,30.564,65.765,24.76,57.533,11.59
60.376,25.97,92.748,23.537,75.248,17.03,63.577,7.932
36.454,11.109,114.158,20.591,80.301,24.957,37.091,12.365
64.86,22.377,110.344,19.184,66.121,26.512,81.381,12.778
48.842,16.493,103.042,34.603,37.421,9.569,84.078,-3.819
34.169,11.089,119.3,20.166,79.382,25.073,34.007,13.132
50.792,23.475,132.221,28.175,59.331,21.92,82.713,10.358
29.395,13.353,134.704,25.915,72.315,26.24,42.952,13.461
47.529,15.738,96.408,30.708,37.983,12.273,86.035,0.781
33.237,13.595,132.039,25.434,73.187,26.932,45.92,13.678
63.707,21.942,108.861,18.966,66.291,26.619,78.804,13.3
50.273,16.071,80.618,33.08,53.553,31.112,86.901,12.048
32.245,15.358,137.278,27.769,70.554,26.464,50.24,12.583
65.872,22.79,98.249,22.579,66.737,28.542,85.935,12.037
52.589,23.251,129.471,26.569,59.084,23.516,82.21,10.979
64.141,22.86,109.197,18.667,66.758,26.222,82.142,13.277
51.331,14.358,83.495,32.798,53.199,30.326,91.943,9.792
34.989,12.146,122.378,21.535,79.327,26.834,37.614,13.347
59.72,24.412,92.282,22.281,75.746,17.995,62.273,8.844
50.055,15.585,81.839,33.002,52.202,30.189,89.624,11.846
54.92,19.285,100.355,19.732,78.175,22.278,58.235,10.535
59.419,22.915,120.949,21.439,62.082,25.168,84.276,12.328
47.307,24.401,85.382,41.171,69.287,30.875,71.681,6.012
65.537,24.677,92.151,23.069,69.251,25.19,79.707,10.618
49.58,15.939,79.109,34.615,55.056,31.641,88.206,11.801
51.672,14.566,85.169,33.859,57.346,33.172,89.82,10.415
53.036,18.296,106.927,18.788,75.319,25.048,58.919,12.006
53.302,18.479,109.036,19.055,75.727,25.715,62.14,12.499
47.898,15.519,91.998,27.972,33.557,9.898,83.627,3.742
48.586,16.134,80.044,33.13,50.157,29.792,84.765,13.063
61.739,22.46,114.302,19.681,64.563,26.767,82.04,13.169
32.018,12.741,129.998,23.858,74.891,27.112,41.168,13.632
64.12,22.589,111.768,18.384,66.899,26.918,79.955,13.442
47.673,17.449,82.339,36.061,54.802,31.895,82.857,12.119
50.454,16.4,104.511,35.578,53.017,24.087,94.71,0.917
65.517,24.654,94.236,23.17,67.739,26.986,83.094,10.991
40.284,21.219,140.591,31.787,61.828,22.421,70.201,10.211
48.783,14.577,85.086,26.938,32.858,11.655,86.074,6.606
48.455,22.762,85.402,40.38,67.609,31.358,74.898,6.612
50.474,15.886,81.669,34.479,54.541,31.448,85.108,11.887
57.291,16.342,91.409,31.324,64.013,34.568,93.383,9.415
30.074,19.24,147.456,35.649,61.907,22.271,61.951,9.888
62.971,26.991,91.127,23.096,72.168,18.543,70.31,8.366
39.054,29.699,89.63,51.97,64.936,25.048,53.565,1.746
48.321,16.8,80.978,35.909,57.822,33.785,85.135,11.33
51.216,15.028,82.839,33.613,56.907,32.583,89.34,11.149
53.35,18.799,111.055,19.067,72.783,26.91,64.352,13.214
48.501,16.879,80.858,34.519,54.207,31.355,83.362,12.223
63.671,22.435,106.146,18.259,67.46,26.232,82.384,13.442
51.465,14.403,84.387,33.46,55.905,31.671,90.703,9.67
48.327,23.314,85.698,40.73,67.974,31.068,73.566,6.346
40.351,21.051,142.583,32.609,60.365,22.2,71.645,9.91
41.971,18.459,76.467,31.312,34.138,20.369,76.043,18.393
64.362,25.392,91.908,23.663,69.41,23.438,79.019,10.239
38.091,21.028,144.123,33.55,60.296,22.172,68.079,9.452
48.797,16.584,106.594,37.137,48.312,19.778,92.784,-2.195
45.92,18.672,79.615,36.098,53.938,30.587,80.67,12.316
52.322,21.336,85.877,36.694,68.354,33.385,80.317,7.889
48.439,15.286,89.271,27.729,32.653,10.731,83.816,4.907
47.186,16.64,106.025,36.932,41.68,12.787,86.842,-4.116
61.339,27.005,90.712,25.312,73.478,15.6,64.977,6.819
50.819,15.543,79.332,32.412,50.733,29.293,86.307,12.166
35.429,11.845,122.795,21.156,78.034,27.12,40.09,13.366
56.051,17.631,85.825,32.96,65.364,35.373,88.343,9.659
34.216,20.299,146.595,35.346,61.314,22.313,67.918,9.629
44.432,16.218,75.492,27.827,31.55,17.257,79.285,17.778
50.648,14.431,82.274,32.331,53.629,30.35,90.975,10.942
50.31,15.056,83.714,33.599,56.013,32.084,87.04,10.947
50.817,16.147,101.802,34.763,55.888,26.43,94.885,2.665
58.953,24.65,92.356,23.75,76.272,15.619,60.249,6.992
48.196,17.003,79.49,34.68,52.564,30.347,84.955,12.522
32.508,34.622,97.158,57.118,56.365,20.731,37.468,1.858
65.545,21.592,97.719,22.281,65.419,29.503,88.085,11.859
58.114,22.859,120.47,23.357,61.773,25.049,82.762,11.898
48.021,16.843,104.986,37.348,42.914,14.641,86.749,-3.715
50.887,17.22,110.267,19.4,75.94,26.118,57.305,12.657
43.148,17.948,75.819,30.19,33.116,19.415,76.294,18.721
50.396,15.438,81.046,33.723,55.018,31.441,88.119,11.932
57.995,18.18,87.752,31.792,66.637,34.947,87.94,9.949
49.59,16.25,81.528,34.951,55.291,31.784,85.415,11.952
35.532,20.616,144.189,33.632,62.41,22.375,68.55,10.24
47.178,14.956,84.894,26.331,32.153,13.116,84.428,8.344
55.795,20.462,97.153,20.642,78.24,20.323,56.627,9.449
34.691,11.693,122.329,21.853,77.931,26.115,39.564,13.276
33.079,19.254,143.221,32.967,63.196,23.374,61.554,10.607
52.417,23.714,131.925,27.786,58.651,22.301,79.365,10.45
35.253,24.724,82.433,37.852,37.987,21.3,63.536,16.605
31.697,16.117,139.331,28.579,68.188,24.951,54.347,11.936
57.352,23.834,122.52,23.564,59.516,24.403,84.99,11.226
32.77,14.023,130.937,24.838,73.153,27.096,46.953,12.906
54.691,19.752,98.211,19.833,78.365,21.254,57.498,10.182
55.162,19.146,85.096,34.327,67.147,33.95,85.947,9.086
34.216,20.901,146.244,35.217,60.388,21.529,68.587,9.796
60.405,22.806,116.39,20.899,63.155,25.814,84.949,12.603
47.176,17.373,79.439,33.108,47.526,28.392,84.27,13.674
57.016,15.977,90.83,31.213,62.411,33.885,92.676,9.124
47.758,17.265,80.41,34.907,53.452,31.611,84.699,12.112
65.677,22.286,97.886,22.12,65.709,28.866,89.415,12.0
64.048,26.925,91.407,24.299,71.508,20.543,74.843,9.395
53.66,18.676,103.773,18.799,77.905,24.414,58.067,11.716
47.937,17.106,79.415,35.427,55.289,31.733,83.416,12.033
56.13,24.303,127.914,25.115,58.908,23.177,85.664,10.793
61.63,27.979,88.683,25.257,75.085,15.696,64.802,6.978
55.4,16.294,96.462,33.109,58.939,31.439,96.286,6.31
43.838,17.523,75.218,29.671,33.155,18.787,78.623,18.388
56.667,16.131,94.952,32.229,61.024,32.056,95.541,7.3
41.053,22.932,142.088,33.543,56.936,20.883,73.968,9.087
66.858,22.87,96.996,22.579,65.381,29.308,87.819,12.095
47.977,17.981,79.015,34.791,51.639,30.164,82.746,12.991
48.522,15.876,80.847,33.929,52.349,30.876,86.694,12.103
51.197,14.432,83.167,32.9,53.779,30.647,91.733,10.925
37.051,20.599,141.426,32.462,62.264,23.281,67.797,9.808
34.481,19.118,144.892,33.158,62.791,23.321,63.333,10.403
37.848,29.454,88.347,51.278,65.65,25.66,53.663,2.438
51.005,14.811,81.308,32.701,53.172,31.188,87.938,11.195
29.116,34.831,97.176,54.188,49.47,18.473,38.088,5.537
49.801,15.856,80.374,34.564,55.691,32.199,87.129,11.452
33.865,19.2,142.667,32.856,63.286,23.604,63.873,10.725
49.935,15.407,81.962,33.578,56.336,32.296,87.317,11.666
38.044,30.334,90.5,52.978,64.681,24.41,51.75,1.718
62.335,27.269,89.641,25.361,71.959,18.4,69.743,7.768
54.596,15.937,97.657,33.861,58.308,30.42,95.835,5.193
46.511,17.519,79.434,34.656,51.493,30.071,83.053,13.272
34.986,11.664,120.767,20.733,79.346,26.362,38.03,13.352
56.928,22.675,122.764,21.903,62.304,24.801,85.75,12.419
48.82,16.339,79.926,33.776,53.609,31.595,86.411,12.428
64.614,27.221,92.052,23.804,72.963,20.085,70.135,8.663
60.975,25.776,90.453,23.721,75.242,17.273,63.982,7.529
48.518,16.385,80.811,35.354,55.975,31.991,85.83,11.657
53.831,18.465,107.428,18.564,75.688,25.028,60.09,12.447
49.935,15.407,81.652,35.087,56.523,33.333,86.666,10.938
62.962,27.435,91.979,25.257,72.959,17.466,68.444,7.625
31.771,32.385,92.537,49.545,46.408,20.261,45.507,8.275
39.259,22.046,142.822,33.508,60.836,21.707,72.209,9.346
31.102,34.665,97.8,54.928,50.318,19.392,39.04,4.222
47.718,16.054,79.502,33.746,52.759,30.829,85.956,11.997
62.647,27.372,89.95,24.623,72.817,16.742,68.188,7.539
60.104,25.054,92.348,22.288,75.245,17.516,64.504,8.321
48.873,16.132,81.296,32.596,50.052,29.59,85.885,13.262
33.085,12.78,129.393,23.581,74.986,26.181,40.2,13.475
47.645,15.712,92.766,29.508,36.001,10.361,85.216,1.88
61.588,25.031,92.932,22.732,75.692,17.925,61.67,8.367
38.708,20.921,142.069,32.758,59.627,22.419,70.283,9.594
57.137,17.791,86.814,31.709,66.263,35.057,88.897,9.687
32.891,17.258,140.597,30.838,66.094,24.498,56.601,11.579
66.203,22.556,99.438,23.013,66.991,29.689,89.494,12.097
62.689,26.633,90.616,24.492,72.659,16.729,67.709,7.998
61.01,23.139,115.858,21.17,63.062,25.874,83.258,12.609
47.24,16.681,101.811,34.441,38.297,9.0,83.736,-2.872
64.391,22.604,105.597,18.208,67.116,26.094,78.16,12.936
34.278,27.191,87.307,41.9,40.189,22.303,58.118,13.943
66.817,24.776,93.91,22.214,69.157,25.558,82.439,11.266
35.909,23.996,80.789,37.106,36.065,20.412,64.93,16.946
51.805,16.444,102.203,35.03,54.51,26.553,95.353,2.847
57.255,16.219,93.902,31.255,62.086,33.858,93.434,8.668
51.196,15.054,81.447,33.938,56.323,32.452,87.288,11.069
48.621,15.971,80.631,33.033,52.714,30.099,85.805,12.349
51.342,15.115,80.889,33.062,53.999,30.88,88.484,11.789
32.641,29.884,91.204,45.894,44.262,21.388,50.901,10.736
31.317,14.755,136.636,27.742,70.406,26.513,49.288,12.556
57.809,16.71,89.782,31.7,63.938,34.616,92.953,9.148
59.222,24.129,91.33,22.264,76.456,17.265,62.153,8.447
48.154,15.116,88.955,27.592,33.853,11.799,84.886,4.564
45.724,18.954,81.312,36.916,53.783,30.342,81.482,12.567
46.853,16.568,105.056,36.53,40.637,12.51,84.753,-3.155
59.944,22.653,116.864,21.399,62.278,26.073,83.622,12.984
50.044,15.267,82.032,33.032,54.176,31.505,89.318,11.255
66.351,22.429,97.337,22.284,67.844,29.06,88.435,12.13
50.757,23.91,133.501,28.065,58.602,21.846,81.129,9.946
33.919,27.468,87.028,41.584,39.252,21.028,57.622,14.945
53.64,20.156,86.376,35.055,67.671,33.575,81.14,8.809
46.47,18.478,79.706,36.223,54.685,31.097,80.398,12.16
39.822,20.52,77.022,33.257,35.118,20.311,72.447,18.576
34.572,12.298,126.579,22.018,75.932,27.24,40.468,13.533
54.312,23.779,129.96,25.454,57.763,23.277,84.828,10.472
61.709,26.583,90.661,23.265,72.54,17.844,65.48,8.069
49.002,15.573,78.993,33.737,51.839,30.351,86.789,12.177
50.334,15.197,81.898,33.937,55.653,32.205,88.839,11.423
57.355,20.963,97.945,19.109,76.709,21.61,60.173,10.345
49.94,14.886,82.119,32.682,53.697,31.148,89.409,11.515
66.019,23.388,95.781,21.627,67.812,27.648,84.818,11.87
60.559,22.867,117.531,20.905,63.519,26.089,82.936,12.528
31.614,17.238,144.151,31.34,64.885,24.379,59.022,11.243
45.089,18.81,82.662,37.537,55.954,30.807,79.069,11.51
34.226,17.481,140.962,31.066,64.562,24.886,58.712,11.194
50.044,15.457,80.659,32.769,52.44,30.796,87.261,11.569
57.372,23.613,123.796,23.965,60.063,24.326,84.259,11.82
62.611,22.683,114.127,19.925,63.488,26.528,83.159,12.962
49.074,16.491,80.534,35.185,55.167,32.383,86.127,11.55
53.407,23.776,129.251,25.788,60.072,24.148,84.662,10.811
48.002,14.983,86.736,26.625,32.356,11.212,83.859,6.386
63.722,22.831,106.576,18.285,66.846,26.194,79.915,13.309
46.08,23.588,137.093,29.474,58.915,22.303,79.266,9.775
34.352,11.819,125.835,21.647,77.437,26.399,40.776,13.712
63.199,26.922,91.174,24.58,70.274,20.192,74.476,8.63
48.088,14.804,86.991,26.964,33.104,11.636,84.018,5.879
56.154,23.247,125.995,24.457,59.901,24.04,82.148,10.967
49.627,15.473,81.078,33.664,54.035,30.399,86.991,12.115
67.652,22.128,97.129,22.987,64.353,29.37,90.589,11.655
49.737,16.055,80.802,33.711,55.784,31.647,85.561,12.002
48.351,16.028,79.476,32.938,48.908,28.705,85.189,13.344
47.062,16.985,104.773,36.966,43.329,13.572,88.608,-3.716
50.393,15.524,81.932,33.858,55.494,31.672,87.58,11.696
58.712,23.472,93.856,20.904,75.765,18.97,62.757,9.029
33.551,28.913,87.553,43.798,43.915,21.486,55.9,12.146
63.985,25.679,92.954,24.534,69.76,25.239,79.366,10.053
49.812,17.325,113.293,19.348,73.986,26.723,59.925,12.623
51.358,14.485,83.111,32.334,54.969,31.427,90.01,10.453
56.749,21.281,96.184,20.386,78.809,20.182,59.963,9.477
52.138,17.799,114.548,19.877,72.173,26.893,61.767,12.851
65.057,25.826,90.667,24.685,69.679,24.118,80.772,10.034
49.47,16.174,102.797,35.508,49.329,22.201,93.266,-0.044
48.664,15.368,81.05,33.739,54.13,31.119,89.505,11.896
32.43,29.892,90.241,44.773,41.21,21.072,52.553,11.679
49.879,16.068,103.371,35.689,53.511,25.215,95.369,1.145
51.152,14.965,83.136,33.699,54.761,31.434,88.065,11.158
47.747,14.532,78.062,26.684,33.041,15.593,83.098,14.177
49.618,17.05,81.71,35.353,57.993,33.65,84.239,11.239
49.482,15.893,80.449,33.714,53.86,31.577,85.611,11.74
65.581,23.092,96.738,22.565,68.376,28.058,85.21,11.601
62.499,26.488,91.975,23.2,71.414,19.117,71.004,9.026
47.336,15.064,89.6,27.924,35.602,12.168,84.797,4.603
58.887,16.743,90.07,31.77,65.649,34.853,91.003,9.692
49.289,17.128,79.783,35.1,55.46,32.667,84.898,11.841
31.178,17.915,142.941,32.649,63.389,24.165,59.551,10.731
35.063,20.815,145.8,34.218,60.484,22.363,67.624,9.731
50.273,14.196,82.955,31.573,50.156,28.949,91.846,10.646
50.271,17.193,82.023,35.769,59.731,33.487,85.146,10.743
37.513,22.796,81.984,36.122,36.866,21.342,67.829,16.954
56.942,24.081,125.5,23.975,59.964,23.546,85.526,11.209
49.514,15.754,80.004,33.473,51.583,31.003,87.039,12.086
47.53,15.316,88.493,27.68,34.924,11.039,83.825,4.799
48.837,23.901,85.668,39.41,69.965,30.952,71.747,5.743
46.926,15.539,77.238,27.002,32.187,17.611,84.989,15.25
58.464,22.362,123.534,22.078,62.565,24.786,82.845,11.902
31.508,34.083,96.69,55.675,53.368,20.287,38.523,3.808
48.63,16.425,81.663,35.042,55.935,31.813,84.169,11.759
64.912,25.129,93.682,23.574,68.57,25.109,78.475,10.188
52.386,18.115,111.435,19.314,73.844,26.705,63.234,12.606
33.669,12.467,128.403,23.003,75.902,26.707,40.998,12.94
65.24,26.395,91.277,24.814,70.055,21.671,74.253,9.386
51.933,17.73,116.044,20.325,71.426,26.591,65.055,12.945
48.017,17.66,81.726,35.849,55.07,32.1,82.625,11.88
49.465,23.794,135.766,28.877,58.411,22.075,81.202,9.716
50.671,15.513,80.915,32.738,53.565,30.581,86.898,11.655
62.782,22.517,108.204,18.565,66.877,26.528,79.249,13.366
49.037,16.119,81.854,33.05,53.062,30.18,88.162,12.31
65.854,21.902,102.198,22.801,64.435,29.621,91.251,11.622
58.634,23.157,95.005,20.7,75.878,18.773,62.524,9.582
64.144,26.472,90.82,24.134,71.624,21.627,72.803,9.266
58.75,24.451,91.352,23.641,77.558,16.575,61.768,7.87
32.189,15.532,136.722,27.917,68.372,25.948,52.402,12.53
64.68,26.319,91.085,23.63,70.934,23.12,75.565,9.565
61.14,22.713,116.397,20.767,63.027,25.468,83.782,12.331
65.28,22.785,105.444,18.716,67.504,26.99,81.334,13.361
65.087,25.024,94.341,23.397,70.283,25.141,79.932,10.692
60.54,24.982,91.865,23.818,75.974,16.074,64.199,7.705
47.965,17.872,80.01,35.979,55.745,31.332,81.18,11.701
51.463,17.736,110.118,18.966,76.839,26.047,59.136,12.16
57.738,23.322,124.645,22.367,59.153,24.292,84.588,11.415
43.937,26.228,86.112,46.436,66.502,28.019,66.456,3.825
48.936,16.309,79.617,32.832,47.84,28.265,84.08,13.587
65.839,23.212,95.48,22.647,67.354,27.759,84.446,11.476
58.302,22.382,94.731,21.808,77.834,18.857,59.719,8.925
49.981,15.954,103.254,35.926,52.931,23.633,93.03,0.685
46.624,18.252,80.72,36.377,54.72,30.801,78.994,12.283
52.209,23.518,132.101,27.288,58.129,23.102,83.361,10.469
47.557,15.805,95.578,30.362,34.36,10.621,84.669,1.417
31.652,14.718,135.728,27.641,70.029,26.254,49.043,12.311
47.327,14.773,86.27,27.279,32.813,11.149,84.619,6.501
52.457,24.232,132.483,28.782,57.686,22.148,82.559,10.018
51.268,16.35,102.142,34.756,54.238,27.107,96.162,2.689
32.209,29.35,88.344,44.967,42.366,20.531,53.876,12.014
65.482,22.23,98.234,22.398,65.379,29.647,89.152,12.056
46.962,18.176,80.984,34.973,51.113,29.962,82.418,13.132
32.508,15.269,135.894,26.987,71.181,26.336,50.908,12.575
66.08,22.144,97.873,22.899,64.003,30.034,90.745,11.677
65.982,24.092,94.778,23.488,68.013,26.321,83.101,11.117
48.602,15.014,85.776,26.805,33.624,13.821,87.156,8.658
33.522,33.829,97.174,56.295,55.301,20.378,38.832,2.205
52.85,18.289,104.467,18.449,76.402,24.762,61.007,12.38
31.489,34.396,97.831,53.837,48.415,19.404,39.39,5.626
48.614,16.201,80.275,34.454,56.124,32.138,85.127,11.829
47.318,16.645,105.758,37.418,42.894,15.622,91.198,-3.515
50.062,15.202,81.559,33.188,55.247,32.191,88.766,11.397
56.683,22.815,125.558,23.775,60.792,24.135,81.857,11.866
50.327,14.378,81.484,32.081,53.82,29.993,90.124,10.904
57.823,21.061,97.574,19.904,77.091,21.288,60.079,10.157
47.479,17.513,80.881,35.425,55.228,31.962,83.094,11.615
61.531,26.729,90.663,25.167,73.94,16.252,63.538,6.937
55.712,19.146,87.972,33.078,67.387,34.506,83.776,9.307
49.555,16.108,80.632,32.345,47.702,29.461,84.646,12.908
55.973,23.332,124.037,22.924,60.871,24.54,83.792,11.544
50.137,14.834,81.408,33.376,52.742,30.527,90.126,10.861
48.559,15.349,84.453,25.811,30.823,11.58,86.048,8.432
66.538,22.17,102.49,22.809,63.261,29.817,90.702,11.845
51.469,14.635,82.785,31.7,50.823,28.629,91.609,10.417
50.046,15.356,83.156,33.729,55.417,31.595,86.935,11.232
47.768,17.632,80.813,35.163,52.976,31.382,81.108,12.78
51.196,13.893,83.249,32.088,53.391,30.006,89.681,10.498
65.733,22.525,97.107,22.113,65.366,29.573,88.251,11.843
49.346,15.52,81.536,32.905,54.092,31.768,87.462,11.39
46.914,14.583,83.752,26.112,33.02,12.701,84.57,9.744
39.02,29.419,89.982,51.607,65.996,24.718,54.822,1.745
51.472,14.709,82.72,33.152,54.089,32.013,91.097,10.484
35.089,20.664,144.528,34.075,60.409,22.581,65.846,9.874
53.823,18.311,111.912,19.266,75.999,26.144,60.678,12.769
66.031,24.686,96.183,21.859,69.399,25.909,80.709,11.036
48.717,15.762,80.041,33.97,51.573,30.748,86.654,12.592
35.118,11.165,118.729,20.355,80.626,25.392,36.268,13.462
33.012,19.161,143.752,32.956,63.386,23.372,62.935,10.307
63.994,22.024,106.325,18.92,67.699,26.559,79.429,12.996
31.217,18.677,143.862,32.812,63.193,23.644,60.331,10.451
64.307,27.048,91.16,23.592,71.472,19.56,71.36,8.991
48.037,16.998,80.049,34.908,51.99,29.869,83.056,13.077
55.239,19.509,101.58,18.535,76.874,23.573,59.442,11.308
40.068,21.572,143.545,32.667,58.653,22.182,71.649,9.121
58.152,22.608,94.539,20.718,76.834,18.953,61.202,9.183
55.285,23.488,126.247,24.593,58.164,23.486,82.959,10.882
31.788,34.002,96.133,56.666,55.846,19.342,38.668,2.01
62.402,27.066,90.15,24.151,73.135,17.6,67.499,8.084
47.73,24.284,84.442,42.823,68.646,30.643,68.285,5.453
62.962,27.074,93.095,23.729,72.28,17.783,68.851,7.881
53.29,19.977,83.725,35.796,68.628,34.114,82.257,8.824
47.371,18.277,80.369,35.612,52.445,31.009,81.544,12.311
49.326,15.724,80.922,33.805,54.139,31.291,86.533,11.855
33.772,19.137,141.414,32.239,63.305,23.04,63.282,10.831
59.023,21.882,97.754,19.062,74.433,21.572,64.511,10.327
49.003,14.376,79.635,26.051,31.906,13.785,85.21,11.421
62.85,22.624,113.017,19.611,63.868,26.953,82.405,13.037
50.897,15.628,100.631,34.295,53.201,26.485,94.48,2.561
65.637,23.469,95.119,22.716,68.501,28.383,85.079,11.523
33.661,33.228,95.129,56.769,58.562,21.344,39.875,2.12
50.191,14.772,81.507,33.949,55.151,31.634,88.64,10.96
56.71,15.962,92.535,31.432,61.819,34.089,95.582,8.679
62.929,27.355,90.562,25.319,74.809,15.812,65.352,7.644
66.583,23.351,96.381,22.98,66.874,29.069,86.062,12.027
47.813,17.236,81.573,35.384,54.192,31.749,83.456,11.722
33.145,11.52,124.532,21.415,77.246,26.198,35.704,13.627
31.81,17.363,139.957,30.273,65.821,25.345,58.395,11.52
34.355,14.561,132.058,26.442,71.224,27.306,48.638,13.139
47.998,22.798,84.45,41.06,68.753,31.484,73.082,6.249
62.685,26.985,89.27,24.389,72.574,18.648,68.499,8.136
65.208,26.721,91.207,23.403,71.133,21.871,77.048,9.504
50.674,15.135,80.761,32.492,51.552,30.241,89.556,11.736
50.124,24.294,134.79,29.503,58.22,21.894,81.62,9.513
33.843,13.227,129.426,23.367,74.164,26.835,44.055,13.302
64.691,27.623,89.957,25.302,71.015,21.171,72.432,8.506
50.165,15.079,81.75,33.405,52.898,30.483,87.843,12.272
50.819,15.297,80.237,34.268,55.998,32.163,88.972,11.52
59.394,23.241,121.142,22.013,62.311,24.305,86.015,11.962
48.369,17.168,81.938,35.335,55.369,32.057,84.553,11.778
48.175,16.62,80.547,34.901,57.03,32.345,85.465,12.141
62.625,27.587,89.665,25.69,72.292,15.222,66.755,7.144
38.666,29.41,87.213,50.578,65.256,25.793,55.769,2.152
36.927,23.469,83.426,37.62,38.162,22.211,67.488,16.343
54.815,24.44,129.185,26.709,58.573,22.058,85.92,10.345
51.608,17.277,115.238,19.769,74.243,26.979,59.279,12.787
50.572,14.798,80.95,31.626,50.662,27.999,88.894,11.951
32.489,19.322,143.811,33.931,62.406,23.074,64.283,10.252
51.385,15.726,81.327,32.598,52.142,30.942,87.942,11.885
48.397,17.25,79.896,35.111,54.125,31.144,85.118,12.366
62.621,22.931,113.903,19.403,63.752,26.31,82.606,12.918
46.98,15.848,94.386,28.887,34.536,9.229,84.93,1.463
32.38,31.264,92.259,47.662,46.741,21.706,48.535,9.148
66.492,22.235,99.992,23.218,62.729,29.766,90.695,11.931
49.488,15.057,81.719,32.852,52.143,29.858,87.722,11.834
51.955,17.45,107.904,19.172,76.331,25.887,56.487,12.079
49.477,23.199,84.892,40.351,69.208,31.074,73.408,6.168
50.595,23.612,131.701,27.812,60.493,22.849,80.744,10.418
48.88,15.551,79.655,33.014,49.803,29.179,85.381,13.329
47.258,16.547,104.451,36.281,46.306,17.366,89.83,-2.348
53.47,18.081,103.64,19.087,76.652,24.227,57.001,11.341
48.901,16.466,81.723,35.508,55.919,32.63,84.2,11.791
34.193,26.938,86.27,40.795,38.424,20.909,57.802,15.353
64.287,22.481,107.159,18.117,66.909,26.414,80.508,13.321
61.048,24.212,93.353,22.445,76.538,17.972,62.812,8.541
44.436,23.291,139.215,31.758,59.549,21.041,77.449,9.311
63.95,25.69,91.585,24.194,70.181,23.968,78.404,9.625
46.699,18.294,81.438,35.601,54.85,30.739,81.509,12.287
57.629,22.672,95.158,21.403,77.8,19.011,62.282,8.848
49.941,16.282,80.156,34.357,51.459,30.491,84.848,12.502
47.268,14.945,78.686,26.009,31.439,15.835,83.082,14.151
62.506,27.185,91.64,23.638,73.055,17.53,67.131,8.242
53.488,23.867,131.046,26.521,59.129,22.71,81.881,10.563
50.382,16.011,104.159,35.387,51.66,22.444,95.267,0.143
53.518,19.729,85.971,34.932,69.601,34.328,83.055,8.697
34.226,16.541,137.996,29.144,67.812,26.006,54.902,12.248
60.2,26.556,91.091,25.119,74.179,16.098,66.12,7.594
49.109,16.007,103.813,36.613,48.659,20.64,93.363,-0.716
63.138,27.342,92.816,24.701,72.03,18.631,70.954,8.175
47.561,14.791,84.29,25.5,32.839,12.918,83.743,9.771
58.413,25.184,91.13,23.982,77.144,15.945,60.345,7.163
64.719,26.346,93.184,23.524,71.207,20.969,74.674,9.15
49.397,15.942,80.321,33.475,53.365,31.433,86.089,12.384
49.473,16.642,81.835,34.328,55.702,31.49,86.462,12.336
47.922,17.413,80.74,35.377,53.917,31.817,83.399,12.301
49.373,16.071,81.243,33.398,54.718,30.58,85.688,12.111
47.698,16.054,98.684,32.621,36.969,11.242,84.784,-0.595
61.861,27.287,90.491,24.838,73.431,16.598,67.529,7.918
47.611,17.106,104.747,35.583,39.252,9.969,84.848,-4.916
51.297,14.825,81.833,33.64,54.157,31.643,89.647,10.858
59.889,23.76,94.42,21.544,74.442,18.665,61.16,9.124
63.743,22.46,109.634,19.348,65.22,26.542,83.893,12.948
50.402,15.173,81.777,32.49,52.289,30.235,89.97,11.257
38.709,22.638,144.751,33.948,57.348,21.02,73.31,9.101
51.81,14.74,83.359,32.377,51.609,30.296,90.483,10.978
48.476,15.941,99.704,32.385,37.796,9.674,83.632,-1.432
33.14,28.071,87.589,42.516,40.28,21.464,57.028,13.714
47.463,14.845,78.591,25.545,30.096,14.489,83.698,13.338
53.707,23.051,128.367,24.931,62.652,24.383,80.738,11.139
47.898,16.976,80.493,34.232,54.871,31.033,84.399,12.248
49.608,15.485,82.054,32.835,54.876,31.4,87.69,11.331
60.02,22.891,117.41,21.991,62.026,25.815,83.86,12.268
49.729,14.703,80.736,31.379,48.654,27.238,87.444,12.114
47.212,24.116,136.95,30.726,57.901,20.31,81.966,9.489
49.119,16.545,105.119,35.926,49.163,20.156,92.536,-1.295
66.141,25.502,93.112,24.119,70.004,23.988,78.685,10.609
62.375,26.037,91.179,23.234,73.053,17.834,67.357,8.35
66.27,23.628,95.201,22.617,68.187,27.919,84.003,11.852
64.313,27.103,89.724,25.302,72.469,19.809,72.406,8.754
41.323,22.152,142.524,31.573,60.579,22.452,72.464,9.719
65.64,24.548,94.07,23.296,70.218,25.834,79.31,11.017
50.871,14.481,83.724,32.557,55.125,31.002,89.942,10.367
34.851,11.469,119.474,20.705,78.049,25.556,35.916,13.413
56.527,18.556,85.899,33.019,67.851,34.789,85.417,9.277
43.751,16.884,75.408,28.153,34.164,18.854,80.148,17.528
31.529,18.909,145.275,33.949,62.212,23.262,63.996,10.143
62.828,27.296,89.444,25.039,73.776,16.055,66.448,7.434
49.672,15.769,80.953,33.608,52.838,30.696,85.994,12.438
34.212,22.018,149.272,37.533,57.171,20.393,71.915,8.58
67.239,22.548,98.712,22.563,66.187,29.373,85.815,11.678
51.294,24.088,132.848,28.145,58.879,22.328,80.711,10.077
48.241,17.881,81.793,36.498,59.415,32.352,81.866,11.192
47.635,16.892,79.649,33.841,50.942,29.465,82.624,13.499
56.296,16.007,93.352,31.659,61.428,34.227,94.366,8.296
50.042,15.683,80.421,32.975,54.485,31.835,86.439,12.102
54.109,17.586,109.598,18.68,73.605,26.171,62.06,12.855
48.854,15.824,79.645,33.231,51.579,30.777,85.34,12.54
60.536,23.142,118.981,20.706,62.092,25.778,84.377,12.298
64.431,26.956,90.163,25.676,69.485,20.628,72.174,8.476
60.797,26.859,90.692,25.552,76.986,14.624,62.53,6.632
50.01,17.22,115.542,20.394,74.174,27.246,61.229,12.76
57.057,16.191,91.261,30.836,63.648,34.075,93.872,8.645
34.241,18.354,141.386,31.135,65.76,24.094,59.553,10.932
29.897,33.307,95.765,52.088,48.174,20.59,42.691,6.237
42.03,18.975,77.632,31.21,31.233,19.562,73.855,18.571
47.908,14.961,87.602,27.178,34.355,11.774,87.056,6.339
65.07,25.071,92.339,23.799,68.844,25.833,79.312,10.636
63.622,26.927,92.506,23.67,72.594,18.041,68.981,8.619
31.002,33.316,95.493,51.291,46.799,19.232,42.72,7.277
56.563,22.994,124.392,23.656,61.669,24.455,83.138,12.01
50.061,16.074,105.348,36.812,50.344,21.737,92.293,-1.158
44.613,22.936,141.094,31.63,58.425,21.147,76.154,9.457
49.728,15.871,78.417,33.026,52.381,30.834,87.002,12.194
34.52,19.401,143.76,33.143,62.854,23.222,63.727,10.366
48.411,16.616,80.386,33.615,52.931,30.578,84.287,12.773
47.717,14.96,84.509,26.556,32.117,10.742,83.692,7.62
47.288,15.888,95.136,29.941,36.971,9.941,85.271,0.919
64.032,26.335,91.144,24.604,71.394,22.817,77.63,9.582
64.915,21.85,102.838,23.595,62.295,29.364,94.179,11.687
58.199,23.159,122.467,22.757,60.686,24.679,84.011,11.497
41.775,18.621,76.367,31.159,33.944,20.51,73.529,18.512
32.925,18.419,143.93,32.221,64.518,23.96,58.739,10.957
46.804,17.729,81.225,35.454,53.909,30.257,81.331,12.932
61.889,26.192,91.28,23.071,73.501,18.166,66.444,8.472
65.856,22.04,99.093,22.329,65.784,29.544,88.646,12.163
37.466,23.347,146.04,36.095,56.591,20.037,74.807,8.978
50.486,14.974,82.342,32.872,54.69,31.046,88.333,11.212
64.65,26.184,91.269,24.802,70.635,21.253,74.025,9.026
35.976,21.033,143.867,34.591,59.543,21.991,66.329,9.477
29.383,33.621,94.871,50.092,43.026,18.897,42.423,9.095
65.657,23.373,95.239,22.683,68.338,28.301,84.507,11.372
47.488,16.635,104.801,36.07,41.451,12.552,83.67,-3.241
65.008,26.897,92.942,24.116,72.009,20.373,73.382,9.287
50.692,15.395,81.6,33.802,54.231,30.946,88.481,11.329
49.455,15.052,91.404,28.982,36.826,11.207,87.753,3.454
46.435,15.493,75.719,26.838,31.005,16.997,81.698,16.244
34.166,11.503,121.103,20.034,79.306,26.011,37.095,13.48
31.949,12.008,128.604,23.213,76.553,26.131,39.815,14.027
50.196,15.878,80.608,34.111,55.07,32.439,87.242,11.571
50.081,15.298,82.386,33.213,54.787,30.975,89.089,11.683
52.5,18.05,106.747,19.432,77.719,25.137,59.654,12.122
51.392,14.876,83.796,32.243,55.79,31.495,90.367,10.5
50.479,17.611,109.955,19.16,75.21,26.449,60.274,12.647
55.248,23.5,127.296,24.482,59.296,23.329,84.387,10.845
32.166,31.775,91.847,48.195,47.2,20.801,49.886,9.706
50.412,22.391,84.945,38.555,68.545,31.788,76.695,7.26
47.979,16.945,81.592,35.617,56.561,32.111,83.665,11.853
50.138,15.783,82.386,33.961,55.162,31.939,86.004,11.711
33.455,18.538,142.927,32.988,64.387,23.722,62.239,10.765
56.944,22.759,121.555,21.976,62.685,25.564,81.82,12.103
62.909,27.031,91.275,24.643,70.456,20.574,74.145,8.339
50.833,17.803,118.612,20.568,71.351,27.825,64.676,13.069
47.182,17.537,79.989,34.707,52.129,30.711,82.332,12.76
55.437,19.15,101.003,19.845,76.908,23.307,57.764,11.212
51.174,18.044,118.497,20.241,71.386,27.639,65.665,13.354
31.775,11.459,127.158,21.361,77.823,25.445,33.344,13.941
47.927,16.731,82.2,35.445,56.098,32.547,84.455,11.467
33.658,27.988,86.451,41.441,39.194,20.591,57.943,14.767
33.264,12.367,125.209,22.571,77.999,26.646,38.831,13.133
48.498,15.558,80.324,33.347,53.904,31.03,87.018,12.247
48.537,17.131,81.285,35.58,53.783,31.543,82.763,12.754
47.401,16.648,105.01,35.906,39.437,10.929,85.613,-4.185
35.044,10.909,119.843,20.239,80.683,25.782,33.695,13.15
55.651,20.922,98.465,19.84,77.774,22.903,58.915,10.616
37.955,20.995,80.947,33.685,34.123,20.213,68.952,18.582
50.885,16.006,101.135,35.271,53.393,25.319,95.551,1.819
31.334,34.602,96.828,53.114,48.776,19.54,40.711,5.806
31.867,14.258,134.051,26.143,71.2,26.595,46.431,12.816
50.287,14.27,84.888,31.655,53.233,29.321,91.016,9.997
48.863,17.052,79.315,35.035,55.35,31.86,84.792,12.082
40.891,22.592,142.307,33.178,56.957,20.583,73.722,9.382
47.847,16.791,81.735,34.448,54.285,31.686,86.413,12.223
60.93,23.263,119.948,21.447,61.804,25.128,85.274,12.12
36.28,31.119,92.544,54.846,63.061,22.327,48.814,0.958
60.12,23.957,94.533,21.493,75.596,19.974,62.075,9.428
64.313,26.223,91.996,23.482,70.648,23.218,78.809,10.031
32.569,32.804,93.812,55.243,56.873,21.884,43.374,2.334
44.873,24.462,85.93,43.751,69.177,29.77,68.079,5.06
54.45,16.023,96.548,32.987,60.266,30.656,94.608,5.666
39.79,21.255,138.803,31.399,60.97,23.114,71.083,10.224
46.686,18.019,81.256,36.271,54.178,30.956,82.102,12.095
53.351,17.711,105.964,18.838,75.245,25.427,58.868,12.077
60.03,22.62,118.928,20.658,61.593,25.626,83.765,12.264
30.534,15.6,140.147,30.654,66.986,25.523,53.208,12.138
50.375,15.215,82.368,33.839,55.721,32.37,87.813,11.474
51.07,17.345,117.249,19.987,72.303,27.371,62.732,13.287
32.104,16.334,139.528,30.004,67.821,25.557,52.37,12.077
50.778,17.344,115.636,20.359,72.925,27.314,61.389,13.052
55.568,23.127,123.741,23.739,60.736,23.904,82.465,11.684
32.208,12.52,131.201,23.643,74.103,26.719,40.476,13.641
47.313,18.083,81.679,36.262,55.651,32.123,82.443,11.953
48.361,15.682,96.762,31.758,35.992,9.982,86.985,-0.503
38.407,30.47,91.003,53.329,63.927,24.038,50.615,1.519
61.758,27.25,89.737,25.04,74.567,15.848,66.862,7.349
56.198,22.984,122.845,23.264,59.38,25.47,83.508,11.861
48.028,17.673,81.554,35.585,56.736,32.081,82.978,11.544
47.345,16.925,78.871,33.18,51.158,28.966,83.604,13.478
65.442,22.809,106.576,18.239,66.571,26.869,80.97,13.213
45.173,18.255,81.385,36.092,53.769,30.182,82.264,12.741
47.037,16.881,105.539,35.246,39.409,10.746,85.686,-3.901
59.772,25.819,88.917,24.107,75.457,15.842,61.316,6.962
59.929,22.958,116.041,20.104,62.509,25.642,83.685,12.616
51.651,14.276,82.821,31.247,50.185,28.479,90.136,10.975
37.137,21.663,142.216,33.361,61.506,22.8,69.222,9.389
49.532,16.087,81.533,34.046,53.258,30.956,88.681,12.36
50.002,15.762,80.836,34.149,56.558,32.742,85.325,11.644
59.36,24.087,92.874,22.327,76.422,17.943,62.945,8.655
49.385,16.435,81.381,34.396,53.367,30.94,85.717,12.432
35.378,22.132,148.622,36.192,58.879,20.825,69.909,8.749
46.21,17.973,81.699,36.846,57.505,32.785,83.431,11.916
58.125,22.97,121.045,22.285,62.817,24.512,84.364,12.334
50.376,15.628,80.858,33.569,53.501,31.318,87.09,12.085
50.57,15.654,80.397,33.036,53.427,30.287,86.68,12.056
43.264,24.581,141.42,34.384,53.864,19.379,77.983,8.114
39.976,22.689,146.474,35.056,58.59,20.052,74.277,8.535
47.875,15.068,87.045,26.013,32.887,11.828,86.715,7.769
63.903,22.717,112.294,19.236,66.107,26.976,81.456,13.131
49.948,16.015,80.026,34.098,53.429,31.885,87.828,12.19
41.808,19.015,76.512,31.951,34.438,20.123,74.393,18.479
38.529,30.484,91.761,52.705,63.911,24.008,51.398,1.382
53.209,23.744,133.035,26.57,58.606,22.553,82.148,10.364
46.684,17.435,80.684,35.499,51.371,29.536,79.838,12.933
31.061,13.603,133.582,25.706,72.589,26.036,44.505,13.4
57.455,16.477,89.636,31.62,64.157,35.065,92.273,9.76
49.478,16.955,79.566,34.645,52.405,30.08,84.307,12.675
60.745,26.139,91.404,23.396,74.541,16.585,66.253,7.41
66.534,22.521,99.637,22.961,64.148,29.774,90.121,11.884
50.426,16.576,104.271,35.691,52.099,23.511,95.261,0.07
48.917,16.061,80.045,34.068,51.778,30.995,86.628,12.314
48.939,16.997,81.338,35.446,54.762,32.387,83.525,11.617
66.802,22.148,101.482,22.466,64.008,28.641,91.606,12.158
65.687,22.158,101.186,22.97,64.134,29.36,90.38,11.805
48.843,16.802,79.438,34.772,49.905,29.239,84.87,13.527
34.261,12.242,125.647,21.932,77.758,26.484,39.103,13.649
34.658,11.655,117.076,20.024,79.942,25.512,37.036,12.905
50.077,15.287,83.883,33.416,55.369,31.947,88.227,10.602
36.987,19.044,140.515,31.071,63.868,24.436,63.235,11.18
28.71,15.904,141.822,30.92,67.156,25.507,52.622,11.964
50.466,15.075,82.249,32.82,53.637,30.932,90.461,10.856
51.039,21.525,83.92,39.072,68.675,32.674,78.972,7.897
61.961,25.509,91.1,24.469,74.488,16.735,63.768,8.152
49.567,16.075,81.113,34.836,56.569,32.936,86.307,11.382
49.103,15.842,81.821,33.857,53.833,31.556,86.889,12.183
53.271,18.252,107.423,19.029,75.912,25.976,59.307,12.835
50.418,14.985,82.126,31.788,50.714,28.579,89.68,11.484
34.433,16.924,136.273,28.589,67.679,26.084,54.789,12.163
31.063,18.868,144.683,33.757,63.866,22.825,62.781,10.551
51.967,14.737,82.38,32.109,53.28,30.732,89.623,10.536
47.878,17.397,80.445,35.564,51.51,30.004,83.188,12.973
49.749,14.806,80.851,32.264,51.228,29.126,87.788,12.38
48.961,15.414,79.169,31.862,48.568,28.489,86.271,12.56
47.981,17.427,81.984,35.841,58.756,33.059,81.062,11.341
32.362,15.521,137.024,28.136,69.45,26.471,52.047,12.452
33.17,13.376,130.284,24.253,74.333,27.392,43.619,13.211
46.149,14.425,80.93,25.009,28.361,9.875,82.129,10.032
53.129,16.163,98.36,34.015,57.642,29.082,94.006,4.501
47.37,16.714,81.251,33.863,53.219,30.361,84.804,12.839
30.297,34.597,96.374,54.315,50.024,19.453,40.729,5.358
64.65,24.525,92.858,22.589,68.692,25.633,79.761,10.853
64.672,25.63,92.027,23.364,71.475,23.534,80.074,10.24
45.399,16.154,74.681,28.252,34.481,18.721,80.519,17.12
57.096,17.983,83.695,33.394,66.132,34.848,87.179,9.518
63.545,26.971,90.752,23.898,73.593,20.2,70.611,8.921
52.042,23.024,129.938,26.265,59.193,22.742,81.359,10.805
52.166,17.987,110.705,18.866,74.31,26.395,62.059,12.389
50.733,17.192,114.608,19.409,74.139,27.195,60.021,12.901
48.084,17.159,103.24,34.893,36.465,9.5,83.264,-4.201
48.494,17.234,81.131,34.853,53.672,31.622,82.569,12.436
48.462,16.252,105.707,36.68,45.566,17.784,91.345,-2.389
43.481,23.393,140.108,31.673,58.04,20.969,76.294,9.14
37.044,21.956,145.13,34.475,58.757,21.739,71.365,9.245
47.176,16.324,99.655,31.501,32.998,6.299,83.318,-2.471
39.349,21.716,142.157,33.234,59.811,22.068,72.753,9.749
48.089,15.74,96.837,30.18,35.599,8.676,83.962,-0.075
48.514,16.366,106.944,36.142,39.625,10.81,84.878,-4.357
49.532,15.848,80.829,34.846,55.346,31.902,87.931,11.584
56.093,16.396,90.918,31.262,64.79,34.094,92.165,9.477
32.326,14.439,133.496,25.346,72.43,26.34,45.484,13.034
32.944,13.438,129.464,23.93,74.18,27.086,43.775,13.507
29.989,35.18,98.724,54.988,48.935,19.876,36.696,4.666
49.741,16.088,83.736,35.261,59.917,33.97,86.572,10.76
52.039,17.476,108.619,18.922,74.665,26.051,61.781,12.912
64.687,21.88,100.279,22.057,64.364,29.405,91.417,11.916
49.815,15.265,81.341,32.681,52.019,30.724,88.996,11.931
49.613,14.3,83.528,31.202,52.849,29.807,91.586,10.695
39.365,22.563,143.224,34.216,57.129,21.472,71.495,9.352
45.43,25.312,86.207,45.514,66.963,29.112,65.569,4.412
42.758,27.661,87.074,47.617,67.53,26.87,61.385,2.946
62.955,27.399,90.747,24.296,73.558,18.23,71.573,7.782
48.736,16.81,79.524,35.439,54.441,31.68,85.396,11.782
49.198,15.403,91.46,29.116,36.069,10.844,84.993,2.793
48.684,15.812,102.601,36.121,50.017,20.987,92.298,-0.323
64.214,22.512,110.389,19.002,65.058,26.641,80.437,13.438
53.786,15.883,98.388,32.868,57.801,29.946,96.316,5.389
61.685,26.339,91.693,23.693,75.032,16.516,64.68,7.998
62.062,22.839,111.207,19.242,62.807,26.357,83.106,12.956
58.972,23.082,95.67,20.868,76.621,20.624,62.642,9.868
49.308,17.0,81.019,34.817,55.025,31.643,85.503,12.345
48.46,16.322,102.822,36.253,49.337,21.796,95.642,-0.294
33.281,29.704,89.856,44.705,43.07,21.318,54.659,12.248
61.725,26.5,91.632,23.345,74.826,17.087,65.251,8.184
34.315,26.802,85.765,40.547,39.705,20.98,60.704,14.883
54.531,18.172,86.023,34.261,66.628,34.763,84.154,9.535
48.031,15.495,92.724,29.909,34.221,10.519,84.449,2.064
65.256,23.915,95.651,22.543,68.809,27.619,83.891,11.507
65.543,22.466,100.908,23.093,64.756,29.605,89.812,12.121
59.67,23.054,121.407,21.66,62.449,25.244,82.281,12.576
62.432,27.765,89.72,24.891,72.773,19.151,71.017,7.928
61.564,22.625,114.939,20.555,64.16,26.137,81.538,12.884
56.706,16.821,92.846,31.478,62.437,33.538,94.327,8.68
54.131,23.315,128.236,24.461,60.252,24.388,81.48,10.994
52.64,17.643,110.895,19.861,74.672,26.507,59.972,12.673
48.005,16.386,81.007,34.737,53.08,30.643,85.909,12.654
52.317,24.461,133.639,28.028,58.328,22.166,82.841,10.163
49.97,22.224,86.176,38.943,68.133,31.608,77.689,6.893
47.826,17.99,79.96,35.519,54.681,31.434,82.154,12.091
44.06,15.559,73.632,27.52,31.339,17.652,79.353,17.01
38.694,21.278,140.114,31.95,60.37,22.618,71.287,10.073
55.841,16.714,86.481,32.409,64.93,35.4,89.067,9.55
33.901,11.163,121.86,20.875,79.219,25.136,34.293,13.657
48.525,16.555,79.646,34.365,52.998,31.289,85.807,12.345
51.009,18.203,113.475,19.667,72.162,26.838,62.938,13.058
48.803,17.051,80.424,35.174,55.559,31.936,85.423,11.842
44.297,19.808,80.627,38.159,54.044,30.357,76.139,11.695
48.139,17.013,79.397,33.595,49.708,29.573,84.537,13.457
64.72,26.767,92.377,24.575,70.626,21.592,75.522,9.215
50.061,16.171,81.11,33.212,53.808,31.22,84.126,12.231
36.053,24.212,81.844,37.966,37.325,21.383,62.736,16.945
53.268,19.596,84.094,34.635,68.486,34.493,83.308,8.536
46.98,17.229,81.715,34.015,50.598,28.633,82.454,13.506
48.148,15.669,82.152,33.308,52.707,30.722,85.849,11.829
51.491,15.074,82.589,33.43,54.564,31.125,88.005,11.243
65.282,25.406,93.341,23.64,70.546,24.383,79.768,10.591
50.493,15.347,82.034,33.529,53.621,31.201,87.826,11.762
39.634,21.495,80.008,34.192,38.133,21.857,71.575,17.806
48.12,17.148,80.369,34.875,52.713,31.28,83.701,12.712
61.151,25.189,93.078,22.943,75.046,17.716,63.535,7.966
49.221,23.854,135.302,28.816,56.865,21.65,79.408,10.178
46.93,14.934,79.902,26.016,31.769,13.989,82.763,12.012
48.631,24.217,137.469,30.554,56.289,20.693,81.676,9.093
52.597,18.611,106.925,18.694,76.315,25.674,59.555,12.458
51.104,14.849,82.48,33.514,56.044,32.251,89.315,10.931
53.28,23.663,129.469,26.922,57.253,22.589,83.73,10.52
62.585,22.824,110.369,19.745,65.565,26.513,81.995,13.465
32.423,14.482,135.097,26.672,71.328,26.952,47.321,13.008
48.258,14.978,90.21,27.613,34.176,11.4,83.988,4.619
60.347,25.781,90.41,23.915,74.846,16.291,63.911,7.613
49.21,15.248,82.422,33.299,53.794,32.49,86.361,11.563
49.701,17.134,79.92,34.257,55.799,31.739,84.9,11.921
50.564,15.157,82.438,33.148,53.119,30.91,86.763,11.829
47.954,15.767,93.328,30.162,34.725,10.379,86.662,1.921
50.504,16.027,81.506,34.319,55.822,32.121,86.572,11.904
57.506,22.033,95.39,21.639,77.696,18.572,59.642,8.937
47.548,18.166,80.718,36.526,59.69,32.391,79.305,11.549
33.45,19.467,144.695,33.377,63.615,23.296,64.356,10.411
64.832,26.633,92.28,23.015,71.679,20.494,72.644,9.236
48.745,16.239,81.035,34.945,53.991,31.663,83.735,11.952
50.567,15.904,80.263,33.73,55.647,31.857,87.317,11.96
33.738,12.452,129.747,22.597,76.523,26.725,41.562,13.156
50.45,23.092,131.895,26.707,61.448,23.634,78.695,10.714
59.852,22.645,118.586,21.173,62.49,25.474,83.22,12.701
54.356,19.453,98.918,20.158,78.088,22.102,56.87,11.177
55.409,21.426,96.444,20.873,77.984,19.071,59.941,9.27
49.221,16.758,79.423,34.818,54.401,31.811,85.881,11.717
66.076,22.862,96.666,22.642,66.949,28.908,85.201,11.983
51.105,15.317,81.613,33.112,53.879,31.3,88.968,11.507
47.7,16.994,80.299,34.107,53.351,31.157,82.884,12.816
61.309,24.012,93.732,21.865,75.136,18.219,63.531,9.326
65.199,22.044,102.017,22.845,62.939,29.833,88.916,11.668
66.375,21.888,100.572,22.623,65.893,29.107,88.693,11.826
50.344,15.644,81.034,33.456,55.209,31.449,86.457,11.836
49.239,15.845,80.002,33.59,53.869,31.762,86.099,11.901
58.016,22.91,94.894,21.5,77.079,18.551,59.224,9.009
52.584,18.329,108.405,18.768,74.254,25.501,60.966,12.958
51.212,14.486,83.673,33.661,54.188,30.254,89.295,11.011
47.788,16.352,107.119,36.443,41.82,13.176,85.649,-3.712
35.859,11.649,117.487,20.35,80.914,24.707,35.422,13.08
48.662,16.918,80.779,34.765,55.512,31.173,85.038,11.829
65.013,23.273,95.747,23.541,68.288,28.549,84.827,11.131
62.519,27.103,91.57,24.304,73.169,16.749,68.305,7.59
55.351,23.279,127.207,25.242,60.207,23.748,82.488,11.221
30.282,34.361,96.957,54.445,49.198,19.611,39.529,5.218
47.465,15.093,87.339,27.15,34.907,11.345,85.596,5.977
48.92,23.773,136.324,29.377,59.163,21.683,81.051,9.801
32.522,33.346,96.25,54.643,53.999,21.193,42.196,2.959
31.577,15.579,137.334,28.452,68.537,26.228,51.524,12.541
60.466,26.279,90.408,24.092,76.989,14.967,62.853,6.744
50.828,14.475,83.337,31.764,51.621,30.459,89.367,10.857
47.28,17.524,80.144,34.604,52.265,29.699,82.672,13.33
58.768,22.692,119.309,21.643,62.493,25.484,83.34,12.402
35.616,24.796,84.367,39.223,38.498,21.004,62.526,15.758
50.12,15.656,82.121,34.339,55.392,32.699,88.313,11.776
53.396,18.227,111.984,19.016,73.537,26.176,63.898,12.872
65.521,22.058,101.503,22.943,63.725,29.737,92.371,11.816
40.733,20.417,78.737,32.352,33.988,20.621,72.084,18.726
57.711,21.749,96.376,21.305,76.647,19.687,59.981,9.201
39.855,24.542,145.62,34.996,55.958,19.172,78.958,8.547
30.128,14.784,137.631,28.211,69.721,25.188,49.851,12.435
65.032,25.825,93.168,23.63,70.916,23.745,76.631,10.174
54.043,16.108,95.686,32.916,58.939,31.937,95.588,6.551
63.707,25.754,91.201,22.901,74.27,17.706,67.278,8.261
31.795,32.726,94.64,52.247,50.714,21.508,44.546,5.956
31.874,19.185,144.989,33.402,63.624,23.495,62.938,10.343
61.685,22.86,115.587,19.506,63.376,26.112,83.334,13.037
62.511,22.533,113.484,19.372,63.424,26.473,82.819,13.358
36.234,12.024,118.875,21.596,79.003,26.016,38.893,13.273
61.097,26.158,91.278,23.67,74.975,16.627,65.362,8.081
58.306,24.214,92.028,22.207,76.558,17.736,61.503,8.479
46.994,17.376,80.535,34.237,50.599,29.976,83.82,13.098
49.22,15.569,80.63,33.54,54.453,31.783,87.219,11.469
34.26,11.628,123.282,21.558,76.95,26.477,39.149,13.376
50.843,16.321,102.845,35.2,52.567,23.604,94.053,0.552
47.782,16.053,103.75,36.5,48.473,20.148,92.258,-0.798
50.688,23.004,130.617,26.388,58.739,23.069,79.666,10.725
47.609,16.92,107.435,38.023,43.388,13.191,87.675,-5.237
33.281,18.692,142.893,32.649,63.426,23.34,61.824,10.518
49.667,15.763,92.462,28.282,32.816,9.101,84.32,2.366
34.338,20.174,143.241,33.969,62.288,23.04,63.579,9.86
49.147,16.45,80.58,34.434,54.938,31.659,84.526,11.787
63.121,26.895,92.506,23.55,72.906,19.38,73.031,8.688
51.093,23.642,132.463,27.817,58.907,22.283,82.433,9.934
30.992,33.936,96.853,52.659,47.233,18.916,38.492,6.737
45.218,24.262,141.115,31.479,55.984,20.758,78.847,8.808
66.03,22.613,99.49,22.483,64.754,29.77,88.618,12.315
44.656,25.056,87.059,44.09,68.233,29.736,69.548,4.827
38.016,22.451,79.242,35.429,36.518,20.355,66.479,18.072
44.645,22.508,138.536,31.442,59.24,22.39,76.653,9.537
65.716,23.416,93.993,22.685,68.148,27.207,84.236,11.647
45.716,14.982,79.592,26.234,30.99,15.182,82.46,14.12
30.646,17.469,143.484,32.796,65.103,24.011,55.226,10.885
65.045,22.551,106.257,17.783,68.008,25.946,79.043,13.384
63.663,26.725,90.365,23.846,71.857,18.669,70.126,8.635
52.376,23.956,129.598,26.277,58.283,22.754,84.529,10.738
42.023,28.317,88.138,50.048,66.728,26.118,56.119,2.129
48.442,16.511,102.458,34.593,39.544,11.069,85.319,-3.343
51.539,14.695,82.843,33.47,56.347,32.372,89.105,10.524
50.818,15.332,81.524,32.885,53.423,30.732,87.176,11.668
66.026,23.867,94.659,22.66,68.579,27.952,86.414,11.608
54.597,18.203,84.081,33.862,67.788,35.119,86.195,9.141
49.183,16.773,104.855,37.475,47.673,19.27,92.417,-1.74
58.809,24.345,93.369,22.108,75.885,18.201,62.575,8.451
34.943,26.014,84.969,40.0,38.693,21.014,60.814,15.675
48.397,16.276,103.411,35.026,42.41,14.21,87.801,-2.253
33.611,14.952,133.227,25.991,71.524,26.849,48.746,13.017
50.134,16.003,81.948,33.487,52.463,30.312,85.615,12.223
50.306,14.616,83.729,32.349,54.598,31.822,91.191,10.921
63.682,27.215,90.591,24.044,71.863,18.747,73.408,8.539
46.691,25.256,85.496,42.292,68.614,29.862,69.937,5.372
46.619,24.745,84.912,43.434,68.438,29.385,69.708,5.032
49.614,16.078,79.548,33.832,53.249,30.77,86.995,12.45
51.651,14.313,83.026,33.177,54.911,30.838,92.503,10.111
34.458,11.623,120.262,21.151,79.152,25.569,37.17,13.294
47.603,14.94,76.489,26.403,32.584,16.51,82.887,14.621
45.196,15.8,74.451,28.269,33.019,17.25,79.34,16.808
53.607,17.984,111.963,18.65,75.229,26.809,61.631,13.143
40.163,21.539,141.389,33.077,60.43,22.879,72.926,9.89
43.346,25.025,85.704,45.146,66.861,29.703,66.902,4.89
56.992,17.845,87.992,32.222,65.629,35.221,89.59,9.698
64.151,26.822,90.334,24.391,72.021,19.693,73.366,8.433
56.707,22.478,95.716,20.569,76.921,19.457,61.823,9.133
50.533,15.194,83.001,33.648,55.934,31.994,89.475,11.312
52.635,17.533,111.775,19.415,75.307,26.421,58.935,12.957
49.372,16.161,79.449,33.022,51.813,30.862,85.558,12.957
48.897,15.775,100.785,34.12,40.748,13.918,86.723,-1.941
32.881,18.908,142.409,32.561,64.46,24.004,62.649,10.698
37.667,29.464,90.306,50.75,65.368,25.466,54.525,1.888
58.459,22.889,95.173,21.185,75.347,19.699,62.494,9.563
42.907,23.429,140.641,33.226,56.971,20.72,76.566,8.816
31.346,32.566,94.56,52.937,53.072,21.92,45.105,4.425
32.859,32.595,94.616,56.201,57.577,21.856,44.27,2.066
54.721,17.971,85.591,33.281,67.32,35.231,86.637,9.415
52.111,16.381,100.992,34.982,53.762,25.996,96.593,2.222
35.949,30.841,93.911,54.178,63.253,23.883,47.473,1.697
61.163,26.346,91.104,24.333,73.692,16.754,65.049,8.147
49.852,15.536,81.557,33.542,52.11,31.46,85.881,11.776
50.271,14.612,82.476,31.663,49.125,28.031,88.314,11.553
64.615,22.389,100.29,23.121,65.103,29.049,89.496,12.365
63.878,26.549,91.73,24.681,71.723,20.081,73.783,9.046
40.452,19.061,77.215,32.306,33.208,20.129,73.163,18.794
63.505,22.632,110.954,18.6,65.248,25.929,81.355,12.915
31.436,30.217,90.684,44.958,41.381,19.919,51.294,12.268
50.637,14.97,82.478,33.142,52.457,30.346,91.15,11.221
33.026,17.895,141.077,32.389,64.75,24.587,58.904,10.802
52.054,18.317,117.919,20.788,71.801,27.148,64.237,12.732
66.957,23.337,94.336,22.658,68.409,28.124,84.222,11.352
34.174,19.077,143.48,32.53,63.54,22.916,62.892,10.67
31.295,32.255,91.914,47.746,44.741,20.272,48.378,9.806
64.238,27.425,90.479,25.124,72.737,19.265,73.157,8.321
45.594,16.086,76.124,27.382,33.147,17.903,81.389,16.7
58.367,23.762,92.702,22.494,76.887,17.606,60.795,8.248
33.843,20.038,143.42,33.463,61.516,22.574,67.246,10.316
54.704,23.489,129.022,24.257,59.527,23.376,82.607,11.304
53.774,18.54,104.438,18.826,77.557,24.532,59.172,11.701
49.776,17.63,114.671,20.628,73.633,27.222,61.031,12.856
50.1,15.942,81.702,33.897,56.504,32.4,85.34,11.485
64.542,27.112,91.858,24.376,73.294,17.924,69.202,8.247
32.099,14.924,136.532,26.892,70.291,25.814,49.909,13.117
47.613,15.414,87.837,26.035,32.637,9.673,83.239,5.508
53.616,15.834,96.414,33.46,59.402,30.879,96.403,5.717
50.044,15.654,79.144,32.388,51.309,29.985,87.635,12.12
53.9,20.078,83.674,34.431,68.419,34.108,83.462,8.84
33.264,18.84,144.298,32.557,64.056,23.496,60.765,10.71
31.389,12.122,127.625,22.628,76.313,25.981,38.456,14.233
32.212,33.134,95.041,54.326,54.598,21.118,42.604,3.102
53.272,15.843,101.072,34.129,55.583,27.593,96.175,2.888
50.31,15.115,81.177,33.243,54.878,31.383,89.487,10.95
32.301,12.659,129.724,23.67,75.183,26.543,42.755,13.495
34.932,32.545,93.825,55.433,61.281,22.423,44.867,1.128
35.966,11.76,123.296,20.923,77.293,26.271,40.713,13.332
64.323,22.591,113.246,19.387,65.336,26.714,83.077,13.328
49.982,15.066,83.9,32.96,54.727,31.894,91.028,10.799
48.343,16.088,105.168,36.098,45.497,16.294,89.725,-2.948
65.608,24.666,96.02,22.693,68.914,26.226,79.248,11.413
49.706,15.095,81.234,32.644,51.382,30.038,90.414,11.783
51.152,18.102,117.678,20.064,69.971,27.611,64.429,12.737
64.559,22.701,105.591,17.394,68.13,26.129,76.74,13.075
49.916,15.451,82.155,34.167,56.875,31.671,87.961,11.358
53.551,17.97,110.931,19.99,73.866,26.123,58.543,12.702
64.627,25.965,92.449,24.402,70.852,22.749,76.89,9.573
31.457,13.497,133.609,25.292,72.907,26.433,45.999,13.427
51.731,16.199,102.269,35.755,54.49,25.623,96.894,1.491
55.158,22.946,126.994,25.144,59.422,23.432,81.762,10.905
49.595,16.765,82.196,35.149,56.147,32.452,84.365,11.501
56.02,18.656,87.65,32.593,66.538,34.28,87.194,9.793
65.597,24.889,93.109,24.161,68.933,26.189,79.166,10.507
33.549,12.903,128.6,22.816,75.415,26.291,44.062,13.347
51.545,17.458,116.843,19.823,72.483,26.825,63.186,12.882
30.667,31.151,94.778,47.136,41.765,19.795,48.172,11.126
44.317,25.715,85.427,44.921,67.356,28.813,65.858,4.157
44.121,23.466,139.994,32.095,58.599,20.189,78.926,9.202
54.844,18.465,103.118,19.075,76.964,23.614,59.041,11.469
40.428,22.708,143.106,34.04,59.53,21.342,73.559,8.991
55.161,19.408,102.008,19.216,78.104,23.086,59.07,10.713
66.019,22.346,100.952,22.953,64.468,29.276,90.701,11.997
49.213,16.961,80.578,36.016,55.945,31.104,84.143,12.125
56.397,21.708,94.16,21.234,77.254,18.662,58.527,8.863
49.379,14.931,82.622,32.468,51.991,30.487,89.949,11.529
48.983,16.389,82.006,34.948,54.714,31.738,86.678,11.729
50.536,15.127,81.342,32.333,49.385,27.714,89.28,11.96
32.712,18.29,143.08,32.275,65.466,24.401,57.96,11.009
64.564,22.649,106.2,19.195,66.572,25.722,78.848,13.279
58.443,22.995,121.398,22.304,62.944,24.883,83.887,11.86
48.856,15.601,81.359,33.076,50.684,29.597,86.724,12.791
34.398,11.584,125.341,21.56,77.209,26.38,39.364,13.403
37.619,22.04,144.368,34.554,59.154,21.649,72.424,8.966
47.997,17.512,81.727,36.163,59.373,33.656,81.816,10.947
61.58,24.884,91.915,22.96,76.442,16.66,61.299,8.055
55.062,15.573,94.007,31.807,60.688,33.352,96.087,7.758
66.575,22.939,97.848,21.174,66.305,28.385,85.921,12.17
55.518,15.869,93.207,31.683,61.308,32.709,95.469,7.51
46.949,17.861,79.189,36.064,54.863,31.864,80.745,11.731
60.378,25.611,92.059,22.969,75.29,16.374,63.373,8.176
33.473,27.128,87.818,41.656,40.275,21.485,57.098,13.723
32.461,35.112,97.319,58.926,57.709,20.267,37.156,0.132
33.685,33.672,94.884,57.634,58.141,20.632,42.015,0.526
48.747,15.662,81.61,32.372,51.982,30.219,85.327,12.465
47.042,14.806,81.089,25.579,31.553,13.058,84.752,11.642
49.72,17.073,112.256,19.876,74.895,26.391,58.32,12.274
44.05,26.521,86.219,45.532,66.878,28.816,66.023,4.278
49.273,16.579,80.739,34.712,55.834,32.152,85.287,11.838
65.105,23.857,94.426,23.166,68.198,26.655,83.351,11.063
32.811,32.423,93.061,50.391,49.948,21.558,46.723,6.583
52.602,22.742,130.066,26.116,59.294,22.897,82.145,10.357
60.838,26.015,91.87,23.028,75.588,16.441,64.779,7.894
47.309,23.727,136.955,29.808,57.933,21.699,78.857,9.569
49.224,15.665,79.662,33.422,53.68,30.727,88.481,12.416
62.173,22.42,111.125,18.837,65.997,27.027,81.241,13.028
43.174,27.324,89.384,47.044,68.908,27.582,61.522,3.649
56.623,16.697,93.396,31.102,62.309,33.429,94.943,8.439
50.829,18.109,115.128,19.296,72.713,27.099,62.721,13.286
49.949,16.003,80.967,32.974,50.48,29.984,86.516,12.37
49.137,16.918,81.325,35.381,59.017,33.775,82.986,10.906
47.738,18.053,80.279,35.938,54.875,31.604,83.005,11.908
37.474,29.873,89.522,51.468,64.779,25.481,51.069,2.451
63.082,27.558,90.77,24.993,71.609,18.307,70.758,8.139
51.526,14.74,81.837,32.625,53.261,30.541,89.757,11.271
47.288,15.132,89.158,27.441,31.27,10.317,86.564,4.205
62.667,22.107,109.586,18.388,68.14,26.158,76.637,13.231
47.302,18.294,82.056,36.893,57.518,32.598,79.59,11.279
63.269,26.42,91.96,23.613,71.462,20.784,73.551,9.089
36.078,23.924,82.037,36.797,37.236,20.464,65.245,17.175
65.903,22.88,97.368,22.904,66.739,28.283,87.363,12.09
50.004,15.889,80.792,34.907,55.587,31.971,86.318,11.169
32.456,27.621,87.828,41.708,37.455,20.214,55.351,15.442
49.098,16.434,81.344,33.641,52.042,30.212,85.632,12.201
66.501,24.145,94.702,22.956,68.291,26.723,82.12,11.292
64.309,22.85,108.046,18.584,67.14,25.946,81.799,13.077
35.596,12.597,125.728,21.872,75.829,27.158,43.824,13.188
48.228,15.551,93.929,28.827,33.388,8.256,83.194,1.878
51.908,17.833,112.648,18.93,75.049,27.055,60.319,12.708
61.745,27.532,90.026,24.985,74.258,16.113,67.495,7.352
64.373,25.779,93.23,24.141,70.119,23.748,78.994,9.904
55.259,23.885,127.956,24.77,58.883,23.715,83.507,11.212
63.272,22.951,113.922,19.409,63.512,26.082,84.488,13.15
60.595,25.36,93.177,23.875,75.029,15.535,62.588,7.456
54.848,18.523,106.309,18.964,76.933,24.608,59.85,12.05
57.201,17.701,86.427,31.406,67.127,35.279,88.792,9.61
